Workbook

Sheet Roster 9A
A1: Maria Rubbato Catholic School 2015 E.C Roster Grade 9A Student's
A3: Home Room Teacher Grade 9A
A5: No | B5: Student Name | C5: Age | D5: Sex | E5: Semester | F5: Amharic | G5: English | H5: Maths | I5: physics | J5: chemistry | K5: Biology | L5: Geography | M5: History | N5: Civics | O5: ICT | P5: H.P.E | Q5: Total | R5: Average | S5: Rank | T5: Condc. | U5: Abse.
A6: 1 | C6: 14 | D6: F | E6: Semister 1 | F6: ='9A Sem 1'!E4 -> 71 | G6: ='9A Sem 1'!F4 -> 50 | H6: ='9A Sem 1'!G4 -> 50 | I6: ='9A Sem 1'!H4 -> 70 | J6: ='9A Sem 1'!I4 -> 54 | K6: ='9A Sem 1'!J4 -> 53 | L6: ='9A Sem 1'!K4 -> 68 | M6: ='9A Sem 1'!L4 -> 65 | ... U6: ='9A Sem 1'!T4 -> 0
C7: 14 | D7: F | E7: Semister 2 | F7: ='9A Sem 2'!E4 -> 80 | G7: ='9A Sem 2'!F4 -> 54 | H7: ='9A Sem 2'!G4 -> 70 | I7: ='9A Sem 2'!H4 -> 65 | J7: ='9A Sem 2'!I4 -> 51 | K7: ='9A Sem 2'!J4 -> 51 | L7: ='9A Sem 2'!K4 -> 61 | M7: ='9A Sem 2'!L4 -> 64 | ... U7: ='9A Sem 2'!T4 -> 0
C8: 14 | D8: F | E8: Average | F8: =AVERAGE(F6:F7) -> 75.5 | G8: =AVERAGE(G6:G7) -> 52 | H8: =AVERAGE(H6:H7) -> 60 | I8: =AVERAGE(I6:I7) -> 67.5 | J8: =AVERAGE(J6:J7) -> 52.5 | K8: =AVERAGE(K6:K7) -> 52 | L8: =AVERAGE(L6:L7) -> 64.5 | M8: =AVERAGE(M6:M7) -> 64.5 | ... R8: =AVERAGE(R6:R7) -> 63.045455 | S8: ='9A Sem avr'!$H$4 -> 37 | T8: =AVERAGE(T6:T7) -> 0 | U8: =AVERAGE(U6:U7) -> 0
A9: 2 | C9: 16 | D9: M | E9: Semister 1 | F9: ='9A Sem 1'!E5 -> 92 | G9: ='9A Sem 1'!F5 -> 93 | H9: ='9A Sem 1'!G5 -> 95 | I9: ='9A Sem 1'!H5 -> 100 | J9: ='9A Sem 1'!I5 -> 96 | K9: ='9A Sem 1'!J5 -> 98 | L9: ='9A Sem 1'!K5 -> 95 | M9: ='9A Sem 1'!L5 -> 98 | ... U9: ='9A Sem 1'!T5 -> 0
C10: 16 | D10: M | E10: Semister 2 | F10: ='9A Sem 2'!E5 -> 96 | G10: ='9A Sem 2'!F5 -> 94 | H10: ='9A Sem 2'!G5 -> 96 | I10: ='9A Sem 2'!H5 -> 100 | J10: ='9A Sem 2'!I5 -> 96 | K10: ='9A Sem 2'!J5 -> 98 | L10: ='9A Sem 2'!K5 -> 96 | M10: ='9A Sem 2'!L5 -> 95 | ... U10: ='9A Sem 2'!T5 -> 0
C11: 16 | D11: M | E11: Average | F11: =AVERAGE(F9:F10) -> 94 | G11: =AVERAGE(G9:G10) -> 93.5 | H11: =AVERAGE(H9:H10) -> 95.5 | I11: =AVERAGE(I9:I10) -> 100 | J11: =AVERAGE(J9:J10) -> 96 | K11: =AVERAGE(K9:K10) -> 98 | L11: =AVERAGE(L9:L10) -> 95.5 | M11: =AVERAGE(M9:M10) -> 96.5 | ... R11: =AVERAGE(R9:R10) -> 96.818182 | S11: ='9A Sem avr'!$H$5 -> 1 | T11: =AVERAGE(T9:T10) -> 0 | U11: =AVERAGE(U9:U10) -> 0
A12: 3 | C12: 14 | D12: F | E12: Semister 1 | F12: ='9A Sem 1'!E6 -> 83 | G12: ='9A Sem 1'!F6 -> 46 | H12: ='9A Sem 1'!G6 -> 54 | I12: ='9A Sem 1'!H6 -> 53 | J12: ='9A Sem 1'!I6 -> 57 | K12: ='9A Sem 1'!J6 -> 40 | L12: ='9A Sem 1'!K6 -> 38 | M12: ='9A Sem 1'!L6 -> 63 | ... U12: ='9A Sem 1'!T6 -> 0
C13: 14 | D13: F | E13: Semister 2 | F13: ='9A Sem 2'!E6 -> 79 | G13: ='9A Sem 2'!F6 -> 50 | H13: ='9A Sem 2'!G6 -> 54 | I13: ='9A Sem 2'!H6 -> 50 | J13: ='9A Sem 2'!I6 -> 43 | K13: ='9A Sem 2'!J6 -> 46 | L13: ='9A Sem 2'!K6 -> 51 | M13: ='9A Sem 2'!L6 -> 41 | ... U13: ='9A Sem 2'!T6 -> 0
C14: 14 | D14: F | E14: Average | F14: =AVERAGE(F12:F13) -> 81 | G14: =AVERAGE(G12:G13) -> 48 | H14: =AVERAGE(H12:H13) -> 54 | I14: =AVERAGE(I12:I13) -> 51.5 | J14: =AVERAGE(J12:J13) -> 50 | K14: =AVERAGE(K12:K13) -> 43 | L14: =AVERAGE(L12:L13) -> 44.5 | M14: =AVERAGE(M12:M13) -> 52 | ... U14: =AVERAGE(U12:U13) -> 0
A15: 4 | C15: 14 | D15: M | E15: Semister 1 | F15: ='9A Sem 1'!E7 -> 89 | G15: ='9A Sem 1'!F7 -> 70 | H15: ='9A Sem 1'!G7 -> 55 | I15: ='9A Sem 1'!H7 -> 69 | J15: ='9A Sem 1'!I7 -> 59 | K15: ='9A Sem 1'!J7 -> 72 | L15: ='9A Sem 1'!K7 -> 76 | M15: ='9A Sem 1'!L7 -> 91 | ... U15: ='9A Sem 1'!T7 -> 0
C16: 14 | D16: M | E16: Semister 2 | F16: ='9A Sem 2'!E7 -> 82 | G16: ='9A Sem 2'!F7 -> 73 | H16: ='9A Sem 2'!G7 -> 71 | I16: ='9A Sem 2'!H7 -> 69 | J16: ='9A Sem 2'!I7 -> 66 | K16: ='9A Sem 2'!J7 -> 80 | L16: ='9A Sem 2'!K7 -> 82 | M16: ='9A Sem 2'!L7 -> 91 | ... U16: ='9A Sem 2'!T7 -> 0
C17: 14 | D17: M | E17: Average | F17: =AVERAGE(F15:F16) -> 85.5 | G17: =AVERAGE(G15:G16) -> 71.5 | H17: =AVERAGE(H15:H16) -> 63 | I17: =AVERAGE(I15:I16) -> 69 | J17: =AVERAGE(J15:J16) -> 62.5 | K17: =AVERAGE(K15:K16) -> 76 | L17: =AVERAGE(L15:L16) -> 79 | M17: =AVERAGE(M15:M16) -> 91 | ... R17: =AVERAGE(R15:R16) -> 77.863636 | S17: ='9A Sem avr'!$H$7 -> 20 | T17: =AVERAGE(T15:T16) -> 0 | U17: =AVERAGE(U15:U16) -> 0
A18: 5 | C18: 14 | D18: F | E18: Semister 1 | F18: ='9A Sem 1'!E8 -> 92 | G18: ='9A Sem 1'!F8 -> 87 | H18: ='9A Sem 1'!G8 -> 90 | I18: ='9A Sem 1'!H8 -> 88 | J18: ='9A Sem 1'!I8 -> 91 | K18: ='9A Sem 1'!J8 -> 92 | L18: ='9A Sem 1'!K8 -> 92 | M18: ='9A Sem 1'!L8 -> 93 | ... U18: ='9A Sem 1'!T8 -> 0
C19: 14 | D19: F | E19: Semister 2 | F19: ='9A Sem 2'!E8 -> 91 | G19: ='9A Sem 2'!F8 -> 96 | H19: ='9A Sem 2'!G8 -> 93 | I19: ='9A Sem 2'!H8 -> 90 | J19: ='9A Sem 2'!I8 -> 83 | K19: ='9A Sem 2'!J8 -> 96 | L19: ='9A Sem 2'!K8 -> 86 | M19: ='9A Sem 2'!L8 -> 86 | ... U19: ='9A Sem 2'!T8 -> 0
C20: 14 | D20: F | E20: Average | F20: =AVERAGE(F18:F19) -> 91.5 | G20: =AVERAGE(G18:G19) -> 91.5 | H20: =AVERAGE(H18:H19) -> 91.5 | I20: =AVERAGE(I18:I19) -> 89 | J20: =AVERAGE(J18:J19) -> 87 | K20: =AVERAGE(K18:K19) -> 94 | L20: =AVERAGE(L18:L19) -> 89 | M20: =AVERAGE(M18:M19) -> 89.5 | ... R20: =AVERAGE(R18:R19) -> 91.545455 | S20: ='9A Sem avr'!$H$8 -> 3 | T20: =AVERAGE(T18:T19) -> 0 | U20: =AVERAGE(U18:U19) -> 0
A21: 6 | C21: 16 | D21: F | E21: Semister 1 | F21: ='9A Sem 1'!E9 -> 55 | G21: ='9A Sem 1'!F9 -> 38 | H21: ='9A Sem 1'!G9 -> 51 | I21: ='9A Sem 1'!H9 -> 39 | J21: ='9A Sem 1'!I9 -> 51 | K21: ='9A Sem 1'!J9 -> 36 | L21: ='9A Sem 1'!K9 -> 41 | M21: ='9A Sem 1'!L9 -> 40 | ... U21: ='9A Sem 1'!T9 -> 0
C22: 16 | D22: F | E22: Semister 2 | F22: ='9A Sem 2'!E9 -> 69 | G22: ='9A Sem 2'!F9 -> 44 | H22: ='9A Sem 2'!G9 -> 42 | I22: ='9A Sem 2'!H9 -> 44 | J22: ='9A Sem 2'!I9 -> 41 | K22: ='9A Sem 2'!J9 -> 38 | L22: ='9A Sem 2'!K9 -> 45 | M22: ='9A Sem 2'!L9 -> 44 | ... U22: ='9A Sem 2'!T9 -> 0
C23: 16 | D23: F | E23: Average | F23: =AVERAGE(F21:F22) -> 62 | G23: =AVERAGE(G21:G22) -> 41 | H23: =AVERAGE(H21:H22) -> 46.5 | I23: =AVERAGE(I21:I22) -> 41.5 | J23: =AVERAGE(J21:J22) -> 46 | K23: =AVERAGE(K21:K22) -> 37 | L23: =AVERAGE(L21:L22) -> 43 | M23: =AVERAGE(M21:M22) -> 42 | ... R23: =AVERAGE(R21:R22) -> 48.909091 | S23: ='9A Sem avr'!$H$9 -> 48 | T23: =AVERAGE(T21:T22) -> 0 | U23: =AVERAGE(U21:U22) -> 0
A24: 7 | C24: 14 | D24: F | E24: Semister 1 | F24: ='9A Sem 1'!E10 -> 90 | G24: ='9A Sem 1'!F10 -> 82 | H24: ='9A Sem 1'!G10 -> 63 | I24: ='9A Sem 1'!H10 -> 66 | J24: ='9A Sem 1'!I10 -> 69 | K24: ='9A Sem 1'!J10 -> 77 | L24: ='9A Sem 1'!K10 -> 80 | M24: ='9A Sem 1'!L10 -> 83 | ... U24: ='9A Sem 1'!T10 -> 0
C25: 14 | D25: F | E25: Semister 2 | F25: ='9A Sem 2'!E10 -> 85 | G25: ='9A Sem 2'!F10 -> 83 | H25: ='9A Sem 2'!G10 -> 60 | I25: ='9A Sem 2'!H10 -> 69 | J25: ='9A Sem 2'!I10 -> 64 | K25: ='9A Sem 2'!J10 -> 81 | L25: ='9A Sem 2'!K10 -> 82 | M25: ='9A Sem 2'!L10 -> 81 | ... U25: ='9A Sem 2'!T10 -> 0
C26: 14 | D26: F | E26: Average | F26: =AVERAGE(F24:F25) -> 87.5 | G26: =AVERAGE(G24:G25) -> 82.5 | H26: =AVERAGE(H24:H25) -> 61.5 | I26: =AVERAGE(I24:I25) -> 67.5 | J26: =AVERAGE(J24:J25) -> 66.5 | K26: =AVERAGE(K24:K25) -> 79 | L26: =AVERAGE(L24:L25) -> 81 | M26: =AVERAGE(M24:M25) -> 82 | ... R26: =AVERAGE(R24:R25) -> 79.5 | S26: ='9A Sem avr'!$H$10 -> 16 | T26: =AVERAGE(T24:T25) -> 0 | U26: =AVERAGE(U24:U25) -> 0
A27: 8 | C27: 14 | D27: M | E27: Semister 1 | F27: ='9A Sem 1'!E11 -> 88 | G27: ='9A Sem 1'!F11 -> 73 | H27: ='9A Sem 1'!G11 -> 61 | I27: ='9A Sem 1'!H11 -> 67 | J27: ='9A Sem 1'!I11 -> 68 | K27: ='9A Sem 1'!J11 -> 70 | L27: ='9A Sem 1'!K11 -> 66 | M27: ='9A Sem 1'!L11 -> 85 | ... U27: ='9A Sem 1'!T11 -> 0
C28: 14 | D28: M | E28: Semister 2 | F28: ='9A Sem 2'!E11 -> 87 | G28: ='9A Sem 2'!F11 -> 74 | H28: ='9A Sem 2'!G11 -> 54 | I28: ='9A Sem 2'!H11 -> 52 | J28: ='9A Sem 2'!I11 -> 53 | K28: ='9A Sem 2'!J11 -> 59 | L28: ='9A Sem 2'!K11 -> 67 | M28: ='9A Sem 2'!L11 -> 76 | ... U28: ='9A Sem 2'!T11 -> 0
C29: 14 | D29: M | E29: Average | F29: =AVERAGE(F27:F28) -> 87.5 | G29: =AVERAGE(G27:G28) -> 73.5 | H29: =AVERAGE(H27:H28) -> 57.5 | I29: =AVERAGE(I27:I28) -> 59.5 | J29: =AVERAGE(J27:J28) -> 60.5 | K29: =AVERAGE(K27:K28) -> 64.5 | L29: =AVERAGE(L27:L28) -> 66.5 | M29: =AVERAGE(M27:M28) -> 80.5 | ... R29: =AVERAGE(R27:R28) -> 73.409091 | S29: ='9A Sem avr'!$H$11 -> 26 | T29: =AVERAGE(T27:T28) -> 0 | U29: =AVERAGE(U27:U28) -> 0
A30: 9 | C30: 15 | D30: M | E30: Semister 1 | F30: ='9A Sem 1'!E12 -> 77 | G30: ='9A Sem 1'!F12 -> 52 | H30: ='9A Sem 1'!G12 -> 33 | I30: ='9A Sem 1'!H12 -> 40 | J30: ='9A Sem 1'!I12 -> 40 | K30: ='9A Sem 1'!J12 -> 44 | L30: ='9A Sem 1'!K12 -> 50 | M30: ='9A Sem 1'!L12 -> 57 | ... U30: ='9A Sem 1'!T12 -> 0
C31: 15 | D31: M | E31: Semister 2 | F31: ='9A Sem 2'!E12 -> 57 | G31: ='9A Sem 2'!F12 -> 46 | H31: ='9A Sem 2'!G12 -> 35 | I31: ='9A Sem 2'!H12 -> 42 | J31: ='9A Sem 2'!I12 -> 56 | K31: ='9A Sem 2'!J12 -> 34 | L31: ='9A Sem 2'!K12 -> 51 | M31: ='9A Sem 2'!L12 -> 40 | ... U31: ='9A Sem 2'!T12 -> 0
C32: 15 | D32: M | E32: Average | F32: =AVERAGE(F30:F31) -> 67 | G32: =AVERAGE(G30:G31) -> 49 | H32: =AVERAGE(H30:H31) -> 34 | I32: =AVERAGE(I30:I31) -> 41 | J32: =AVERAGE(J30:J31) -> 48 | K32: =AVERAGE(K30:K31) -> 39 | L32: =AVERAGE(L30:L31) -> 50.5 | M32: =AVERAGE(M30:M31) -> 48.5 | ... R32: =AVERAGE(R30:R31) -> 51.272727 | S32: ='9A Sem avr'!$H$12 -> 47 | T32: =AVERAGE(T30:T31) -> 0 | U32: =AVERAGE(U30:U31) -> 0
A33: 10 | C33: 15 | D33: M | E33: Semister 1 | F33: ='9A Sem 1'!E13 -> 89 | G33: ='9A Sem 1'!F13 -> 64 | H33: ='9A Sem 1'!G13 -> 56 | I33: ='9A Sem 1'!H13 -> 66 | J33: ='9A Sem 1'!I13 -> 58 | K33: ='9A Sem 1'!J13 -> 72 | L33: ='9A Sem 1'!K13 -> 82 | M33: ='9A Sem 1'!L13 -> 90 | ... U33: ='9A Sem 1'!T13 -> 0
C34: 15 | D34: M | E34: Semister 2 | F34: ='9A Sem 2'!E13 -> 92 | G34: ='9A Sem 2'!F13 -> 64 | H34: ='9A Sem 2'!G13 -> 52 | I34: ='9A Sem 2'!H13 -> 58 | J34: ='9A Sem 2'!I13 -> 58 | K34: ='9A Sem 2'!J13 -> 75 | L34: ='9A Sem 2'!K13 -> 79 | M34: ='9A Sem 2'!L13 -> 73 | ... U34: ='9A Sem 2'!T13 -> 0
C35: 15 | D35: M | E35: Average | F35: =AVERAGE(F33:F34) -> 90.5 | G35: =AVERAGE(G33:G34) -> 64 | H35: =AVERAGE(H33:H34) -> 54 | I35: =AVERAGE(I33:I34) -> 62 | J35: =AVERAGE(J33:J34) -> 58 | K35: =AVERAGE(K33:K34) -> 73.5 | L35: =AVERAGE(L33:L34) -> 80.5 | M35: =AVERAGE(M33:M34) -> 81.5 | ... R35: =AVERAGE(R33:R34) -> 75.181818 | S35: ='9A Sem avr'!$H$13 -> 24 | T35: =AVERAGE(T33:T34) -> 0 | U35: =AVERAGE(U33:U34) -> 0
A36: 11 | C36: 14 | D36: F | E36: Semister 1 | F36: ='9A Sem 1'!E14 -> 84 | G36: ='9A Sem 1'!F14 -> 82 | H36: ='9A Sem 1'!G14 -> 84 | I36: ='9A Sem 1'!H14 -> 78 | J36: ='9A Sem 1'!I14 -> 68 | K36: ='9A Sem 1'!J14 -> 68 | L36: ='9A Sem 1'!K14 -> 82 | M36: ='9A Sem 1'!L14 -> 81 | ... U36: ='9A Sem 1'!T14 -> 0
C37: 14 | D37: F | E37: Semister 2 | F37: ='9A Sem 2'!E14 -> 87 | G37: ='9A Sem 2'!F14 -> 85 | H37: ='9A Sem 2'!G14 -> 81 | I37: ='9A Sem 2'!H14 -> 78 | J37: ='9A Sem 2'!I14 -> 68 | K37: ='9A Sem 2'!J14 -> 73 | L37: ='9A Sem 2'!K14 -> 78 | M37: ='9A Sem 2'!L14 -> 77 | ... U37: ='9A Sem 2'!T14 -> 0
C38: 14 | D38: F | E38: Average | F38: =AVERAGE(F36:F37) -> 85.5 | G38: =AVERAGE(G36:G37) -> 83.5 | H38: =AVERAGE(H36:H37) -> 82.5 | I38: =AVERAGE(I36:I37) -> 78 | J38: =AVERAGE(J36:J37) -> 68 | K38: =AVERAGE(K36:K37) -> 70.5 | L38: =AVERAGE(L36:L37) -> 80 | M38: =AVERAGE(M36:M37) -> 79 | ... R38: =AVERAGE(R36:R37) -> 82.227273 | S38: ='9A Sem avr'!$H$14 -> 11 | T38: =AVERAGE(T36:T37) -> 0 | U38: =AVERAGE(U36:U37) -> 0
A39: 12 | C39: 15 | D39: F | E39: Semister 1 | F39: ='9A Sem 1'!E15 -> 71 | G39: ='9A Sem 1'!F15 -> 66 | H39: ='9A Sem 1'!G15 -> 55 | I39: ='9A Sem 1'!H15 -> 45 | J39: ='9A Sem 1'!I15 -> 54 | K39: ='9A Sem 1'!J15 -> 41 | L39: ='9A Sem 1'!K15 -> 51 | M39: ='9A Sem 1'!L15 -> 56 | ... U39: ='9A Sem 1'!T15 -> 0
C40: 15 | D40: F | E40: Semister 2 | F40: ='9A Sem 2'!E15 -> 84 | G40: ='9A Sem 2'!F15 -> 50 | H40: ='9A Sem 2'!G15 -> 57 | I40: ='9A Sem 2'!H15 -> 53 | J40: ='9A Sem 2'!I15 -> 54 | K40: ='9A Sem 2'!J15 -> 50 | L40: ='9A Sem 2'!K15 -> 55 | M40: ='9A Sem 2'!L15 -> 50 | ... U40: ='9A Sem 2'!T15 -> 0
C41: 15 | D41: F | E41: Average | F41: =AVERAGE(F39:F40) -> 77.5 | G41: =AVERAGE(G39:G40) -> 58 | H41: =AVERAGE(H39:H40) -> 56 | I41: =AVERAGE(I39:I40) -> 49 | J41: =AVERAGE(J39:J40) -> 54 | K41: =AVERAGE(K39:K40) -> 45.5 | L41: =AVERAGE(L39:L40) -> 53 | M41: =AVERAGE(M39:M40) -> 53 | ... R41: =AVERAGE(R39:R40) -> 61.181818 | S41: ='9A Sem avr'!$H$15 -> 42 | T41: =AVERAGE(T39:T40) -> 0 | U41: =AVERAGE(U39:U40) -> 0
A42: 13 | C42: 14 | D42: F | E42: Semister 1 | F42: ='9A Sem 1'!E16 -> 87 | G42: ='9A Sem 1'!F16 -> 70 | H42: ='9A Sem 1'!G16 -> 56 | I42: ='9A Sem 1'!H16 -> 64 | J42: ='9A Sem 1'!I16 -> 56 | K42: ='9A Sem 1'!J16 -> 57 | L42: ='9A Sem 1'!K16 -> 68 | M42: ='9A Sem 1'!L16 -> 73 | ... U42: ='9A Sem 1'!T16 -> 0
C43: 14 | D43: F | E43: Semister 2 | F43: ='9A Sem 2'!E16 -> 86 | G43: ='9A Sem 2'!F16 -> 71 | H43: ='9A Sem 2'!G16 -> 49 | I43: ='9A Sem 2'!H16 -> 56 | J43: ='9A Sem 2'!I16 -> 54 | K43: ='9A Sem 2'!J16 -> 68 | L43: ='9A Sem 2'!K16 -> 71 | M43: ='9A Sem 2'!L16 -> 73 | ... U43: ='9A Sem 2'!T16 -> 0
C44: 14 | D44: F | E44: Average | F44: =AVERAGE(F42:F43) -> 86.5 | G44: =AVERAGE(G42:G43) -> 70.5 | H44: =AVERAGE(H42:H43) -> 52.5 | I44: =AVERAGE(I42:I43) -> 60 | J44: =AVERAGE(J42:J43) -> 55 | K44: =AVERAGE(K42:K43) -> 62.5 | L44: =AVERAGE(L42:L43) -> 69.5 | M44: =AVERAGE(M42:M43) -> 73 | ... R44: =AVERAGE(R42:R43) -> 70.590909 | S44: ='9A Sem avr'!$H$16 -> 28 | T44: =AVERAGE(T42:T43) -> 0 | U44: =AVERAGE(U42:U43) -> 0
A45: 14 | C45: 15 | D45: F | E45: Semister 1 | F45: ='9A Sem 1'!E17 -> 88 | G45: ='9A Sem 1'!F17 -> 78 | H45: ='9A Sem 1'!G17 -> 74 | I45: ='9A Sem 1'!H17 -> 78 | J45: ='9A Sem 1'!I17 -> 90 | K45: ='9A Sem 1'!J17 -> 97 | L45: ='9A Sem 1'!K17 -> 93 | M45: ='9A Sem 1'!L17 -> 94 | ... U45: ='9A Sem 1'!T17 -> 0
C46: 15 | D46: F | E46: Semister 2 | F46: ='9A Sem 2'!E17 -> 91 | G46: ='9A Sem 2'!F17 -> 88 | H46: ='9A Sem 2'!G17 -> 93 | I46: ='9A Sem 2'!H17 -> 87 | J46: ='9A Sem 2'!I17 -> 90 | K46: ='9A Sem 2'!J17 -> 100 | L46: ='9A Sem 2'!K17 -> 97 | M46: ='9A Sem 2'!L17 -> 100 | ... U46: ='9A Sem 2'!T17 -> 0
C47: 15 | D47: F | E47: Average | F47: =AVERAGE(F45:F46) -> 89.5 | G47: =AVERAGE(G45:G46) -> 83 | H47: =AVERAGE(H45:H46) -> 83.5 | I47: =AVERAGE(I45:I46) -> 82.5 | J47: =AVERAGE(J45:J46) -> 90 | K47: =AVERAGE(K45:K46) -> 98.5 | L47: =AVERAGE(L45:L46) -> 95 | M47: =AVERAGE(M45:M46) -> 97 | ... R47: =AVERAGE(R45:R46) -> 91.636364 | S47: ='9A Sem avr'!$H$17 -> 2 | T47: =AVERAGE(T45:T46) -> 0 | U47: =AVERAGE(U45:U46) -> 0
A48: 15 | C48: 15 | D48: M | E48: Semister 1 | F48: ='9A Sem 1'!E18 -> 77 | G48: ='9A Sem 1'!F18 -> 79 | H48: ='9A Sem 1'!G18 -> 84 | I48: ='9A Sem 1'!H18 -> 72 | J48: ='9A Sem 1'!I18 -> 89 | K48: ='9A Sem 1'!J18 -> 84 | L48: ='9A Sem 1'!K18 -> 92 | M48: ='9A Sem 1'!L18 -> 82 | ... U48: ='9A Sem 1'!T18 -> 0
C49: 15 | D49: M | E49: Semister 2 | F49: ='9A Sem 2'!E18 -> 80 | G49: ='9A Sem 2'!F18 -> 84 | H49: ='9A Sem 2'!G18 -> 83 | I49: ='9A Sem 2'!H18 -> 82 | J49: ='9A Sem 2'!I18 -> 88 | K49: ='9A Sem 2'!J18 -> 91 | L49: ='9A Sem 2'!K18 -> 93 | M49: ='9A Sem 2'!L18 -> 87 | ... U49: ='9A Sem 2'!T18 -> 0
C50: 15 | D50: M | E50: Average | F50: =AVERAGE(F48:F49) -> 78.5 | G50: =AVERAGE(G48:G49) -> 81.5 | H50: =AVERAGE(H48:H49) -> 83.5 | I50: =AVERAGE(I48:I49) -> 77 | J50: =AVERAGE(J48:J49) -> 88.5 | K50: =AVERAGE(K48:K49) -> 87.5 | L50: =AVERAGE(L48:L49) -> 92.5 | M50: =AVERAGE(M48:M49) -> 84.5 | ... R50: =AVERAGE(R48:R49) -> 86.409091 | S50: ='9A Sem avr'!$H$18 -> 8 | T50: =AVERAGE(T48:T49) -> 0 | U50: =AVERAGE(U48:U49) -> 0
A51: 16 | C51: 15 | D51: M | E51: Semister 1 | F51: ='9A Sem 1'!E19 -> 88 | G51: ='9A Sem 1'!F19 -> 82 | H51: ='9A Sem 1'!G19 -> 90 | I51: ='9A Sem 1'!H19 -> 91 | J51: ='9A Sem 1'!I19 -> 95 | K51: ='9A Sem 1'!J19 -> 95 | L51: ='9A Sem 1'!K19 -> 86 | M51: ='9A Sem 1'!L19 -> 86 | ... U51: ='9A Sem 1'!T19 -> 0
C52: 15 | D52: M | E52: Semister 2 | F52: ='9A Sem 2'!E19 -> 88 | G52: ='9A Sem 2'!F19 -> 82 | H52: ='9A Sem 2'!G19 -> 97 | I52: ='9A Sem 2'!H19 -> 92 | J52: ='9A Sem 2'!I19 -> 91 | K52: ='9A Sem 2'!J19 -> 97 | L52: ='9A Sem 2'!K19 -> 84 | M52: ='9A Sem 2'!L19 -> 80 | ... O52: ='9A Sem 2'!N19 -> 97 | P52: 95 | Q52: ='9A Sem 2'!P19 -> 989 | R52: ='9A Sem 2'!Q19 -> 89.909091 | S52: ='9A Sem 2'!R19 -> 5 | T52: ='9A Sem 2'!S19 -> 0 | U52: ='9A Sem 2'!T19 -> 0
C53: 15 | D53: M | E53: Average | F53: =AVERAGE(F51:F52) -> 88 | G53: =AVERAGE(G51:G52) -> 82 | H53: =AVERAGE(H51:H52) -> 93.5 | I53: =AVERAGE(I51:I52) -> 91.5 | J53: =AVERAGE(J51:J52) -> 93 | K53: =AVERAGE(K51:K52) -> 96 | L53: =AVERAGE(L51:L52) -> 85 | M53: =AVERAGE(M51:M52) -> 83 | ... R53: =AVERAGE(R51:R52) -> 89.681818 | S53: ='9A Sem avr'!$H$19 -> 4 | T53: =AVERAGE(T51:T52) -> 0 | U53: =AVERAGE(U51:U52) -> 0
A54: 17 | C54: 15 | D54: F | E54: Semister 1 | F54: ='9A Sem 1'!E20 -> 83 | G54: ='9A Sem 1'!F20 -> 68 | H54: ='9A Sem 1'!G20 -> 74 | I54: ='9A Sem 1'!H20 -> 60 | J54: ='9A Sem 1'!I20 -> 56 | K54: ='9A Sem 1'!J20 -> 61 | L54: ='9A Sem 1'!K20 -> 68 | M54: ='9A Sem 1'!L20 -> 81 | ... U54: ='9A Sem 1'!T20 -> 0
C55: 15 | D55: F | E55: Semister 2 | F55: ='9A Sem 2'!E20 -> 76 | G55: ='9A Sem 2'!F20 -> 77 | H55: ='9A Sem 2'!G20 -> 68 | I55: ='9A Sem 2'!H20 -> 78 | J55: ='9A Sem 2'!I20 -> 69 | K55: ='9A Sem 2'!J20 -> 81 | L55: ='9A Sem 2'!K20 -> 76 | M55: ='9A Sem 2'!L20 -> 89 | ... U55: ='9A Sem 2'!T20 -> 0
C56: 15 | D56: F | E56: Average | F56: =AVERAGE(F54:F55) -> 79.5 | G56: =AVERAGE(G54:G55) -> 72.5 | H56: =AVERAGE(H54:H55) -> 71 | I56: =AVERAGE(I54:I55) -> 69 | J56: =AVERAGE(J54:J55) -> 62.5 | K56: =AVERAGE(K54:K55) -> 71 | L56: =AVERAGE(L54:L55) -> 72 | M56: =AVERAGE(M54:M55) -> 85 | ... R56: =AVERAGE(R54:R55) -> 76.772727 | S56: ='9A Sem avr'!$H$20 -> 22 | T56: =AVERAGE(T54:T55) -> 0 | U56: =AVERAGE(U54:U55) -> 0
A57: 18 | C57: 14 | D57: F | E57: Semister 1 | F57: ='9A Sem 1'!E21 -> 88 | G57: ='9A Sem 1'!F21 -> 66 | H57: ='9A Sem 1'!G21 -> 72 | I57: ='9A Sem 1'!H21 -> 63 | J57: ='9A Sem 1'!I21 -> 70 | K57: ='9A Sem 1'!J21 -> 76 | L57: ='9A Sem 1'!K21 -> 67 | M57: ='9A Sem 1'!L21 -> 77 | ... U57: ='9A Sem 1'!T21 -> 0
C58: 14 | D58: F | E58: Semister 2 | F58: ='9A Sem 2'!E21 -> 86 | G58: ='9A Sem 2'!F21 -> 73 | H58: ='9A Sem 2'!G21 -> 82 | I58: ='9A Sem 2'!H21 -> 79 | J58: ='9A Sem 2'!I21 -> 75 | K58: ='9A Sem 2'!J21 -> 82 | L58: ='9A Sem 2'!K21 -> 80 | M58: ='9A Sem 2'!L21 -> 89 | ... U58: ='9A Sem 2'!T21 -> 0
C59: 14 | D59: F | E59: Average | F59: =AVERAGE(F57:F58) -> 87 | G59: =AVERAGE(G57:G58) -> 69.5 | H59: =AVERAGE(H57:H58) -> 77 | I59: =AVERAGE(I57:I58) -> 71 | J59: =AVERAGE(J57:J58) -> 72.5 | K59: =AVERAGE(K57:K58) -> 79 | L59: =AVERAGE(L57:L58) -> 73.5 | M59: =AVERAGE(M57:M58) -> 83 | ... R59: =AVERAGE(R57:R58) -> 79.636364 | S59: ='9A Sem avr'!$H$21 -> 15 | T59: =AVERAGE(T57:T58) -> 0 | U59: =AVERAGE(U57:U58) -> 0
A60: 19 | C60: 15 | D60: M | E60: Semister 1 | F60: ='9A Sem 1'!E22 -> 71 | G60: ='9A Sem 1'!F22 -> 53 | H60: ='9A Sem 1'!G22 -> 51 | I60: ='9A Sem 1'!H22 -> 57 | J60: ='9A Sem 1'!I22 -> 61 | K60: ='9A Sem 1'!J22 -> 61 | L60: ='9A Sem 1'!K22 -> 64 | M60: ='9A Sem 1'!L22 -> 76 | ... U60: ='9A Sem 1'!T22 -> 0
C61: 15 | D61: M | E61: Semister 2 | F61: ='9A Sem 2'!E22 -> 79 | G61: ='9A Sem 2'!F22 -> 54 | H61: ='9A Sem 2'!G22 -> 59 | I61: ='9A Sem 2'!H22 -> 68 | J61: ='9A Sem 2'!I22 -> 60 | K61: ='9A Sem 2'!J22 -> 75 | L61: ='9A Sem 2'!K22 -> 73 | M61: ='9A Sem 2'!L22 -> 69 | ... U61: ='9A Sem 2'!T22 -> 0
C62: 15 | D62: M | E62: Average | F62: =AVERAGE(F60:F61) -> 75 | G62: =AVERAGE(G60:G61) -> 53.5 | H62: =AVERAGE(H60:H61) -> 55 | I62: =AVERAGE(I60:I61) -> 62.5 | J62: =AVERAGE(J60:J61) -> 60.5 | K62: =AVERAGE(K60:K61) -> 68 | L62: =AVERAGE(L60:L61) -> 68.5 | M62: =AVERAGE(M60:M61) -> 72.5 | ... R62: =AVERAGE(R60:R61) -> 68.590909 | S62: ='9A Sem avr'!$H$22 -> 31 | T62: =AVERAGE(T60:T61) -> 0 | U62: =AVERAGE(U60:U61) -> 0
A63: 20 | C63: 14 | D63: F | E63: Semister 1 | F63: ='9A Sem 1'!E23 -> 89 | G63: ='9A Sem 1'!F23 -> 79 | H63: ='9A Sem 1'!G23 -> 81 | I63: ='9A Sem 1'!H23 -> 84 | J63: ='9A Sem 1'!I23 -> 85 | K63: ='9A Sem 1'!J23 -> 86 | L63: ='9A Sem 1'!K23 -> 82 | M63: ='9A Sem 1'!L23 -> 82 | ... U63: ='9A Sem 1'!T23 -> 0
C64: 14 | D64: F | E64: Semister 2 | F64: ='9A Sem 2'!E23 -> 89 | G64: ='9A Sem 2'!F23 -> 85 | H64: ='9A Sem 2'!G23 -> 91 | I64: ='9A Sem 2'!H23 -> 88 | J64: ='9A Sem 2'!I23 -> 80 | K64: ='9A Sem 2'!J23 -> 92 | L64: ='9A Sem 2'!K23 -> 91 | M64: ='9A Sem 2'!L23 -> 88 | ... U64: ='9A Sem 2'!T23 -> 0
C65: 14 | D65: F | E65: Average | F65: =AVERAGE(F63:F64) -> 89 | G65: =AVERAGE(G63:G64) -> 82 | H65: =AVERAGE(H63:H64) -> 86 | I65: =AVERAGE(I63:I64) -> 86 | J65: =AVERAGE(J63:J64) -> 82.5 | K65: =AVERAGE(K63:K64) -> 89 | L65: =AVERAGE(L63:L64) -> 86.5 | M65: =AVERAGE(M63:M64) -> 85 | ... R65: =AVERAGE(R63:R64) -> 87.818182 | S65: ='9A Sem avr'!$H$23 -> 7 | T65: =AVERAGE(T63:T64) -> 0 | U65: =AVERAGE(U63:U64) -> 0
A66: 21 | C66: 15 | D66: M | E66: Semister 1 | F66: ='9A Sem 1'!E24 -> 71 | G66: ='9A Sem 1'!F24 -> 80 | H66: ='9A Sem 1'!G24 -> 78 | I66: ='9A Sem 1'!H24 -> 90 | J66: ='9A Sem 1'!I24 -> 85 | K66: ='9A Sem 1'!J24 -> 85 | L66: ='9A Sem 1'!K24 -> 92 | M66: ='9A Sem 1'!L24 -> 96 | ... U66: ='9A Sem 1'!T24 -> 0
C67: 15 | D67: M | E67: Semister 2 | F67: ='9A Sem 2'!E24 -> 81 | G67: ='9A Sem 2'!F24 -> 80 | H67: ='9A Sem 2'!G24 -> 89 | I67: ='9A Sem 2'!H24 -> 91 | J67: ='9A Sem 2'!I24 -> 87 | K67: ='9A Sem 2'!J24 -> 94 | L67: ='9A Sem 2'!K24 -> 89 | M67: ='9A Sem 2'!L24 -> 95 | ... U67: ='9A Sem 2'!T24 -> 0
C68: 15 | D68: M | E68: Average | F68: =AVERAGE(F66:F67) -> 76 | G68: =AVERAGE(G66:G67) -> 80 | H68: =AVERAGE(H66:H67) -> 83.5 | I68: =AVERAGE(I66:I67) -> 90.5 | J68: =AVERAGE(J66:J67) -> 86 | K68: =AVERAGE(K66:K67) -> 89.5 | L68: =AVERAGE(L66:L67) -> 90.5 | M68: =AVERAGE(M66:M67) -> 95.5 | ... R68: =AVERAGE(R66:R67) -> 88.363636 | S68: ='9A Sem avr'!$H$24 -> 5 | T68: =AVERAGE(T66:T67) -> 0 | U68: =AVERAGE(U66:U67) -> 0
A69: 22 | C69: 14 | D69: F | E69: Semister 1 | F69: ='9A Sem 1'!E25 -> 84 | G69: ='9A Sem 1'!F25 -> 80 | H69: ='9A Sem 1'!G25 -> 64 | I69: ='9A Sem 1'!H25 -> 74 | J69: ='9A Sem 1'!I25 -> 56 | K69: ='9A Sem 1'!J25 -> 76 | L69: ='9A Sem 1'!K25 -> 76 | M69: ='9A Sem 1'!L25 -> 74 | ... U69: ='9A Sem 1'!T25 -> 0
C70: 14 | D70: F | E70: Semister 2 | F70: ='9A Sem 2'!E25 -> 90 | G70: ='9A Sem 2'!F25 -> 76 | H70: ='9A Sem 2'!G25 -> 71 | I70: ='9A Sem 2'!H25 -> 69 | J70: ='9A Sem 2'!I25 -> 68 | K70: ='9A Sem 2'!J25 -> 83 | L70: ='9A Sem 2'!K25 -> 80 | M70: ='9A Sem 2'!L25 -> 76 | ... U70: ='9A Sem 2'!T25 -> 0
C71: 14 | D71: F | E71: Average | F71: =AVERAGE(F69:F70) -> 87 | G71: =AVERAGE(G69:G70) -> 78 | H71: =AVERAGE(H69:H70) -> 67.5 | I71: =AVERAGE(I69:I70) -> 71.5 | J71: =AVERAGE(J69:J70) -> 62 | K71: =AVERAGE(K69:K70) -> 79.5 | L71: =AVERAGE(L69:L70) -> 78 | M71: =AVERAGE(M69:M70) -> 75 | ... R71: =AVERAGE(R69:R70) -> 78.227273 | S71: ='9A Sem avr'!$H$25 -> 19 | T71: =AVERAGE(T69:T70) -> 0 | U71: =AVERAGE(U69:U70) -> 0
A72: 23 | C72: 15 | D72: F | E72: Semister 1 | F72: ='9A Sem 1'!E26 -> 91 | G72: ='9A Sem 1'!F26 -> 75 | H72: ='9A Sem 1'!G26 -> 77 | I72: ='9A Sem 1'!H26 -> 76 | J72: ='9A Sem 1'!I26 -> 65 | K72: ='9A Sem 1'!J26 -> 79 | L72: ='9A Sem 1'!K26 -> 80 | M72: ='9A Sem 1'!L26 -> 82 | ... U72: ='9A Sem 1'!T26 -> 0
C73: 15 | D73: F | E73: Semister 2 | F73: ='9A Sem 2'!E26 -> 96 | G73: ='9A Sem 2'!F26 -> 85 | H73: ='9A Sem 2'!G26 -> 81 | I73: ='9A Sem 2'!H26 -> 83 | J73: ='9A Sem 2'!I26 -> 77 | K73: ='9A Sem 2'!J26 -> 93 | L73: ='9A Sem 2'!K26 -> 83 | M73: ='9A Sem 2'!L26 -> 89 | ... U73: ='9A Sem 2'!T26 -> 0
C74: 15 | D74: F | E74: Average | F74: =AVERAGE(F72:F73) -> 93.5 | G74: =AVERAGE(G72:G73) -> 80 | H74: =AVERAGE(H72:H73) -> 79 | I74: =AVERAGE(I72:I73) -> 79.5 | J74: =AVERAGE(J72:J73) -> 71 | K74: =AVERAGE(K72:K73) -> 86 | L74: =AVERAGE(L72:L73) -> 81.5 | M74: =AVERAGE(M72:M73) -> 85.5 | ... R74: =AVERAGE(R72:R73) -> 84.863636 | S74: ='9A Sem avr'!$H$26 -> 10 | T74: =AVERAGE(T72:T73) -> 0 | U74: =AVERAGE(U72:U73) -> 0
A75: 24 | C75: 14 | D75: M | E75: Semister 1 | F75: ='9A Sem 1'!E27 -> 94 | G75: ='9A Sem 1'!F27 -> 88 | H75: ='9A Sem 1'!G27 -> 79 | I75: ='9A Sem 1'!H27 -> 84 | J75: ='9A Sem 1'!I27 -> 81 | K75: ='9A Sem 1'!J27 -> 85 | L75: ='9A Sem 1'!K27 -> 83 | M75: ='9A Sem 1'!L27 -> 93 | ... U75: ='9A Sem 1'!T27 -> 0
C76: 14 | D76: M | E76: Semister 2 | F76: ='9A Sem 2'!E27 -> 90 | G76: ='9A Sem 2'!F27 -> 90 | H76: ='9A Sem 2'!G27 -> 87 | I76: ='9A Sem 2'!H27 -> 85 | J76: ='9A Sem 2'!I27 -> 78 | K76: ='9A Sem 2'!J27 -> 91 | L76: ='9A Sem 2'!K27 -> 86 | M76: ='9A Sem 2'!L27 -> 85 | ... U76: ='9A Sem 2'!T27 -> 0
C77: 14 | D77: M | E77: Average | F77: =AVERAGE(F75:F76) -> 92 | G77: =AVERAGE(G75:G76) -> 89 | H77: =AVERAGE(H75:H76) -> 83 | I77: =AVERAGE(I75:I76) -> 84.5 | J77: =AVERAGE(J75:J76) -> 79.5 | K77: =AVERAGE(K75:K76) -> 88 | L77: =AVERAGE(L75:L76) -> 84.5 | M77: =AVERAGE(M75:M76) -> 89 | ... R77: =AVERAGE(R75:R76) -> 88.136364 | S77: ='9A Sem avr'!$H$27 -> 6 | T77: =AVERAGE(T75:T76) -> 0 | U77: =AVERAGE(U75:U76) -> 0
A78: 25 | C78: 14 | D78: M | E78: Semister 1 | F78: ='9A Sem 1'!E28 -> 89 | G78: ='9A Sem 1'!F28 -> 69 | H78: ='9A Sem 1'!G28 -> 82 | I78: ='9A Sem 1'!H28 -> 75 | J78: ='9A Sem 1'!I28 -> 71 | K78: ='9A Sem 1'!J28 -> 74 | L78: ='9A Sem 1'!K28 -> 62 | M78: ='9A Sem 1'!L28 -> 80 | ... U78: ='9A Sem 1'!T28 -> 0
C79: 14 | D79: M | E79: Semister 2 | F79: ='9A Sem 2'!E28 -> 84 | G79: ='9A Sem 2'!F28 -> 78 | H79: ='9A Sem 2'!G28 -> 80 | I79: ='9A Sem 2'!H28 -> 65 | J79: ='9A Sem 2'!I28 -> 76 | K79: ='9A Sem 2'!J28 -> 75 | L79: ='9A Sem 2'!K28 -> 77 | M79: ='9A Sem 2'!L28 -> 64 | ... U79: ='9A Sem 2'!T28 -> 0
C80: 14 | D80: M | E80: Average | F80: =AVERAGE(F78:F79) -> 86.5 | G80: =AVERAGE(G78:G79) -> 73.5 | H80: =AVERAGE(H78:H79) -> 81 | I80: =AVERAGE(I78:I79) -> 70 | J80: =AVERAGE(J78:J79) -> 73.5 | K80: =AVERAGE(K78:K79) -> 74.5 | L80: =AVERAGE(L78:L79) -> 69.5 | M80: =AVERAGE(M78:M79) -> 72 | ... R80: =AVERAGE(R78:R79) -> 78.954545 | S80: ='9A Sem avr'!$H$28 -> 18 | T80: =AVERAGE(T78:T79) -> 0 | U80: =AVERAGE(U78:U79) -> 0
A81: 26 | C81: 15 | D81: F | E81: Semister 1 | F81: ='9A Sem 1'!E29 -> 78 | G81: ='9A Sem 1'!F29 -> 38 | H81: ='9A Sem 1'!G29 -> 47 | I81: ='9A Sem 1'!H29 -> 40 | J81: ='9A Sem 1'!I29 -> 53 | K81: ='9A Sem 1'!J29 -> 45 | L81: ='9A Sem 1'!K29 -> 46 | M81: ='9A Sem 1'!L29 -> 68 | ... U81: ='9A Sem 1'!T29 -> 0
C82: 15 | D82: F | E82: Semister 2 | F82: ='9A Sem 2'!E29 -> 80 | G82: ='9A Sem 2'!F29 -> 71 | H82: ='9A Sem 2'!G29 -> 68 | I82: ='9A Sem 2'!H29 -> 56 | J82: ='9A Sem 2'!I29 -> 56 | K82: ='9A Sem 2'!J29 -> 58 | L82: ='9A Sem 2'!K29 -> 62 | M82: ='9A Sem 2'!L29 -> 65 | ... U82: ='9A Sem 2'!T29 -> 0
C83: 15 | D83: F | E83: Average | F83: =AVERAGE(F81:F82) -> 79 | G83: =AVERAGE(G81:G82) -> 54.5 | H83: =AVERAGE(H81:H82) -> 57.5 | I83: =AVERAGE(I81:I82) -> 48 | J83: =AVERAGE(J81:J82) -> 54.5 | K83: =AVERAGE(K81:K82) -> 51.5 | L83: =AVERAGE(L81:L82) -> 54 | M83: =AVERAGE(M81:M82) -> 66.5 | ... R83: =AVERAGE(R81:R82) -> 62.818182 | S83: ='9A Sem avr'!$H$29 -> 38 | T83: =AVERAGE(T81:T82) -> 0 | U83: =AVERAGE(U81:U82) -> 0
A84: 27 | C84: 14 | D84: F | E84: Semister 1 | F84: ='9A Sem 1'!E30 -> 73 | G84: ='9A Sem 1'!F30 -> 55 | H84: ='9A Sem 1'!G30 -> 51 | I84: ='9A Sem 1'!H30 -> 50 | J84: ='9A Sem 1'!I30 -> 50 | K84: ='9A Sem 1'!J30 -> 46 | L84: ='9A Sem 1'!K30 -> 55 | M84: ='9A Sem 1'!L30 -> 63 | ... U84: ='9A Sem 1'!T30 -> 0
C85: 14 | D85: F | E85: Semister 2 | F85: ='9A Sem 2'!E30 -> 85 | G85: ='9A Sem 2'!F30 -> 59 | H85: ='9A Sem 2'!G30 -> 44 | I85: ='9A Sem 2'!H30 -> 42 | J85: ='9A Sem 2'!I30 -> 45 | K85: ='9A Sem 2'!J30 -> 53 | L85: ='9A Sem 2'!K30 -> 58 | M85: ='9A Sem 2'!L30 -> 65 | ... U85: ='9A Sem 2'!T30 -> 0
C86: 14 | D86: F | E86: Average | F86: =AVERAGE(F84:F85) -> 79 | G86: =AVERAGE(G84:G85) -> 57 | H86: =AVERAGE(H84:H85) -> 47.5 | I86: =AVERAGE(I84:I85) -> 46 | J86: =AVERAGE(J84:J85) -> 47.5 | K86: =AVERAGE(K84:K85) -> 49.5 | L86: =AVERAGE(L84:L85) -> 56.5 | M86: =AVERAGE(M84:M85) -> 64 | ... R86: =AVERAGE(R84:R85) -> 60.136364 | S86: ='9A Sem avr'!$H$30 -> 43 | T86: =AVERAGE(T84:T85) -> 0 | U86: =AVERAGE(U84:U85) -> 0
A87: 28 | C87: 14 | D87: F | E87: Semister 1 | F87: ='9A Sem 1'!E31 -> 93 | G87: ='9A Sem 1'!F31 -> 66 | H87: ='9A Sem 1'!G31 -> 53 | I87: ='9A Sem 1'!H31 -> 52 | J87: ='9A Sem 1'!I31 -> 64 | K87: ='9A Sem 1'!J31 -> 48 | L87: ='9A Sem 1'!K31 -> 75 | M87: ='9A Sem 1'!L31 -> 79 | ... U87: ='9A Sem 1'!T31 -> 0
C88: 14 | D88: F | E88: Semister 2 | F88: ='9A Sem 2'!E31 -> 86 | G88: ='9A Sem 2'!F31 -> 68 | H88: ='9A Sem 2'!G31 -> 54 | I88: ='9A Sem 2'!H31 -> 52 | J88: ='9A Sem 2'!I31 -> 51 | K88: ='9A Sem 2'!J31 -> 55 | L88: ='9A Sem 2'!K31 -> 66 | M88: ='9A Sem 2'!L31 -> 64 | ... U88: ='9A Sem 2'!T31 -> 0
C89: 14 | D89: F | E89: Average | F89: =AVERAGE(F87:F88) -> 89.5 | G89: =AVERAGE(G87:G88) -> 67 | H89: =AVERAGE(H87:H88) -> 53.5 | I89: =AVERAGE(I87:I88) -> 52 | J89: =AVERAGE(J87:J88) -> 57.5 | K89: =AVERAGE(K87:K88) -> 51.5 | L89: =AVERAGE(L87:L88) -> 70.5 | M89: =AVERAGE(M87:M88) -> 71.5 | ... R89: =AVERAGE(R87:R88) -> 68.181818 | S89: ='9A Sem avr'!$H$31 -> 32 | T89: =AVERAGE(T87:T88) -> 0 | U89: =AVERAGE(U87:U88) -> 0
A90: 29 | C90: 16 | D90: F | E90: Semister 1 | F90: ='9A Sem 1'!E32 -> 85 | G90: ='9A Sem 1'!F32 -> 76 | H90: ='9A Sem 1'!G32 -> 80 | I90: ='9A Sem 1'!H32 -> 78 | J90: ='9A Sem 1'!I32 -> 63 | K90: ='9A Sem 1'!J32 -> 77 | L90: ='9A Sem 1'!K32 -> 76 | M90: ='9A Sem 1'!L32 -> 76 | ... U90: ='9A Sem 1'!T32 -> 0
C91: 16 | D91: F | E91: Semister 2 | F91: ='9A Sem 2'!E32 -> 83 | G91: ='9A Sem 2'!F32 -> 81 | H91: ='9A Sem 2'!G32 -> 80 | I91: ='9A Sem 2'!H32 -> 73 | J91: ='9A Sem 2'!I32 -> 77 | K91: ='9A Sem 2'!J32 -> 91 | L91: ='9A Sem 2'!K32 -> 85 | M91: ='9A Sem 2'!L32 -> 85 | ... U91: ='9A Sem 2'!T32 -> 0
C92: 16 | D92: F | E92: Average | F92: =AVERAGE(F90:F91) -> 84 | G92: =AVERAGE(G90:G91) -> 78.5 | H92: =AVERAGE(H90:H91) -> 80 | I92: =AVERAGE(I90:I91) -> 75.5 | J92: =AVERAGE(J90:J91) -> 70 | K92: =AVERAGE(K90:K91) -> 84 | L92: =AVERAGE(L90:L91) -> 80.5 | M92: =AVERAGE(M90:M91) -> 80.5 | ... R92: =AVERAGE(R90:R91) -> 81 | S92: ='9A Sem avr'!$H$32 -> 12 | T92: =AVERAGE(T90:T91) -> 0 | U92: =AVERAGE(U90:U91) -> 0
A93: 30 | C93: 14 | D93: F | E93: Semister 1 | F93: ='9A Sem 1'!E33 -> 88 | G93: ='9A Sem 1'!F33 -> 79 | H93: ='9A Sem 1'!G33 -> 89 | I93: ='9A Sem 1'!H33 -> 76 | J93: ='9A Sem 1'!I33 -> 80 | K93: ='9A Sem 1'!J33 -> 69 | L93: ='9A Sem 1'!K33 -> 77 | M93: ='9A Sem 1'!L33 -> 88 | ... U93: ='9A Sem 1'!T33 -> 0
C94: 14 | D94: F | E94: Semister 2 | F94: ='9A Sem 2'!E33 -> 89 | G94: ='9A Sem 2'!F33 -> 86 | H94: ='9A Sem 2'!G33 -> 94 | I94: ='9A Sem 2'!H33 -> 83 | J94: ='9A Sem 2'!I33 -> 81 | K94: ='9A Sem 2'!J33 -> 82 | L94: ='9A Sem 2'!K33 -> 86 | M94: ='9A Sem 2'!L33 -> 78 | ... U94: ='9A Sem 2'!T33 -> 0
C95: 14 | D95: F | E95: Average | F95: =AVERAGE(F93:F94) -> 88.5 | G95: =AVERAGE(G93:G94) -> 82.5 | H95: =AVERAGE(H93:H94) -> 91.5 | I95: =AVERAGE(I93:I94) -> 79.5 | J95: =AVERAGE(J93:J94) -> 80.5 | K95: =AVERAGE(K93:K94) -> 75.5 | L95: =AVERAGE(L93:L94) -> 81.5 | M95: =AVERAGE(M93:M94) -> 83 | ... R95: =AVERAGE(R93:R94) -> 85.5 | S95: ='9A Sem avr'!$H$33 -> 9 | T95: =AVERAGE(T93:T94) -> 0 | U95: =AVERAGE(U93:U94) -> 0
A96: 31 | C96: 14 | D96: M | E96: Semister 1 | F96: ='9A Sem 1'!E34 -> 79 | G96: ='9A Sem 1'!F34 -> 48 | H96: ='9A Sem 1'!G34 -> 52 | I96: ='9A Sem 1'!H34 -> 51 | J96: ='9A Sem 1'!I34 -> 44 | K96: ='9A Sem 1'!J34 -> 54 | L96: ='9A Sem 1'!K34 -> 48 | M96: ='9A Sem 1'!L34 -> 64 | ... U96: ='9A Sem 1'!T34 -> 0
C97: 14 | D97: M | E97: Semister 2 | F97: ='9A Sem 2'!E34 -> 78 | G97: ='9A Sem 2'!F34 -> 56 | H97: ='9A Sem 2'!G34 -> 57 | I97: ='9A Sem 2'!H34 -> 44 | J97: ='9A Sem 2'!I34 -> 54 | K97: ='9A Sem 2'!J34 -> 57 | L97: ='9A Sem 2'!K34 -> 70 | M97: ='9A Sem 2'!L34 -> 80 | ... U97: ='9A Sem 2'!T34 -> 0
C98: 14 | D98: M | E98: Average | F98: =AVERAGE(F96:F97) -> 78.5 | G98: =AVERAGE(G96:G97) -> 52 | H98: =AVERAGE(H96:H97) -> 54.5 | I98: =AVERAGE(I96:I97) -> 47.5 | J98: =AVERAGE(J96:J97) -> 49 | K98: =AVERAGE(K96:K97) -> 55.5 | L98: =AVERAGE(L96:L97) -> 59 | M98: =AVERAGE(M96:M97) -> 72 | ... R98: =AVERAGE(R96:R97) -> 62.454545 | S98: ='9A Sem avr'!$H$34 -> 40 | T98: =AVERAGE(T96:T97) -> 0 | U98: =AVERAGE(U96:U97) -> 0
A99: 32 | C99: 16 | D99: F | E99: Semister 1 | F99: ='9A Sem 1'!E35 -> 0 | G99: ='9A Sem 1'!F35 -> 0 | H99: ='9A Sem 1'!G35 -> 0 | I99: ='9A Sem 1'!H35 -> 0 | J99: ='9A Sem 1'!I35 -> 0 | K99: ='9A Sem 1'!J35 -> 0 | L99: ='9A Sem 1'!K35 -> 0 | M99: ='9A Sem 1'!L35 -> 0 | ... U99: ='9A Sem 1'!T35 -> 0
C100: 16 | D100: F | E100: Semister 2 | F100: ='9A Sem 2'!E35 -> 0 | G100: ='9A Sem 2'!F35 -> 0 | H100: ='9A Sem 2'!G35 -> 0 | I100: ='9A Sem 2'!H35 -> 0 | J100: ='9A Sem 2'!I35 -> 0 | K100: ='9A Sem 2'!J35 -> 0 | L100: ='9A Sem 2'!K35 -> 0 | M100: ='9A Sem 2'!L35 -> 0 | ... U100: ='9A Sem 2'!T35 -> 0
C101: 16 | D101: F | E101: Average | F101: =AVERAGE(F99:F100) -> 0 | G101: =AVERAGE(G99:G100) -> 0 | H101: =AVERAGE(H99:H100) -> 0 | I101: =AVERAGE(I99:I100) -> 0 | J101: =AVERAGE(J99:J100) -> 0 | K101: =AVERAGE(K99:K100) -> 0 | L101: =AVERAGE(L99:L100) -> 0 | M101: =AVERAGE(M99:M100) -> 0 | ... R101: =AVERAGE(R99:R100) -> 0 | S101: ='9A Sem avr'!$H$35 -> 51 | T101: =AVERAGE(T99:T100) -> 0 | U101: =AVERAGE(U99:U100) -> 0
A102: 33 | C102: 14 | D102: F | E102: Semister 1 | F102: ='9A Sem 1'!E36 -> 86 | G102: ='9A Sem 1'!F36 -> 81 | H102: ='9A Sem 1'!G36 -> 77 | I102: ='9A Sem 1'!H36 -> 71 | J102: ='9A Sem 1'!I36 -> 72 | K102: ='9A Sem 1'!J36 -> 75 | L102: ='9A Sem 1'!K36 -> 76 | M102: ='9A Sem 1'!L36 -> 80 | ... U102: ='9A Sem 1'!T36 -> 0
...

Sheet 9A Sem 1
A1: Maria Rubbato Catholic School 2015 E.C Roster Grade 9A Student's
A2: Home Room Teacher Grade 9A
A3: No | B3: Student Name | C3: Age | D3: Sex | E3: Amharic | F3: English | G3: Maths | H3: physics | I3: chemistry | J3: Biology | K3: Geography | L3: History | M3: Civics | N3: ICT | O3: H.P.E | P3: Total | Q3: Average | R3: Rank | S3: Condc. | T3: Abse.
A4: 1 | C4: 14 | D4: F | E4: 71 | F4: 50 | G4: 50 | H4: 70 | I4: 54 | J4: 53 | K4: 68 | L4: 65 | M4: 52 | N4: 74 | O4: 70 | P4: =SUM(E4:O4) -> 677 | Q4: =AVERAGE(E4:O4) -> 61.545455 | R4: =RANK(Q4,$Q$4:$Q$55) -> 38
A5: 2 | C5: 16 | D5: M | E5: 92 | F5: 93 | G5: 95 | H5: 100 | I5: 96 | J5: 98 | K5: 95 | L5: 98 | M5: 93 | N5: 100 | O5: 100 | P5: =SUM(E5:O5) -> 1060 | Q5: =AVERAGE(E5:O5) -> 96.363636 | R5: =RANK(Q5,$Q$4:$Q$55) -> 1
A6: 3 | C6: 14 | D6: F | E6: 83 | F6: 46 | G6: 54 | H6: 53 | I6: 57 | J6: 40 | K6: 38 | L6: 63 | M6: 52 | N6: 67 | O6: 80 | P6: =SUM(E6:O6) -> 633 | Q6: =AVERAGE(E6:O6) -> 57.545455 | R6: =RANK(Q6,$Q$4:$Q$55) -> 44
A7: 4 | C7: 14 | D7: M | E7: 89 | F7: 70 | G7: 55 | H7: 69 | I7: 59 | J7: 72 | K7: 76 | L7: 91 | M7: 82 | N7: 77 | O7: 88 | P7: =SUM(E7:O7) -> 828 | Q7: =AVERAGE(E7:O7) -> 75.272727 | R7: =RANK(Q7,$Q$4:$Q$55) -> 22
A8: 5 | C8: 14 | D8: F | E8: 92 | F8: 87 | G8: 90 | H8: 88 | I8: 91 | J8: 92 | K8: 92 | L8: 93 | M8: 92 | N8: 96 | O8: 91 | P8: =SUM(E8:O8) -> 1004 | Q8: =AVERAGE(E8:O8) -> 91.272727 | R8: =RANK(Q8,$Q$4:$Q$55) -> 2
A9: 6 | C9: 16 | D9: F | E9: 55 | F9: 38 | G9: 51 | H9: 39 | I9: 51 | J9: 36 | K9: 41 | L9: 40 | M9: 50 | N9: 52 | O9: 79 | P9: =SUM(E9:O9) -> 532 | Q9: =AVERAGE(E9:O9) -> 48.363636 | R9: =RANK(Q9,$Q$4:$Q$55) -> 49
A10: 7 | C10: 14 | D10: F | E10: 90 | F10: 82 | G10: 63 | H10: 66 | I10: 69 | J10: 77 | K10: 80 | L10: 83 | M10: 88 | N10: 88 | O10: 90 | P10: =SUM(E10:O10) -> 876 | Q10: =AVERAGE(E10:O10) -> 79.636364 | R10: =RANK(Q10,$Q$4:$Q$55) -> 14
A11: 8 | C11: 14 | D11: M | E11: 88 | F11: 73 | G11: 61 | H11: 67 | I11: 68 | J11: 70 | K11: 66 | L11: 85 | M11: 79 | N11: 93 | O11: 78 | P11: =SUM(E11:O11) -> 828 | Q11: =AVERAGE(E11:O11) -> 75.272727 | R11: =RANK(Q11,$Q$4:$Q$55) -> 22
A12: 9 | C12: 15 | D12: M | E12: 77 | F12: 52 | G12: 33 | H12: 40 | I12: 40 | J12: 44 | K12: 50 | L12: 57 | M12: 51 | N12: 55 | O12: 78 | P12: =SUM(E12:O12) -> 577 | Q12: =AVERAGE(E12:O12) -> 52.454545 | R12: =RANK(Q12,$Q$4:$Q$55) -> 47
A13: 10 | C13: 15 | D13: M | E13: 89 | F13: 64 | G13: 56 | H13: 66 | I13: 58 | J13: 72 | K13: 82 | L13: 90 | M13: 77 | N13: 90 | O13: 100 | P13: =SUM(E13:O13) -> 844 | Q13: =AVERAGE(E13:O13) -> 76.727273 | R13: =RANK(Q13,$Q$4:$Q$55) -> 19
A14: 11 | C14: 14 | D14: F | E14: 84 | F14: 82 | G14: 84 | H14: 78 | I14: 68 | J14: 68 | K14: 82 | L14: 81 | M14: 81 | N14: 99 | O14: 94 | P14: =SUM(E14:O14) -> 901 | Q14: =AVERAGE(E14:O14) -> 81.909091 | R14: =RANK(Q14,$Q$4:$Q$55) -> 11
A15: 12 | C15: 15 | D15: F | E15: 71 | F15: 66 | G15: 55 | H15: 45 | I15: 54 | J15: 41 | K15: 51 | L15: 56 | M15: 60 | N15: 77 | O15: 85 | P15: =SUM(E15:O15) -> 661 | Q15: =AVERAGE(E15:O15) -> 60.090909 | R15: =RANK(Q15,$Q$4:$Q$55) -> 39
... A34: 31 | C34: 14 | D34: M | E34: 79 | F34: 48 | G34: 52 | H34: 51 | I34: 44 | J34: 54 | K34: 48 | L34: 64 | M34: 60 | N34: 73 | O34: 88 | P34: =SUM(E34:O34) -> 661 | Q34: =AVERAGE(E34:O34) -> 60.090909 | R34: =RANK(Q34,$Q$4:$Q$55) -> 39
A35: 32 | C35: 16 | D35: F | P35: =SUM(E35:O35) -> 0
A36: 33 | C36: 14 | D36: F | E36: 86 | F36: 81 | G36: 77 | H36: 71 | I36: 72 | J36: 75 | K36: 76 | L36: 80 | M36: 81 | N36: 91 | O36: 96 | P36: =SUM(E36:O36) -> 886 | Q36: =AVERAGE(E36:O36) -> 80.545455 | R36: =RANK(Q36,$Q$4:$Q$55) -> 12
A37: 34 | C37: 14 | D37: M | E37: 80 | F37: 62 | G37: 85 | H37: 76 | I37: 79 | J37: 77 | K37: 76 | L37: 77 | M37: 64 | N37: 95 | O37: 84 | P37: =SUM(E37:O37) -> 855 | Q37: =AVERAGE(E37:O37) -> 77.727273 | R37: =RANK(Q37,$Q$4:$Q$55) -> 16
A38: 35 | C38: 15 | D38: M | E38: 81 | F38: 67 | G38: 52 | H38: 68 | I38: 62 | J38: 84 | K38: 80 | L38: 89 | M38: 88 | N38: 89 | O38: 77 | P38: =SUM(E38:O38) -> 837 | Q38: =AVERAGE(E38:O38) -> 76.090909 | R38: =RANK(Q38,$Q$4:$Q$55) -> 21
A39: 36 | C39: 14 | D39: F | E39: 79 | F39: 63 | G39: 70 | H39: 61 | I39: 57 | J39: 65 | K39: 58 | L39: 74 | M39: 62 | N39: 79 | O39: 84 | P39: =SUM(E39:O39) -> 752 | Q39: =AVERAGE(E39:O39) -> 68.363636 | R39: =RANK(Q39,$Q$4:$Q$55) -> 31
A40: 37 | C40: 15 | D40: M | E40: 66 | F40: 66 | G40: 48 | H40: 63 | I40: 45 | J40: 57 | K40: 62 | L40: 73 | M40: 54 | N40: 47 | O40: 79 | P40: =SUM(E40:O40) -> 660 | Q40: =AVERAGE(E40:O40) -> 60 | R40: =RANK(Q40,$Q$4:$Q$55) -> 41
A41: 38 | C41: 15 | D41: F | E41: 84 | F41: 72 | G41: 74 | H41: 73 | I41: 61 | J41: 66 | K41: 71 | L41: 75 | M41: 78 | N41: 85 | O41: 82 | P41: =SUM(E41:O41) -> 821 | Q41: =AVERAGE(E41:O41) -> 74.636364 | R41: =RANK(Q41,$Q$4:$Q$55) -> 26
A42: 39 | C42: 14 | D42: M | E42: 84 | F42: 57 | G42: 57 | H42: 60 | I42: 45 | J42: 50 | K42: 50 | L42: 65 | M42: 57 | N42: 75 | O42: 79 | P42: =SUM(E42:O42) -> 679 | Q42: =AVERAGE(E42:O42) -> 61.727273 | R42: =RANK(Q42,$Q$4:$Q$55) -> 37
A43: 40 | C43: 15 | D43: F | P43: =SUM(E43:O43) -> 0
A44: 41 | C44: 16 | D44: M | E44: 58 | F44: 56 | G44: 56 | H44: 58 | I44: 57 | J44: 56 | K44: 66 | L44: 68 | M44: 53 | N44: 84 | O44: 85 | P44: =SUM(E44:O44) -> 697 | Q44: =AVERAGE(E44:O44) -> 63.363636 | R44: =RANK(Q44,$Q$4:$Q$55) -> 35
A45: 42 | C45: 16 | D45: F | E45: 67 | F45: 41 | G45: 31 | H45: 44 | I45: 51 | J45: 35 | K45: 43 | L45: 32 | M45: 48 | N45: 61 | O45: 66 | P45: =SUM(E45:O45) -> 519 | Q45: =AVERAGE(E45:O45) -> 47.181818 | R45: =RANK(Q45,$Q$4:$Q$55) -> 50
A46: 43 | C46: 14 | D46: M | E46: 83 | F46: 64 | G46: 62 | H46: 67 | I46: 58 | J46: 75 | K46: 69 | L46: 78 | M46: 60 | N46: 89 | O46: 78 | P46: =SUM(E46:O46) -> 783 | Q46: =AVERAGE(E46:O46) -> 71.181818 | R46: =RANK(Q46,$Q$4:$Q$55) -> 28
A47: 44 | C47: 15 | D47: F | E47: 63 | F47: 48 | G47: 37 | H47: 38 | I47: 39 | J47: 48 | K47: 46 | L47: 42 | M47: 53 | N47: 54 | O47: 78 | P47: =SUM(E47:O47) -> 546 | Q47: =AVERAGE(E47:O47) -> 49.636364 | R47: =RANK(Q47,$Q$4:$Q$55) -> 48
A48: 45 | C48: 14 | D48: M | E48: 81 | F48: 67 | G48: 61 | H48: 67 | I48: 61 | J48: 77 | K48: 81 | L48: 79 | M48: 80 | N48: 93 | O48: 100 | P48: =SUM(E48:O48) -> 847 | Q48: =AVERAGE(E48:O48) -> 77 | R48: =RANK(Q48,$Q$4:$Q$55) -> 18
A49: 46 | C49: 14 | D49: F | E49: 61 | F49: 47 | G49: 45 | H49: 52 | I49: 52 | J49: 45 | K49: 52 | L49: 51 | M49: 45 | N49: 85 | O49: 87 | P49: =SUM(E49:O49) -> 622 | Q49: =AVERAGE(E49:O49) -> 56.545455 | R49: =RANK(Q49,$Q$4:$Q$55) -> 46
A50: 47 | C50: 14 | D50: F | E50: 76 | F50: 74 | G50: 43 | H50: 55 | I50: 41 | J50: 52 | K50: 57 | L50: 67 | M50: 67 | N50: 72 | O50: 85 | P50: =SUM(E50:O50) -> 689 | Q50: =AVERAGE(E50:O50) -> 62.636364 | R50: =RANK(Q50,$Q$4:$Q$55) -> 36
A51: 48 | C51: 14 | D51: F | E51: 81 | F51: 63 | G51: 52 | H51: 60 | I51: 53 | J51: 54 | K51: 58 | L51: 72 | M51: 76 | N51: 69 | O51: 90 | P51: =SUM(E51:O51) -> 728 | Q51: =AVERAGE(E51:O51) -> 66.181818 | R51: =RANK(Q51,$Q$4:$Q$55) -> 33
A52: 49 | C52: 14 | D52: M | E52: 74 | F52: 76 | G52: 61 | H52: 68 | I52: 50 | J52: 56 | K52: 62 | L52: 61 | M52: 76 | N52: 82 | O52: 83 | P52: =SUM(E52:O52) -> 749 | Q52: =AVERAGE(E52:O52) -> 68.090909 | R52: =RANK(Q52,$Q$4:$Q$55) -> 32
A53: 50 | C53: 15 | D53: F | E53: 85 | F53: 58 | G53: 68 | H53: 71 | I53: 62 | J53: 60 | K53: 83 | L53: 85 | M53: 66 | N53: 94 | O53: 95 | P53: =SUM(E53:O53) -> 827 | Q53: =AVERAGE(E53:O53) -> 75.181818 | R53: =RANK(Q53,$Q$4:$Q$55) -> 24
A54: 51 | C54: 16 | D54: F | E54: 87 | F54: 72 | G54: 74 | H54: 71 | I54: 80 | J54: 72 | K54: 72 | L54: 82 | M54: 85 | N54: 89 | O54: 99 | P54: =SUM(E54:O54) -> 883 | Q54: =AVERAGE(E54:O54) -> 80.272727 | R54: =RANK(Q54,$Q$4:$Q$55) -> 13
A55: 52 | C55: 15 | D55: M | E55: 72 | F55: 51 | G55: 50 | H55: 51 | I55: 53 | J55: 56 | K55: 47 | L55: 55 | M55: 63 | N55: 78 | O55: 80 | P55: =SUM(E55:O55) -> 656 | Q55: =AVERAGE(E55:O55) -> 59.636364 | R55: =RANK(Q55,$Q$4:$Q$55) -> 42
A56: 53
A57: 54
A58: 55

Sheet 9A Sem 2
A1: Maria Rubbato Catholic School 2015 E.C Roster Grade 9A Student's
A2: Home Room Teacher Grade 9A
A3: No | B3: Student Name | C3: Age | D3: Sex | E3: Amharic | F3: English | G3: Maths | H3: physics | I3: chemistry | J3: Biology | K3: Geography | L3: History | M3: Civics | N3: ICT | O3: H.P.E | P3: Total | Q3: Average | R3: Rank | S3: Condc. | T3: Abse.
A4: 1 | C4: 14 | D4: F | E4: 80 | F4: 54 | G4: 70 | H4: 65 | I4: 51 | J4: 51 | K4: 61 | L4: 64 | M4: 58 | N4: 72 | O4: 84 | P4: =SUM(E4:O4) -> 710 | Q4: =AVERAGE(E4:O4) -> 64.545455 | R4: =RANK(Q4,$Q$4:$Q$55) -> 40
A5: 2 | C5: 16 | D5: M | E5: 96 | F5: 94 | G5: 96 | H5: 100 | I5: 96 | J5: 98 | K5: 96 | L5: 95 | M5: 100 | N5: 99 | O5: 100 | P5: =SUM(E5:O5) -> 1070 | Q5: =AVERAGE(E5:O5) -> 97.272727 | R5: =RANK(Q5,$Q$4:$Q$55) -> 1
A6: 3 | C6: 14 | D6: F | E6: 79 | F6: 50 | G6: 54 | H6: 50 | I6: 43 | J6: 46 | K6: 51 | L6: 41 | M6: 55 | N6: 77 | O6: 92 | P6: =SUM(E6:O6) -> 638 | Q6: =AVERAGE(E6:O6) -> 58 | R6: =RANK(Q6,$Q$4:$Q$55) -> 45
A7: 4 | C7: 14 | D7: M | E7: 82 | F7: 73 | G7: 71 | H7: 69 | I7: 66 | J7: 80 | K7: 82 | L7: 91 | M7: 88 | N7: 92 | O7: 91 | P7: =SUM(E7:O7) -> 885 | Q7: =AVERAGE(E7:O7) -> 80.454545 | R7: =RANK(Q7,$Q$4:$Q$55) -> 16
A8: 5 | C8: 14 | D8: F | E8: 91 | F8: 96 | G8: 93 | H8: 90 | I8: 83 | J8: 96 | K8: 86 | L8: 86 | M8: 96 | N8: 99 | O8: 94 | P8: =SUM(E8:O8) -> 1010 | Q8: =AVERAGE(E8:O8) -> 91.818182 | R8: =RANK(Q8,$Q$4:$Q$55) -> 3
A9: 6 | C9: 16 | D9: F | E9: 69 | F9: 44 | G9: 42 | H9: 44 | I9: 41 | J9: 38 | K9: 45 | L9: 44 | M9: 48 | N9: 65 | O9: 64 | P9: =SUM(E9:O9) -> 544 | Q9: =AVERAGE(E9:O9) -> 49.454545 | R9: =RANK(Q9,$Q$4:$Q$55) -> 48
A10: 7 | C10: 14 | D10: F | E10: 85 | F10: 83 | G10: 60 | H10: 69 | I10: 64 | J10: 81 | K10: 82 | L10: 81 | M10: 94 | N10: 87 | O10: 87 | P10: =SUM(E10:O10) -> 873 | Q10: =AVERAGE(E10:O10) -> 79.363636 | R10: =RANK(Q10,$Q$4:$Q$55) -> 19
A11: 8 | C11: 14 | D11: M | E11: 87 | F11: 74 | G11: 54 | H11: 52 | I11: 53 | J11: 59 | K11: 67 | L11: 76 | M11: 93 | N11: 83 | O11: 89 | P11: =SUM(E11:O11) -> 787 | Q11: =AVERAGE(E11:O11) -> 71.545455 | R11: =RANK(Q11,$Q$4:$Q$55) -> 28
A12: 9 | C12: 15 | D12: M | E12: 57 | F12: 46 | G12: 35 | H12: 42 | I12: 56 | J12: 34 | K12: 51 | L12: 40 | M12: 53 | N12: 54 | O12: 83 | P12: =SUM(E12:O12) -> 551 | Q12: =AVERAGE(E12:O12) -> 50.090909 | R12: =RANK(Q12,$Q$4:$Q$55) -> 47
A13: 10 | C13: 15 | D13: M | E13: 92 | F13: 64 | G13: 52 | H13: 58 | I13: 58 | J13: 75 | K13: 79 | L13: 73 | M13: 82 | N13: 85 | O13: 92 | P13: =SUM(E13:O13) -> 810 | Q13: =AVERAGE(E13:O13) -> 73.636364 | R13: =RANK(Q13,$Q$4:$Q$55) -> 25
A14: 11 | C14: 14 | D14: F | E14: 87 | F14: 85 | G14: 81 | H14: 78 | I14: 68 | J14: 73 | K14: 78 | L14: 77 | M14: 90 | N14: 99 | O14: 92 | P14: =SUM(E14:O14) -> 908 | Q14: =AVERAGE(E14:O14) -> 82.545455 | R14: =RANK(Q14,$Q$4:$Q$55) -> 14
A15: 12 | C15: 15 | D15: F | E15: 84 | F15: 50 | G15: 57 | H15: 53 | I15: 54 | J15: 50 | K15: 55 | L15: 50 | M15: 63 | N15: 76 | O15: 93 | P15: =SUM(E15:O15) -> 685 | Q15: =AVERAGE(E15:O15) -> 62.272727 | R15: =RANK(Q15,$Q$4:$Q$55) -> 42
... A34: 31 | C34: 14 | D34: M | E34: 78 | F34: 56 | G34: 57 | H34: 44 | I34: 54 | J34: 57 | K34: 70 | L34: 80 | M34: 58 | N34: 78 | O34: 81 | P34: =SUM(E34:O34) -> 713 | Q34: =AVERAGE(E34:O34) -> 64.818182 | R34: =RANK(Q34,$Q$4:$Q$55) -> 39
A35: 32 | C35: 16 | D35: F | P35: =SUM(E35:O35) -> 0
A36: 33 | C36: 14 | D36: F | E36: 85 | F36: 82 | G36: 63 | H36: 72 | I36: 78 | J36: 81 | K36: 75 | L36: 73 | M36: 93 | N36: 93 | O36: 88 | P36: =SUM(E36:O36) -> 883 | Q36: =AVERAGE(E36:O36) -> 80.272727 | R36: =RANK(Q36,$Q$4:$Q$55) -> 17
A37: 34 | C37: 14 | D37: M | E37: 82 | F37: 68 | G37: 87 | H37: 80 | I37: 73 | J37: 76 | K37: 73 | L37: 64 | M37: 71 | N37: 91 | O37: 91 | P37: =SUM(E37:O37) -> 856 | Q37: =AVERAGE(E37:O37) -> 77.818182 | R37: =RANK(Q37,$Q$4:$Q$55) -> 22
A38: 35 | C38: 15 | D38: M | P38: =SUM(E38:O38) -> 0
A39: 36 | C39: 14 | D39: F | E39: 80 | F39: 69 | G39: 58 | H39: 57 | I39: 56 | J39: 71 | K39: 65 | L39: 71 | M39: 69 | N39: 86 | O39: 93 | P39: =SUM(E39:O39) -> 775 | Q39: =AVERAGE(E39:O39) -> 70.454545 | R39: =RANK(Q39,$Q$4:$Q$55) -> 30
A40: 37 | C40: 15 | D40: M | E40: 70 | F40: 76 | G40: 43 | H40: 51 | I40: 48 | J40: 58 | K40: 64 | L40: 64 | M40: 80 | N40: 61 | O40: 74 | P40: =SUM(E40:O40) -> 689 | Q40: =AVERAGE(E40:O40) -> 62.636364 | R40: =RANK(Q40,$Q$4:$Q$55) -> 41
A41: 38 | C41: 15 | D41: F | E41: 84 | F41: 78 | G41: 70 | H41: 66 | I41: 64 | J41: 58 | K41: 69 | L41: 64 | M41: 87 | N41: 82 | O41: 92 | P41: =SUM(E41:O41) -> 814 | Q41: =AVERAGE(E41:O41) -> 74 | R41: =RANK(Q41,$Q$4:$Q$55) -> 24
A42: 39 | C42: 14 | D42: M | E42: 81 | F42: 67 | G42: 58 | H42: 59 | I42: 53 | J42: 59 | K42: 67 | L42: 55 | M42: 63 | N42: 89 | O42: 90 | P42: =SUM(E42:O42) -> 741 | Q42: =AVERAGE(E42:O42) -> 67.363636 | R42: =RANK(Q42,$Q$4:$Q$55) -> 33
A43: 40 | C43: 15 | D43: F | P43: =SUM(E43:O43) -> 0
A44: 41 | C44: 16 | D44: M | E44: 64 | F44: 56 | G44: 61 | H44: 60 | I44: 53 | J44: 56 | K44: 70 | L44: 70 | M44: 66 | N44: 88 | O44: 92 | P44: =SUM(E44:O44) -> 736 | Q44: =AVERAGE(E44:O44) -> 66.909091 | R44: =RANK(Q44,$Q$4:$Q$55) -> 35
A45: 42 | C45: 16 | D45: F | P45: =SUM(E45:O45) -> 0
A46: 43 | C46: 14 | D46: M | E46: 77 | F46: 69 | G46: 62 | H46: 61 | I46: 59 | J46: 82 | K46: 74 | L46: 57 | M46: 81 | N46: 90 | O46: 88 | P46: =SUM(E46:O46) -> 800 | Q46: =AVERAGE(E46:O46) -> 72.727273 | R46: =RANK(Q46,$Q$4:$Q$55) -> 26
A47: 44 | C47: 15 | D47: F | E47: 77 | F47: 55 | G47: 36 | H47: 33 | I47: 44 | J47: 45 | K47: 46 | L47: 44 | M47: 66 | N47: 72 | O47: 70 | P47: =SUM(E47:O47) -> 588 | Q47: =AVERAGE(E47:O47) -> 53.454545 | R47: =RANK(Q47,$Q$4:$Q$55) -> 46
A48: 45 | C48: 14 | D48: M | E48: 85 | F48: 69 | G48: 81 | H48: 72 | I48: 75 | J48: 81 | K48: 84 | L48: 80 | M48: 87 | N48: 95 | O48: 100 | P48: =SUM(E48:O48) -> 909 | Q48: =AVERAGE(E48:O48) -> 82.636364 | R48: =RANK(Q48,$Q$4:$Q$55) -> 13
A49: 46 | C49: 14 | D49: F | E49: 68 | F49: 56 | G49: 41 | H49: 54 | I49: 40 | J49: 46 | K49: 60 | L49: 58 | M49: 52 | N49: 82 | O49: 88 | P49: =SUM(E49:O49) -> 645 | Q49: =AVERAGE(E49:O49) -> 58.636364 | R49: =RANK(Q49,$Q$4:$Q$55) -> 44
A50: 47 | C50: 14 | D50: F | E50: 80 | F50: 68 | G50: 41 | H50: 43 | I50: 46 | J50: 58 | K50: 66 | L50: 71 | M50: 80 | N50: 81 | O50: 85 | P50: =SUM(E50:O50) -> 719 | Q50: =AVERAGE(E50:O50) -> 65.363636 | R50: =RANK(Q50,$Q$4:$Q$55) -> 37
A51: 48 | C51: 14 | D51: F | E51: 82 | F51: 71 | G51: 53 | H51: 63 | I51: 43 | J51: 60 | K51: 63 | L51: 59 | M51: 64 | N51: 84 | O51: 94 | P51: =SUM(E51:O51) -> 736 | Q51: =AVERAGE(E51:O51) -> 66.909091 | R51: =RANK(Q51,$Q$4:$Q$55) -> 35
A52: 49 | C52: 14 | D52: M | E52: 67 | F52: 86 | G52: 55 | H52: 59 | I52: 64 | J52: 51 | K52: 61 | L52: 69 | M52: 78 | N52: 93 | O52: 84 | P52: =SUM(E52:O52) -> 767 | Q52: =AVERAGE(E52:O52) -> 69.727273 | R52: =RANK(Q52,$Q$4:$Q$55) -> 31
A53: 50 | C53: 15 | D53: F | E53: 83 | F53: 64 | G53: 67 | H53: 67 | I53: 58 | J53: 74 | K53: 82 | L53: 86 | M53: 75 | N53: 88 | O53: 94 | P53: =SUM(E53:O53) -> 838 | Q53: =AVERAGE(E53:O53) -> 76.181818 | R53: =RANK(Q53,$Q$4:$Q$55) -> 23
A54: 51 | C54: 16 | D54: F | E54: 84 | F54: 78 | G54: 75 | H54: 68 | I54: 64 | J54: 72 | K54: 69 | L54: 71 | M54: 87 | N54: 100 | O54: 92 | P54: =SUM(E54:O54) -> 860 | Q54: =AVERAGE(E54:O54) -> 78.181818 | R54: =RANK(Q54,$Q$4:$Q$55) -> 21
A55: 52 | C55: 15 | D55: M | E55: 75 | F55: 61 | G55: 53 | H55: 52 | I55: 55 | J55: 57 | K55: 59 | L55: 63 | M55: 65 | N55: 86 | O55: 93 | P55: =SUM(E55:O55) -> 719 | Q55: =AVERAGE(E55:O55) -> 65.363636 | R55: =RANK(Q55,$Q$4:$Q$55) -> 37
A56: 53
A57: 54
A58: 55

Sheet 9A Sem avr
A1: Maria Rubbato Catholic School 2015E.C Roster Grade 9A Student's
A2: Home Room Teacher Grade 9A
A3: No | B3: Student Name | C3: Age | D3: Sex | E3: Semster 1 Average | F3: Semster 2 Average | G3: Average | H3: Rank
A4: 1 | C4: 14 | D4: F | E4: ='9A Sem 1'!Q4 -> 61.545455 | F4: ='9A Sem 2'!Q4 -> 64.545455 | G4: =AVERAGE(E4:F4) -> 63.045455 | H4: =RANK(G4,$G$4:$G$55) -> 37
A5: 2 | C5: 16 | D5: M | E5: ='9A Sem 1'!Q5 -> 96.363636 | F5: ='9A Sem 2'!Q5 -> 97.272727 | G5: =AVERAGE(E5:F5) -> 96.818182 | H5: =RANK(G5,$G$4:$G$55) -> 1
A6: 3 | C6: 14 | D6: F | E6: ='9A Sem 1'!Q6 -> 57.545455 | F6: ='9A Sem 2'!Q6 -> 58 | G6: =AVERAGE(E6:F6) -> 57.772727 | H6: =RANK(G6,$G$4:$G$55) -> 44
A7: 4 | C7: 14 | D7: M | E7: ='9A Sem 1'!Q7 -> 75.272727 | F7: ='9A Sem 2'!Q7 -> 80.454545 | G7: =AVERAGE(E7:F7) -> 77.863636 | H7: =RANK(G7,$G$4:$G$55) -> 20
A8: 5 | C8: 14 | D8: F | E8: ='9A Sem 1'!Q8 -> 91.272727 | F8: ='9A Sem 2'!Q8 -> 91.818182 | G8: =AVERAGE(E8:F8) -> 91.545455 | H8: =RANK(G8,$G$4:$G$55) -> 3
A9: 6 | C9: 16 | D9: F | E9: ='9A Sem 1'!Q9 -> 48.363636 | F9: ='9A Sem 2'!Q9 -> 49.454545 | G9: =AVERAGE(E9:F9) -> 48.909091 | H9: =RANK(G9,$G$4:$G$55) -> 48
A10: 7 | C10: 14 | D10: F | E10: ='9A Sem 1'!Q10 -> 79.636364 | F10: ='9A Sem 2'!Q10 -> 79.363636 | G10: =AVERAGE(E10:F10) -> 79.5 | H10: =RANK(G10,$G$4:$G$55) -> 16
A11: 8 | C11: 14 | D11: M | E11: ='9A Sem 1'!Q11 -> 75.272727 | F11: ='9A Sem 2'!Q11 -> 71.545455 | G11: =AVERAGE(E11:F11) -> 73.409091 | H11: =RANK(G11,$G$4:$G$55) -> 26
A12: 9 | C12: 15 | D12: M | E12: ='9A Sem 1'!Q12 -> 52.454545 | F12: ='9A Sem 2'!Q12 -> 50.090909 | G12: =AVERAGE(E12:F12) -> 51.272727 | H12: =RANK(G12,$G$4:$G$55) -> 47
A13: 10 | C13: 15 | D13: M | E13: ='9A Sem 1'!Q13 -> 76.727273 | F13: ='9A Sem 2'!Q13 -> 73.636364 | G13: =AVERAGE(E13:F13) -> 75.181818 | H13: =RANK(G13,$G$4:$G$55) -> 24
A14: 11 | C14: 14 | D14: F | E14: ='9A Sem 1'!Q14 -> 81.909091 | F14: ='9A Sem 2'!Q14 -> 82.545455 | G14: =AVERAGE(E14:F14) -> 82.227273 | H14: =RANK(G14,$G$4:$G$55) -> 11
A15: 12 | C15: 15 | D15: F | E15: ='9A Sem 1'!Q15 -> 60.090909 | F15: ='9A Sem 2'!Q15 -> 62.272727 | G15: =AVERAGE(E15:F15) -> 61.181818 | H15: =RANK(G15,$G$4:$G$55) -> 42
... A55: 52 | C55: 15 | D55: M | E55: ='9A Sem 1'!Q55 -> 59.636364 | F55: ='9A Sem 2'!Q55 -> 65.363636 | G55: =AVERAGE(E55:F55) -> 62.5 | H55: =RANK(G55,$G$4:$G$55) -> 39
A56: 53 | E56: ='9A Sem 1'!Q56 -> 0 | F56: ='9A Sem 2'!Q56 -> 0 | G56: =AVERAGE(E56:F56) -> 0
A57: 54 | E57: ='9A Sem 1'!Q57 -> 0 | F57: ='9A Sem 2'!Q57 -> 0 | G57: =AVERAGE(E57:F57) -> 0
A58: 55 | E58: ='9A Sem 1'!Q58 -> 0 | F58: ='9A Sem 2'!Q58 -> 0 | G58: =AVERAGE(E58:F58) -> 0

Sheet Roster 9B
A1: Maria Rubbato Catholic School 2015 E.C Roster Grade 9B Student's
A3: Home Room Teacher Grade 9B
A5: No | B5: Student Name | C5: Age | D5: Sex | E5: Semester | F5: Amharic | G5: English | H5: Maths | I5: physics | J5: chemistry | K5: Biology | L5: Geography | M5: History | N5: Civics | O5: ICT | P5: H.P.E | Q5: Total | R5: Average | S5: Rank | T5: Condc. | U5: Abse.
A6: 1 | C6: 15 | D6: M | E6: Semister 1 | F6: ='9B Sem 1'!E4 -> 87 | G6: ='9B Sem 1'!F4 -> 51 | H6: ='9B Sem 1'!G4 -> 69 | I6: ='9B Sem 1'!H4 -> 47 | J6: ='9B Sem 1'!I4 -> 61 | K6: ='9B Sem 1'!J4 -> 55 | L6: ='9B Sem 1'!K4 -> 51 | M6: ='9B Sem 1'!L4 -> 64 | ... U6: ='9B Sem 1'!T4 -> 0
C7: 15 | D7: M | E7: Semister 2 | F7: ='9B Sem 2'!E4 -> 82 | G7: ='9B Sem 2'!F4 -> 62 | H7: ='9B Sem 2'!G4 -> 73 | I7: ='9B Sem 2'!H4 -> 55 | J7: ='9B Sem 2'!I4 -> 61 | K7: ='9B Sem 2'!J4 -> 58 | L7: ='9B Sem 2'!K4 -> 57 | M7: ='9B Sem 2'!L4 -> 62 | ... U7: ='9B Sem 2'!T4 -> 0
C8: 15 | D8: M | E8: Average | F8: =AVERAGE(F6:F7) -> 84.5 | G8: =AVERAGE(G6:G7) -> 56.5 | H8: =AVERAGE(H6:H7) -> 71 | I8: =AVERAGE(I6:I7) -> 51 | J8: =AVERAGE(J6:J7) -> 61 | K8: =AVERAGE(K6:K7) -> 56.5 | L8: =AVERAGE(L6:L7) -> 54 | M8: =AVERAGE(M6:M7) -> 63 | ... R8: =AVERAGE(R6:R7) -> 65.227273 | T8: =AVERAGE(T6:T7) -> 0 | U8: =AVERAGE(U6:U7) -> 0
A9: 2 | C9: 15 | D9: F | E9: Semister 1 | F9: ='9B Sem 1'!E5 -> 87 | G9: ='9B Sem 1'!F5 -> 66 | H9: ='9B Sem 1'!G5 -> 63 | I9: ='9B Sem 1'!H5 -> 72 | J9: ='9B Sem 1'!I5 -> 58 | K9: ='9B Sem 1'!J5 -> 65 | L9: ='9B Sem 1'!K5 -> 69 | M9: ='9B Sem 1'!L5 -> 81 | ... U9: ='9B Sem 1'!T5 -> 0
C10: 15 | D10: F | E10: Semister 2 | F10: ='9B Sem 2'!E5 -> 91 | G10: ='9B Sem 2'!F5 -> 68 | H10: ='9B Sem 2'!G5 -> 64 | I10: ='9B Sem 2'!H5 -> 66 | J10: ='9B Sem 2'!I5 -> 59 | K10: ='9B Sem 2'!J5 -> 62 | L10: ='9B Sem 2'!K5 -> 65 | M10: ='9B Sem 2'!L5 -> 73 | ... U10: ='9B Sem 2'!T5 -> 0
C11: 15 | D11: F | E11: Average | F11: =AVERAGE(F9:F10) -> 89 | G11: =AVERAGE(G9:G10) -> 67 | H11: =AVERAGE(H9:H10) -> 63.5 | I11: =AVERAGE(I9:I10) -> 69 | J11: =AVERAGE(J9:J10) -> 58.5 | K11: =AVERAGE(K9:K10) -> 63.5 | L11: =AVERAGE(L9:L10) -> 67 | M11: =AVERAGE(M9:M10) -> 77 | ... R11: =AVERAGE(R9:R10) -> 72.636364 | T11: =AVERAGE(T9:T10) -> 0 | U11: =AVERAGE(U9:U10) -> 0
A12: 3 | C12: 14 | D12: M | E12: Semister 1 | F12: ='9B Sem 1'!E6 -> 88 | G12: ='9B Sem 1'!F6 -> 70 | H12: ='9B Sem 1'!G6 -> 62 | I12: ='9B Sem 1'!H6 -> 57 | J12: ='9B Sem 1'!I6 -> 50 | K12: ='9B Sem 1'!J6 -> 51 | L12: ='9B Sem 1'!K6 -> 59 | M12: ='9B Sem 1'!L6 -> 68 | ... U12: ='9B Sem 1'!T6 -> 0
C13: 14 | D13: M | E13: Semister 2 | F13: ='9B Sem 2'!E6 -> 92 | G13: ='9B Sem 2'!F6 -> 77 | H13: ='9B Sem 2'!G6 -> 55 | I13: ='9B Sem 2'!H6 -> 55 | J13: ='9B Sem 2'!I6 -> 54 | K13: ='9B Sem 2'!J6 -> 58 | L13: ='9B Sem 2'!K6 -> 59 | M13: ='9B Sem 2'!L6 -> 61 | ... U13: ='9B Sem 2'!T6 -> 0
C14: 14 | D14: M | E14: Average | F14: =AVERAGE(F12:F13) -> 90 | G14: =AVERAGE(G12:G13) -> 73.5 | H14: =AVERAGE(H12:H13) -> 58.5 | I14: =AVERAGE(I12:I13) -> 56 | J14: =AVERAGE(J12:J13) -> 52 | K14: =AVERAGE(K12:K13) -> 54.5 | L14: =AVERAGE(L12:L13) -> 59 | M14: =AVERAGE(M12:M13) -> 64.5 | ... R14: =AVERAGE(R12:R13) -> 68.227273 | T14: =AVERAGE(T12:T13) -> 0 | U14: =AVERAGE(U12:U13) -> 0
A15: 4 | C15: 14 | D15: M | E15: Semister 1 | F15: ='9B Sem 1'!E7 -> 84 | G15: ='9B Sem 1'!F7 -> 77 | H15: ='9B Sem 1'!G7 -> 91 | I15: ='9B Sem 1'!H7 -> 71 | J15: ='9B Sem 1'!I7 -> 89 | K15: ='9B Sem 1'!J7 -> 86 | L15: ='9B Sem 1'!K7 -> 79 | M15: ='9B Sem 1'!L7 -> 84 | ... U15: ='9B Sem 1'!T7 -> 0
C16: 14 | D16: M | E16: Semister 2 | F16: ='9B Sem 2'!E7 -> 88 | G16: ='9B Sem 2'!F7 -> 72 | H16: ='9B Sem 2'!G7 -> 86 | I16: ='9B Sem 2'!H7 -> 78 | J16: ='9B Sem 2'!I7 -> 85 | K16: ='9B Sem 2'!J7 -> 91 | L16: ='9B Sem 2'!K7 -> 74 | M16: ='9B Sem 2'!L7 -> 71 | ... U16: ='9B Sem 2'!T7 -> 0
C17: 14 | D17: M | E17: Average | F17: =AVERAGE(F15:F16) -> 86 | G17: =AVERAGE(G15:G16) -> 74.5 | H17: =AVERAGE(H15:H16) -> 88.5 | I17: =AVERAGE(I15:I16) -> 74.5 | J17: =AVERAGE(J15:J16) -> 87 | K17: =AVERAGE(K15:K16) -> 88.5 | L17: =AVERAGE(L15:L16) -> 76.5 | M17: =AVERAGE(M15:M16) -> 77.5 | ... R17: =AVERAGE(R15:R16) -> 82.954545 | T17: =AVERAGE(T15:T16) -> 0 | U17: =AVERAGE(U15:U16) -> 0
A18: 5 | C18: 14 | D18: M | E18: Semister 1 | F18: ='9B Sem 1'!E8 -> 67 | G18: ='9B Sem 1'!F8 -> 54 | H18: ='9B Sem 1'!G8 -> 42 | I18: ='9B Sem 1'!H8 -> 56 | J18: ='9B Sem 1'!I8 -> 57 | K18: ='9B Sem 1'!J8 -> 55 | L18: ='9B Sem 1'!K8 -> 58 | M18: ='9B Sem 1'!L8 -> 62 | ... U18: ='9B Sem 1'!T8 -> 0
C19: 14 | D19: M | E19: Semister 2 | F19: ='9B Sem 2'!E8 -> 73 | G19: ='9B Sem 2'!F8 -> 55 | H19: ='9B Sem 2'!G8 -> 55 | I19: ='9B Sem 2'!H8 -> 52 | J19: ='9B Sem 2'!I8 -> 53 | K19: ='9B Sem 2'!J8 -> 52 | L19: ='9B Sem 2'!K8 -> 52 | M19: ='9B Sem 2'!L8 -> 60 | ... U19: ='9B Sem 2'!T8 -> 0
C20: 14 | D20: M | E20: Average | F20: =AVERAGE(F18:F19) -> 70 | G20: =AVERAGE(G18:G19) -> 54.5 | H20: =AVERAGE(H18:H19) -> 48.5 | I20: =AVERAGE(I18:I19) -> 54 | J20: =AVERAGE(J18:J19) -> 55 | K20: =AVERAGE(K18:K19) -> 53.5 | L20: =AVERAGE(L18:L19) -> 55 | M20: =AVERAGE(M18:M19) -> 61 | ... R20: =AVERAGE(R18:R19) -> 60.681818 | T20: =AVERAGE(T18:T19) -> 0 | U20: =AVERAGE(U18:U19) -> 0
A21: 6 | C21: 15 | D21: M | E21: Semister 1 | F21: ='9B Sem 1'!E9 -> 73 | G21: ='9B Sem 1'!F9 -> 66 | H21: ='9B Sem 1'!G9 -> 72 | I21: ='9B Sem 1'!H9 -> 64 | J21: ='9B Sem 1'!I9 -> 68 | K21: ='9B Sem 1'!J9 -> 86 | L21: ='9B Sem 1'!K9 -> 78 | M21: ='9B Sem 1'!L9 -> 81 | ... U21: ='9B Sem 1'!T9 -> 0
C22: 15 | D22: F | E22: Semister 2 | F22: ='9B Sem 2'!E9 -> 77 | G22: ='9B Sem 2'!F9 -> 69 | H22: ='9B Sem 2'!G9 -> 87 | I22: ='9B Sem 2'!H9 -> 58 | J22: ='9B Sem 2'!I9 -> 68 | K22: ='9B Sem 2'!J9 -> 82 | L22: ='9B Sem 2'!K9 -> 72 | M22: ='9B Sem 2'!L9 -> 74 | ... U22: ='9B Sem 2'!T9 -> 0
C23: 15 | D23: F | E23: Average | F23: =AVERAGE(F21:F22) -> 75 | G23: =AVERAGE(G21:G22) -> 67.5 | H23: =AVERAGE(H21:H22) -> 79.5 | I23: =AVERAGE(I21:I22) -> 61 | J23: =AVERAGE(J21:J22) -> 68 | K23: =AVERAGE(K21:K22) -> 84 | L23: =AVERAGE(L21:L22) -> 75 | M23: =AVERAGE(M21:M22) -> 77.5 | ... R23: =AVERAGE(R21:R22) -> 76.136364 | T23: =AVERAGE(T21:T22) -> 0 | U23: =AVERAGE(U21:U22) -> 0
A24: 7 | C24: 14 | D24: F | E24: Semister 1 | F24: ='9B Sem 1'!E10 -> 78 | G24: ='9B Sem 1'!F10 -> 67 | H24: ='9B Sem 1'!G10 -> 73 | I24: ='9B Sem 1'!H10 -> 61 | J24: ='9B Sem 1'!I10 -> 58 | K24: ='9B Sem 1'!J10 -> 69 | L24: ='9B Sem 1'!K10 -> 69 | M24: ='9B Sem 1'!L10 -> 67 | ... U24: ='9B Sem 1'!T10 -> 0
C25: 14 | D25: F | E25: Semister 2 | F25: ='9B Sem 2'!E10 -> 87 | G25: ='9B Sem 2'!F10 -> 81 | H25: ='9B Sem 2'!G10 -> 59 | I25: ='9B Sem 2'!H10 -> 61 | J25: ='9B Sem 2'!I10 -> 52 | K25: ='9B Sem 2'!J10 -> 70 | L25: ='9B Sem 2'!K10 -> 72 | M25: ='9B Sem 2'!L10 -> 66 | ... U25: ='9B Sem 2'!T10 -> 0
C26: 14 | D26: F | E26: Average | F26: =AVERAGE(F24:F25) -> 82.5 | G26: =AVERAGE(G24:G25) -> 74 | H26: =AVERAGE(H24:H25) -> 66 | I26: =AVERAGE(I24:I25) -> 61 | J26: =AVERAGE(J24:J25) -> 55 | K26: =AVERAGE(K24:K25) -> 69.5 | L26: =AVERAGE(L24:L25) -> 70.5 | M26: =AVERAGE(M24:M25) -> 66.5 | ... R26: =AVERAGE(R24:R25) -> 71.272727 | T26: =AVERAGE(T24:T25) -> 0 | U26: =AVERAGE(U24:U25) -> 0
A27: 8 | C27: 15 | D27: M | E27: Semister 1 | F27: ='9B Sem 1'!E11 -> 79 | G27: ='9B Sem 1'!F11 -> 62 | H27: ='9B Sem 1'!G11 -> 58 | I27: ='9B Sem 1'!H11 -> 68 | J27: ='9B Sem 1'!I11 -> 60 | K27: ='9B Sem 1'!J11 -> 55 | L27: ='9B Sem 1'!K11 -> 57 | M27: ='9B Sem 1'!L11 -> 68 | ... U27: ='9B Sem 1'!T11 -> 0
C28: 15 | D28: M | E28: Semister 2 | F28: ='9B Sem 2'!E11 -> 79 | G28: ='9B Sem 2'!F11 -> 64 | H28: ='9B Sem 2'!G11 -> 65 | I28: ='9B Sem 2'!H11 -> 59 | J28: ='9B Sem 2'!I11 -> 56 | K28: ='9B Sem 2'!J11 -> 52 | L28: ='9B Sem 2'!K11 -> 55 | M28: ='9B Sem 2'!L11 -> 50 | ... U28: ='9B Sem 2'!T11 -> 0
C29: 15 | D29: M | E29: Average | F29: =AVERAGE(F27:F28) -> 79 | G29: =AVERAGE(G27:G28) -> 63 | H29: =AVERAGE(H27:H28) -> 61.5 | I29: =AVERAGE(I27:I28) -> 63.5 | J29: =AVERAGE(J27:J28) -> 58 | K29: =AVERAGE(K27:K28) -> 53.5 | L29: =AVERAGE(L27:L28) -> 56 | M29: =AVERAGE(M27:M28) -> 59 | ... R29: =AVERAGE(R27:R28) -> 65.954545 | T29: =AVERAGE(T27:T28) -> 0 | U29: =AVERAGE(U27:U28) -> 0
A30: 9 | C30: 15 | D30: M | E30: Semister 1 | F30: ='9B Sem 1'!E12 -> 83 | G30: ='9B Sem 1'!F12 -> 51 | H30: ='9B Sem 1'!G12 -> 46 | I30: ='9B Sem 1'!H12 -> 51 | J30: ='9B Sem 1'!I12 -> 74 | K30: ='9B Sem 1'!J12 -> 78 | L30: ='9B Sem 1'!K12 -> 77 | M30: ='9B Sem 1'!L12 -> 91 | ... U30: ='9B Sem 1'!T12 -> 0
C31: 15 | D31: M | E31: Semister 2 | F31: ='9B Sem 2'!E12 -> 87 | G31: ='9B Sem 2'!F12 -> 64 | H31: ='9B Sem 2'!G12 -> 47 | I31: ='9B Sem 2'!H12 -> 57 | J31: ='9B Sem 2'!I12 -> 61 | K31: ='9B Sem 2'!J12 -> 70 | L31: ='9B Sem 2'!K12 -> 80 | M31: ='9B Sem 2'!L12 -> 77 | ... U31: ='9B Sem 2'!T12 -> 0
C32: 15 | D32: M | E32: Average | F32: =AVERAGE(F30:F31) -> 85 | G32: =AVERAGE(G30:G31) -> 57.5 | H32: =AVERAGE(H30:H31) -> 46.5 | I32: =AVERAGE(I30:I31) -> 54 | J32: =AVERAGE(J30:J31) -> 67.5 | K32: =AVERAGE(K30:K31) -> 74 | L32: =AVERAGE(L30:L31) -> 78.5 | M32: =AVERAGE(M30:M31) -> 84 | ... R32: =AVERAGE(R30:R31) -> 70.545455 | T32: =AVERAGE(T30:T31) -> 0 | U32: =AVERAGE(U30:U31) -> 0
A33: 10 | C33: 14 | D33: F | E33: Semister 1 | F33: ='9B Sem 1'!E13 -> 91 | G33: ='9B Sem 1'!F13 -> 67 | H33: ='9B Sem 1'!G13 -> 82 | I33: ='9B Sem 1'!H13 -> 64 | J33: ='9B Sem 1'!I13 -> 72 | K33: ='9B Sem 1'!J13 -> 68 | L33: ='9B Sem 1'!K13 -> 64 | M33: ='9B Sem 1'!L13 -> 81 | ... U33: ='9B Sem 1'!T13 -> 0
C34: 14 | D34: F | E34: Semister 2 | F34: ='9B Sem 2'!E13 -> 91 | G34: ='9B Sem 2'!F13 -> 84 | H34: ='9B Sem 2'!G13 -> 78 | I34: ='9B Sem 2'!H13 -> 71 | J34: ='9B Sem 2'!I13 -> 77 | K34: ='9B Sem 2'!J13 -> 82 | L34: ='9B Sem 2'!K13 -> 84 | M34: ='9B Sem 2'!L13 -> 75 | ... U34: ='9B Sem 2'!T13 -> 0
C35: 14 | D35: F | E35: Average | F35: =AVERAGE(F33:F34) -> 91 | G35: =AVERAGE(G33:G34) -> 75.5 | H35: =AVERAGE(H33:H34) -> 80 | I35: =AVERAGE(I33:I34) -> 67.5 | J35: =AVERAGE(J33:J34) -> 74.5 | K35: =AVERAGE(K33:K34) -> 75 | L35: =AVERAGE(L33:L34) -> 74 | M35: =AVERAGE(M33:M34) -> 78 | ... R35: =AVERAGE(R33:R34) -> 79.681818 | T35: =AVERAGE(T33:T34) -> 0 | U35: =AVERAGE(U33:U34) -> 0
A36: 11 | C36: 14 | D36: F | E36: Semister 1 | F36: ='9B Sem 1'!E14 -> 87 | G36: ='9B Sem 1'!F14 -> 74 | H36: ='9B Sem 1'!G14 -> 84 | I36: ='9B Sem 1'!H14 -> 76 | J36: ='9B Sem 1'!I14 -> 81 | K36: ='9B Sem 1'!J14 -> 94 | L36: ='9B Sem 1'!K14 -> 80 | M36: ='9B Sem 1'!L14 -> 83 | ... U36: ='9B Sem 1'!T14 -> 0
C37: 14 | D37: F | E37: Semister 2 | F37: ='9B Sem 2'!E14 -> 93 | G37: ='9B Sem 2'!F14 -> 76 | H37: ='9B Sem 2'!G14 -> 84 | I37: ='9B Sem 2'!H14 -> 78 | J37: ='9B Sem 2'!I14 -> 82 | K37: ='9B Sem 2'!J14 -> 84 | L37: ='9B Sem 2'!K14 -> 76 | M37: ='9B Sem 2'!L14 -> 81 | ... U37: ='9B Sem 2'!T14 -> 0
C38: 14 | D38: F | E38: Average | F38: =AVERAGE(F36:F37) -> 90 | G38: =AVERAGE(G36:G37) -> 75 | H38: =AVERAGE(H36:H37) -> 84 | I38: =AVERAGE(I36:I37) -> 77 | J38: =AVERAGE(J36:J37) -> 81.5 | K38: =AVERAGE(K36:K37) -> 89 | L38: =AVERAGE(L36:L37) -> 78 | M38: =AVERAGE(M36:M37) -> 82 | ... R38: =AVERAGE(R36:R37) -> 83.227273 | T38: =AVERAGE(T36:T37) -> 0 | U38: =AVERAGE(U36:U37) -> 0
A39: 12 | C39: 14 | D39: F | E39: Semister 1 | F39: ='9B Sem 1'!E15 -> 83 | G39: ='9B Sem 1'!F15 -> 70 | H39: ='9B Sem 1'!G15 -> 67 | I39: ='9B Sem 1'!H15 -> 68 | J39: ='9B Sem 1'!I15 -> 54 | K39: ='9B Sem 1'!J15 -> 65 | L39: ='9B Sem 1'!K15 -> 65 | M39: ='9B Sem 1'!L15 -> 84 | ... U39: ='9B Sem 1'!T15 -> 0
C40: 14 | D40: F | E40: Semister 2 | F40: ='9B Sem 2'!E15 -> 85 | G40: ='9B Sem 2'!F15 -> 73 | H40: ='9B Sem 2'!G15 -> 80 | I40: ='9B Sem 2'!H15 -> 71 | J40: ='9B Sem 2'!I15 -> 72 | K40: ='9B Sem 2'!J15 -> 79 | L40: ='9B Sem 2'!K15 -> 66 | M40: ='9B Sem 2'!L15 -> 78 | ... U40: ='9B Sem 2'!T15 -> 0
C41: 14 | D41: F | E41: Average | F41: =AVERAGE(F39:F40) -> 84 | G41: =AVERAGE(G39:G40) -> 71.5 | H41: =AVERAGE(H39:H40) -> 73.5 | I41: =AVERAGE(I39:I40) -> 69.5 | J41: =AVERAGE(J39:J40) -> 63 | K41: =AVERAGE(K39:K40) -> 72 | L41: =AVERAGE(L39:L40) -> 65.5 | M41: =AVERAGE(M39:M40) -> 81 | ... R41: =AVERAGE(R39:R40) -> 75.954545 | T41: =AVERAGE(T39:T40) -> 0 | U41: =AVERAGE(U39:U40) -> 0
A42: 13 | C42: 15 | D42: M | E42: Semister 1 | F42: ='9B Sem 1'!E16 -> 84 | G42: ='9B Sem 1'!F16 -> 73 | H42: ='9B Sem 1'!G16 -> 52 | I42: ='9B Sem 1'!H16 -> 63 | J42: ='9B Sem 1'!I16 -> 56 | K42: ='9B Sem 1'!J16 -> 56 | L42: ='9B Sem 1'!K16 -> 57 | M42: ='9B Sem 1'!L16 -> 65 | ... U42: ='9B Sem 1'!T16 -> 0
C43: 15 | D43: M | E43: Semister 2 | F43: ='9B Sem 2'!E16 -> 86 | G43: ='9B Sem 2'!F16 -> 62 | H43: ='9B Sem 2'!G16 -> 60 | I43: ='9B Sem 2'!H16 -> 60 | J43: ='9B Sem 2'!I16 -> 61 | K43: ='9B Sem 2'!J16 -> 58 | L43: ='9B Sem 2'!K16 -> 67 | M43: ='9B Sem 2'!L16 -> 60 | ... U43: ='9B Sem 2'!T16 -> 0
C44: 15 | D44: M | E44: Average | F44: =AVERAGE(F42:F43) -> 85 | G44: =AVERAGE(G42:G43) -> 67.5 | H44: =AVERAGE(H42:H43) -> 56 | I44: =AVERAGE(I42:I43) -> 61.5 | J44: =AVERAGE(J42:J43) -> 58.5 | K44: =AVERAGE(K42:K43) -> 57 | L44: =AVERAGE(L42:L43) -> 62 | M44: =AVERAGE(M42:M43) -> 62.5 | ... R44: =AVERAGE(R42:R43) -> 69.227273 | T44: =AVERAGE(T42:T43) -> 0 | U44: =AVERAGE(U42:U43) -> 0
A45: 14 | C45: 14 | D45: M | E45: Semister 1 | F45: ='9B Sem 1'!E17 -> 81 | G45: ='9B Sem 1'!F17 -> 87 | H45: ='9B Sem 1'!G17 -> 74 | I45: ='9B Sem 1'!H17 -> 73 | J45: ='9B Sem 1'!I17 -> 79 | K45: ='9B Sem 1'!J17 -> 83 | L45: ='9B Sem 1'!K17 -> 72 | M45: ='9B Sem 1'!L17 -> 81 | ... U45: ='9B Sem 1'!T17 -> 0
C46: 14 | D46: M | E46: Semister 2 | F46: ='9B Sem 2'!E17 -> 78 | G46: ='9B Sem 2'!F17 -> 90 | H46: ='9B Sem 2'!G17 -> 86 | I46: ='9B Sem 2'!H17 -> 72 | J46: ='9B Sem 2'!I17 -> 81 | K46: ='9B Sem 2'!J17 -> 86 | L46: ='9B Sem 2'!K17 -> 73 | M46: ='9B Sem 2'!L17 -> 63 | ... U46: ='9B Sem 2'!T17 -> 0
C47: 14 | D47: M | E47: Average | F47: =AVERAGE(F45:F46) -> 79.5 | G47: =AVERAGE(G45:G46) -> 88.5 | H47: =AVERAGE(H45:H46) -> 80 | I47: =AVERAGE(I45:I46) -> 72.5 | J47: =AVERAGE(J45:J46) -> 80 | K47: =AVERAGE(K45:K46) -> 84.5 | L47: =AVERAGE(L45:L46) -> 72.5 | M47: =AVERAGE(M45:M46) -> 72 | ... R47: =AVERAGE(R45:R46) -> 81.136364 | T47: =AVERAGE(T45:T46) -> 0 | U47: =AVERAGE(U45:U46) -> 0
A48: 15 | C48: 15 | D48: F | E48: Semister 1 | F48: ='9B Sem 1'!E18 -> 90 | G48: ='9B Sem 1'!F18 -> 76 | H48: ='9B Sem 1'!G18 -> 84 | I48: ='9B Sem 1'!H18 -> 79 | J48: ='9B Sem 1'!I18 -> 75 | K48: ='9B Sem 1'!J18 -> 77 | L48: ='9B Sem 1'!K18 -> 80 | M48: ='9B Sem 1'!L18 -> 89 | ... U48: ='9B Sem 1'!T18 -> 0
C49: 15 | D49: F | E49: Semister 2 | F49: ='9B Sem 2'!E18 -> 89 | G49: ='9B Sem 2'!F18 -> 74 | H49: ='9B Sem 2'!G18 -> 86 | I49: ='9B Sem 2'!H18 -> 81 | J49: ='9B Sem 2'!I18 -> 77 | K49: ='9B Sem 2'!J18 -> 86 | L49: ='9B Sem 2'!K18 -> 76 | M49: ='9B Sem 2'!L18 -> 88 | ... U49: ='9B Sem 2'!T18 -> 0
C50: 15 | D50: F | E50: Average | F50: =AVERAGE(F48:F49) -> 89.5 | G50: =AVERAGE(G48:G49) -> 75 | H50: =AVERAGE(H48:H49) -> 85 | I50: =AVERAGE(I48:I49) -> 80 | J50: =AVERAGE(J48:J49) -> 76 | K50: =AVERAGE(K48:K49) -> 81.5 | L50: =AVERAGE(L48:L49) -> 78 | M50: =AVERAGE(M48:M49) -> 88.5 | ... R50: =AVERAGE(R48:R49) -> 83.818182 | T50: =AVERAGE(T48:T49) -> 0 | U50: =AVERAGE(U48:U49) -> 0
A51: 16 | C51: 15 | D51: F | E51: Semister 1 | F51: ='9B Sem 1'!E19 -> 83 | G51: ='9B Sem 1'!F19 -> 64 | H51: ='9B Sem 1'!G19 -> 68 | I51: ='9B Sem 1'!H19 -> 64 | J51: ='9B Sem 1'!I19 -> 60 | K51: ='9B Sem 1'!J19 -> 60 | L51: ='9B Sem 1'!K19 -> 60 | M51: ='9B Sem 1'!L19 -> 79 | ... U51: ='9B Sem 1'!T19 -> 0
C52: 15 | D52: F | E52: Semister 2 | F52: ='9B Sem 2'!E19 -> 87 | G52: ='9B Sem 2'!F19 -> 69 | H52: ='9B Sem 2'!G19 -> 76 | I52: ='9B Sem 2'!H19 -> 59 | J52: ='9B Sem 2'!I19 -> 65 | K52: ='9B Sem 2'!J19 -> 56 | L52: ='9B Sem 2'!K19 -> 65 | M52: ='9B Sem 2'!L19 -> 61 | ... U52: ='9B Sem 2'!T19 -> 0
C53: 15 | D53: F | E53: Average | F53: =AVERAGE(F51:F52) -> 85 | G53: =AVERAGE(G51:G52) -> 66.5 | H53: =AVERAGE(H51:H52) -> 72 | I53: =AVERAGE(I51:I52) -> 61.5 | J53: =AVERAGE(J51:J52) -> 62.5 | K53: =AVERAGE(K51:K52) -> 58 | L53: =AVERAGE(L51:L52) -> 62.5 | M53: =AVERAGE(M51:M52) -> 70 | ... R53: =AVERAGE(R51:R52) -> 70.454545 | T53: =AVERAGE(T51:T52) -> 0 | U53: =AVERAGE(U51:U52) -> 0
A54: 17 | C54: 15 | D54: M | E54: Semister 1 | F54: ='9B Sem 1'!E20 -> 76 | G54: ='9B Sem 1'!F20 -> 71 | H54: ='9B Sem 1'!G20 -> 60 | I54: ='9B Sem 1'!H20 -> 57 | J54: ='9B Sem 1'!I20 -> 65 | K54: ='9B Sem 1'!J20 -> 58 | L54: ='9B Sem 1'!K20 -> 69 | M54: ='9B Sem 1'!L20 -> 76 | ... U54: ='9B Sem 1'!T20 -> 0
C55: 15 | D55: M | E55: Semister 2 | F55: ='9B Sem 2'!E20 -> 79 | G55: ='9B Sem 2'!F20 -> 80 | H55: ='9B Sem 2'!G20 -> 81 | I55: ='9B Sem 2'!H20 -> 65 | J55: ='9B Sem 2'!I20 -> 74 | K55: ='9B Sem 2'!J20 -> 78 | L55: ='9B Sem 2'!K20 -> 73 | M55: ='9B Sem 2'!L20 -> 79 | ... U55: ='9B Sem 2'!T20 -> 0
C56: 15 | D56: M | E56: Average | F56: =AVERAGE(F54:F55) -> 77.5 | G56: =AVERAGE(G54:G55) -> 75.5 | H56: =AVERAGE(H54:H55) -> 70.5 | I56: =AVERAGE(I54:I55) -> 61 | J56: =AVERAGE(J54:J55) -> 69.5 | K56: =AVERAGE(K54:K55) -> 68 | L56: =AVERAGE(L54:L55) -> 71 | M56: =AVERAGE(M54:M55) -> 77.5 | ... R56: =AVERAGE(R54:R55) -> 75.818182 | T56: =AVERAGE(T54:T55) -> 0 | U56: =AVERAGE(U54:U55) -> 0
A57: 18 | C57: 15 | D57: F | E57: Semister 1 | F57: ='9B Sem 1'!E21 -> 86 | G57: ='9B Sem 1'!F21 -> 85 | H57: ='9B Sem 1'!G21 -> 94 | I57: ='9B Sem 1'!H21 -> 85 | J57: ='9B Sem 1'!I21 -> 83 | K57: ='9B Sem 1'!J21 -> 91 | L57: ='9B Sem 1'!K21 -> 90 | M57: ='9B Sem 1'!L21 -> 97 | ... U57: ='9B Sem 1'!T21 -> 0
C58: 15 | D58: F | E58: Semister 2 | F58: ='9B Sem 2'!E21 -> 89 | G58: ='9B Sem 2'!F21 -> 90 | H58: ='9B Sem 2'!G21 -> 91 | I58: ='9B Sem 2'!H21 -> 91 | J58: ='9B Sem 2'!I21 -> 88 | K58: ='9B Sem 2'!J21 -> 97 | L58: ='9B Sem 2'!K21 -> 90 | M58: ='9B Sem 2'!L21 -> 96 | ... U58: ='9B Sem 2'!T21 -> 0
C59: 15 | D59: F | E59: Average | F59: =AVERAGE(F57:F58) -> 87.5 | G59: =AVERAGE(G57:G58) -> 87.5 | H59: =AVERAGE(H57:H58) -> 92.5 | I59: =AVERAGE(I57:I58) -> 88 | J59: =AVERAGE(J57:J58) -> 85.5 | K59: =AVERAGE(K57:K58) -> 94 | L59: =AVERAGE(L57:L58) -> 90 | M59: =AVERAGE(M57:M58) -> 96.5 | ... R59: =AVERAGE(R57:R58) -> 91.409091 | T59: =AVERAGE(T57:T58) -> 0 | U59: =AVERAGE(U57:U58) -> 0
A60: 19 | C60: 14 | D60: M | E60: Semister 1 | F60: ='9B Sem 1'!E22 -> 89 | G60: ='9B Sem 1'!F22 -> 78 | H60: ='9B Sem 1'!G22 -> 62 | I60: ='9B Sem 1'!H22 -> 60 | J60: ='9B Sem 1'!I22 -> 63 | K60: ='9B Sem 1'!J22 -> 65 | L60: ='9B Sem 1'!K22 -> 58 | M60: ='9B Sem 1'!L22 -> 83 | ... U60: ='9B Sem 1'!T22 -> 0
C61: 14 | D61: M | E61: Semister 2 | F61: ='9B Sem 2'!E22 -> 89 | G61: ='9B Sem 2'!F22 -> 84 | H61: ='9B Sem 2'!G22 -> 69 | I61: ='9B Sem 2'!H22 -> 63 | J61: ='9B Sem 2'!I22 -> 65 | K61: ='9B Sem 2'!J22 -> 68 | L61: ='9B Sem 2'!K22 -> 67 | M61: ='9B Sem 2'!L22 -> 77 | ... U61: ='9B Sem 2'!T22 -> 0
C62: 14 | D62: M | E62: Average | F62: =AVERAGE(F60:F61) -> 89 | G62: =AVERAGE(G60:G61) -> 81 | H62: =AVERAGE(H60:H61) -> 65.5 | I62: =AVERAGE(I60:I61) -> 61.5 | J62: =AVERAGE(J60:J61) -> 64 | K62: =AVERAGE(K60:K61) -> 66.5 | L62: =AVERAGE(L60:L61) -> 62.5 | M62: =AVERAGE(M60:M61) -> 80 | ... R62: =AVERAGE(R60:R61) -> 75.090909 | T62: =AVERAGE(T60:T61) -> 0 | U62: =AVERAGE(U60:U61) -> 0
A63: 20 | C63: 15 | D63: F | E63: Semister 1 | F63: ='9B Sem 1'!E23 -> 60 | G63: ='9B Sem 1'!F23 -> 53 | H63: ='9B Sem 1'!G23 -> 48 | I63: ='9B Sem 1'!H23 -> 41 | J63: ='9B Sem 1'!I23 -> 60 | K63: ='9B Sem 1'!J23 -> 49 | L63: ='9B Sem 1'!K23 -> 45 | M63: ='9B Sem 1'!L23 -> 52 | ... U63: ='9B Sem 1'!T23 -> 0
C64: 15 | D64: F | E64: Semister 2 | F64: ='9B Sem 2'!E23 -> 73 | G64: ='9B Sem 2'!F23 -> 55 | H64: ='9B Sem 2'!G23 -> 61 | I64: ='9B Sem 2'!H23 -> 44 | J64: ='9B Sem 2'!I23 -> 42 | K64: ='9B Sem 2'!J23 -> 48 | L64: ='9B Sem 2'!K23 -> 45 | M64: ='9B Sem 2'!L23 -> 50 | ... U64: ='9B Sem 2'!T23 -> 0
C65: 15 | D65: F | E65: Average | F65: =AVERAGE(F63:F64) -> 66.5 | G65: =AVERAGE(G63:G64) -> 54 | H65: =AVERAGE(H63:H64) -> 54.5 | I65: =AVERAGE(I63:I64) -> 42.5 | J65: =AVERAGE(J63:J64) -> 51 | K65: =AVERAGE(K63:K64) -> 48.5 | L65: =AVERAGE(L63:L64) -> 45 | M65: =AVERAGE(M63:M64) -> 51 | ... R65: =AVERAGE(R63:R64) -> 56.363636 | T65: =AVERAGE(T63:T64) -> 0 | U65: =AVERAGE(U63:U64) -> 0
A66: 21 | C66: 15 | D66: F | E66: Semister 1 | F66: ='9B Sem 1'!E24 -> 84 | G66: ='9B Sem 1'!F24 -> 56 | H66: ='9B Sem 1'!G24 -> 75 | I66: ='9B Sem 1'!H24 -> 77 | J66: ='9B Sem 1'!I24 -> 66 | K66: ='9B Sem 1'!J24 -> 73 | L66: ='9B Sem 1'!K24 -> 75 | M66: ='9B Sem 1'!L24 -> 78 | ... U66: ='9B Sem 1'!T24 -> 0
C67: 15 | D67: F | E67: Semister 2 | F67: ='9B Sem 2'!E24 -> 90 | G67: ='9B Sem 2'!F24 -> 69 | H67: ='9B Sem 2'!G24 -> 74 | I67: ='9B Sem 2'!H24 -> 72 | J67: ='9B Sem 2'!I24 -> 74 | K67: ='9B Sem 2'!J24 -> 82 | L67: ='9B Sem 2'!K24 -> 74 | M67: ='9B Sem 2'!L24 -> 82 | ... U67: ='9B Sem 2'!T24 -> 0
C68: 15 | D68: F | E68: Average | F68: =AVERAGE(F66:F67) -> 87 | G68: =AVERAGE(G66:G67) -> 62.5 | H68: =AVERAGE(H66:H67) -> 74.5 | I68: =AVERAGE(I66:I67) -> 74.5 | J68: =AVERAGE(J66:J67) -> 70 | K68: =AVERAGE(K66:K67) -> 77.5 | L68: =AVERAGE(L66:L67) -> 74.5 | M68: =AVERAGE(M66:M67) -> 80 | ... R68: =AVERAGE(R66:R67) -> 78.272727 | T68: =AVERAGE(T66:T67) -> 0 | U68: =AVERAGE(U66:U67) -> 0
A69: 22 | C69: 15 | D69: F | E69: Semister 1 | F69: ='9B Sem 1'!E25 -> 75 | G69: ='9B Sem 1'!F25 -> 82 | H69: ='9B Sem 1'!G25 -> 48 | I69: ='9B Sem 1'!H25 -> 57 | J69: ='9B Sem 1'!I25 -> 55 | K69: ='9B Sem 1'!J25 -> 46 | L69: ='9B Sem 1'!K25 -> 54 | M69: ='9B Sem 1'!L25 -> 60 | ... U69: ='9B Sem 1'!T25 -> 0
C70: 15 | D70: F | E70: Semister 2 | F70: ='9B Sem 2'!E25 -> 78 | G70: ='9B Sem 2'!F25 -> 84 | H70: ='9B Sem 2'!G25 -> 49 | I70: ='9B Sem 2'!H25 -> 57 | J70: ='9B Sem 2'!I25 -> 47 | K70: ='9B Sem 2'!J25 -> 49 | L70: ='9B Sem 2'!K25 -> 64 | M70: ='9B Sem 2'!L25 -> 59 | ... U70: ='9B Sem 2'!T25 -> 0
C71: 15 | D71: F | E71: Average | F71: =AVERAGE(F69:F70) -> 76.5 | G71: =AVERAGE(G69:G70) -> 83 | H71: =AVERAGE(H69:H70) -> 48.5 | I71: =AVERAGE(I69:I70) -> 57 | J71: =AVERAGE(J69:J70) -> 51 | K71: =AVERAGE(K69:K70) -> 47.5 | L71: =AVERAGE(L69:L70) -> 59 | M71: =AVERAGE(M69:M70) -> 59.5 | ... R71: =AVERAGE(R69:R70) -> 66.227273 | T71: =AVERAGE(T69:T70) -> 0 | U71: =AVERAGE(U69:U70) -> 0
A72: 23 | C72: 14 | D72: F | E72: Semister 1 | F72: ='9B Sem 1'!E26 -> 85 | G72: ='9B Sem 1'!F26 -> 74 | H72: ='9B Sem 1'!G26 -> 89 | I72: ='9B Sem 1'!H26 -> 73 | J72: ='9B Sem 1'!I26 -> 73 | K72: ='9B Sem 1'!J26 -> 84 | L72: ='9B Sem 1'!K26 -> 63 | M72: ='9B Sem 1'!L26 -> 88 | ... U72: ='9B Sem 1'!T26 -> 0
C73: 14 | D73: F | E73: Semister 2 | F73: ='9B Sem 2'!E26 -> 85 | G73: ='9B Sem 2'!F26 -> 74 | H73: ='9B Sem 2'!G26 -> 91 | I73: ='9B Sem 2'!H26 -> 76 | J73: ='9B Sem 2'!I26 -> 79 | K73: ='9B Sem 2'!J26 -> 92 | L73: ='9B Sem 2'!K26 -> 81 | M73: ='9B Sem 2'!L26 -> 87 | ... U73: ='9B Sem 2'!T26 -> 0
C74: 14 | D74: F | E74: Average | F74: =AVERAGE(F72:F73) -> 85 | G74: =AVERAGE(G72:G73) -> 74 | H74: =AVERAGE(H72:H73) -> 90 | I74: =AVERAGE(I72:I73) -> 74.5 | J74: =AVERAGE(J72:J73) -> 76 | K74: =AVERAGE(K72:K73) -> 88 | L74: =AVERAGE(L72:L73) -> 72 | M74: =AVERAGE(M72:M73) -> 87.5 | ... R74: =AVERAGE(R72:R73) -> 82.5 | T74: =AVERAGE(T72:T73) -> 0 | U74: =AVERAGE(U72:U73) -> 0
A75: 24 | C75: 15 | D75: F | E75: Semister 1 | F75: ='9B Sem 1'!E27 -> 87 | G75: ='9B Sem 1'!F27 -> 62 | H75: ='9B Sem 1'!G27 -> 51 | I75: ='9B Sem 1'!H27 -> 62 | J75: ='9B Sem 1'!I27 -> 56 | K75: ='9B Sem 1'!J27 -> 66 | L75: ='9B Sem 1'!K27 -> 74 | M75: ='9B Sem 1'!L27 -> 70 | ... U75: ='9B Sem 1'!T27 -> 0
C76: 15 | D76: F | E76: Semister 2 | F76: ='9B Sem 2'!E27 -> 78 | G76: ='9B Sem 2'!F27 -> 70 | H76: ='9B Sem 2'!G27 -> 62 | I76: ='9B Sem 2'!H27 -> 64 | J76: ='9B Sem 2'!I27 -> 57 | K76: ='9B Sem 2'!J27 -> 72 | L76: ='9B Sem 2'!K27 -> 73 | M76: ='9B Sem 2'!L27 -> 72 | ... U76: ='9B Sem 2'!T27 -> 0
C77: 15 | D77: F | E77: Average | F77: =AVERAGE(F75:F76) -> 82.5 | G77: =AVERAGE(G75:G76) -> 66 | H77: =AVERAGE(H75:H76) -> 56.5 | I77: =AVERAGE(I75:I76) -> 63 | J77: =AVERAGE(J75:J76) -> 56.5 | K77: =AVERAGE(K75:K76) -> 69 | L77: =AVERAGE(L75:L76) -> 73.5 | M77: =AVERAGE(M75:M76) -> 71 | ... R77: =AVERAGE(R75:R76) -> 70.909091 | T77: =AVERAGE(T75:T76) -> 0 | U77: =AVERAGE(U75:U76) -> 0
A78: 25 | C78: 15 | D78: M | E78: Semister 1 | F78: ='9B Sem 1'!E28 -> 90 | G78: ='9B Sem 1'!F28 -> 77 | H78: ='9B Sem 1'!G28 -> 74 | I78: ='9B Sem 1'!H28 -> 75 | J78: ='9B Sem 1'!I28 -> 78 | K78: ='9B Sem 1'!J28 -> 83 | L78: ='9B Sem 1'!K28 -> 73 | M78: ='9B Sem 1'!L28 -> 76 | ... U78: ='9B Sem 1'!T28 -> 0
C79: 15 | D79: M | E79: Semister 2 | F79: ='9B Sem 2'!E28 -> 87 | G79: ='9B Sem 2'!F28 -> 81 | H79: ='9B Sem 2'!G28 -> 73 | I79: ='9B Sem 2'!H28 -> 72 | J79: ='9B Sem 2'!I28 -> 66 | K79: ='9B Sem 2'!J28 -> 89 | L79: ='9B Sem 2'!K28 -> 82 | M79: ='9B Sem 2'!L28 -> 69 | ... U79: ='9B Sem 2'!T28 -> 0
C80: 15 | D80: M | E80: Average | F80: =AVERAGE(F78:F79) -> 88.5 | G80: =AVERAGE(G78:G79) -> 79 | H80: =AVERAGE(H78:H79) -> 73.5 | I80: =AVERAGE(I78:I79) -> 73.5 | J80: =AVERAGE(J78:J79) -> 72 | K80: =AVERAGE(K78:K79) -> 86 | L80: =AVERAGE(L78:L79) -> 77.5 | M80: =AVERAGE(M78:M79) -> 72.5 | ... R80: =AVERAGE(R78:R79) -> 80.863636 | T80: =AVERAGE(T78:T79) -> 0 | U80: =AVERAGE(U78:U79) -> 0
A81: 26 | C81: 14 | D81: F | E81: Semister 1 | F81: ='9B Sem 1'!E29 -> 90 | G81: ='9B Sem 1'!F29 -> 75 | H81: ='9B Sem 1'!G29 -> 84 | I81: ='9B Sem 1'!H29 -> 82 | J81: ='9B Sem 1'!I29 -> 80 | K81: ='9B Sem 1'!J29 -> 96 | L81: ='9B Sem 1'!K29 -> 90 | M81: ='9B Sem 1'!L29 -> 96 | ... U81: ='9B Sem 1'!T29 -> 0
C82: 14 | D82: F | E82: Semister 2 | F82: ='9B Sem 2'!E29 -> 92 | G82: ='9B Sem 2'!F29 -> 84 | H82: ='9B Sem 2'!G29 -> 86 | I82: ='9B Sem 2'!H29 -> 93 | J82: ='9B Sem 2'!I29 -> 83 | K82: ='9B Sem 2'!J29 -> 98 | L82: ='9B Sem 2'!K29 -> 87 | M82: ='9B Sem 2'!L29 -> 93 | ... U82: ='9B Sem 2'!T29 -> 0
C83: 14 | D83: F | E83: Average | F83: =AVERAGE(F81:F82) -> 91 | G83: =AVERAGE(G81:G82) -> 79.5 | H83: =AVERAGE(H81:H82) -> 85 | I83: =AVERAGE(I81:I82) -> 87.5 | J83: =AVERAGE(J81:J82) -> 81.5 | K83: =AVERAGE(K81:K82) -> 97 | L83: =AVERAGE(L81:L82) -> 88.5 | M83: =AVERAGE(M81:M82) -> 94.5 | ... R83: =AVERAGE(R81:R82) -> 90.318182 | T83: =AVERAGE(T81:T82) -> 0 | U83: =AVERAGE(U81:U82) -> 0
A84: 27 | C84: 14 | D84: F | E84: Semister 1 | F84: ='9B Sem 1'!E30 -> 91 | G84: ='9B Sem 1'!F30 -> 72 | H84: ='9B Sem 1'!G30 -> 77 | I84: ='9B Sem 1'!H30 -> 74 | J84: ='9B Sem 1'!I30 -> 70 | K84: ='9B Sem 1'!J30 -> 80 | L84: ='9B Sem 1'!K30 -> 69 | M84: ='9B Sem 1'!L30 -> 81 | ... U84: ='9B Sem 1'!T30 -> 0
C85: 14 | D85: F | E85: Semister 2 | F85: ='9B Sem 2'!E30 -> 93 | G85: ='9B Sem 2'!F30 -> 70 | H85: ='9B Sem 2'!G30 -> 70 | I85: ='9B Sem 2'!H30 -> 60 | J85: ='9B Sem 2'!I30 -> 69 | K85: ='9B Sem 2'!J30 -> 85 | L85: ='9B Sem 2'!K30 -> 72 | M85: ='9B Sem 2'!L30 -> 80 | ... U85: ='9B Sem 2'!T30 -> 0
C86: 14 | D86: F | E86: Average | F86: =AVERAGE(F84:F85) -> 92 | G86: =AVERAGE(G84:G85) -> 71 | H86: =AVERAGE(H84:H85) -> 73.5 | I86: =AVERAGE(I84:I85) -> 67 | J86: =AVERAGE(J84:J85) -> 69.5 | K86: =AVERAGE(K84:K85) -> 82.5 | L86: =AVERAGE(L84:L85) -> 70.5 | M86: =AVERAGE(M84:M85) -> 80.5 | ... R86: =AVERAGE(R84:R85) -> 79.772727 | T86: =AVERAGE(T84:T85) -> 0 | U86: =AVERAGE(U84:U85) -> 0
A87: 28 | C87: 14 | D87: F | E87: Semister 1 | F87: ='9B Sem 1'!E31 -> 0 | G87: ='9B Sem 1'!F31 -> 0 | H87: ='9B Sem 1'!G31 -> 0 | I87: ='9B Sem 1'!H31 -> 0 | J87: ='9B Sem 1'!I31 -> 0 | K87: ='9B Sem 1'!J31 -> 0 | L87: ='9B Sem 1'!K31 -> 0 | M87: ='9B Sem 1'!L31 -> 0 | ... U87: ='9B Sem 1'!T31 -> 0
C88: 14 | D88: F | E88: Semister 2 | F88: ='9B Sem 2'!E31 -> 0 | G88: ='9B Sem 2'!F31 -> 0 | H88: ='9B Sem 2'!G31 -> 0 | I88: ='9B Sem 2'!H31 -> 0 | J88: ='9B Sem 2'!I31 -> 0 | K88: ='9B Sem 2'!J31 -> 0 | L88: ='9B Sem 2'!K31 -> 0 | M88: ='9B Sem 2'!L31 -> 0 | ... U88: ='9B Sem 2'!T31 -> 0
C89: 14 | D89: F | E89: Average | F89: =AVERAGE(F87:F88) -> 0 | G89: =AVERAGE(G87:G88) -> 0 | H89: =AVERAGE(H87:H88) -> 0 | I89: =AVERAGE(I87:I88) -> 0 | J89: =AVERAGE(J87:J88) -> 0 | K89: =AVERAGE(K87:K88) -> 0 | L89: =AVERAGE(L87:L88) -> 0 | M89: =AVERAGE(M87:M88) -> 0 | ... R89: =AVERAGE(R87:R88) -> 0 | T89: =AVERAGE(T87:T88) -> 0 | U89: =AVERAGE(U87:U88) -> 0
A90: 29 | C90: 14 | D90: F | E90: Semister 1 | F90: ='9B Sem 1'!E32 -> 88 | G90: ='9B Sem 1'!F32 -> 93 | H90: ='9B Sem 1'!G32 -> 89 | I90: ='9B Sem 1'!H32 -> 92 | J90: ='9B Sem 1'!I32 -> 92 | K90: ='9B Sem 1'!J32 -> 99 | L90: ='9B Sem 1'!K32 -> 95 | M90: ='9B Sem 1'!L32 -> 99 | ... U90: ='9B Sem 1'!T32 -> 0
C91: 14 | D91: F | E91: Semister 2 | F91: ='9B Sem 2'!E32 -> 95 | G91: ='9B Sem 2'!F32 -> 89 | H91: ='9B Sem 2'!G32 -> 94 | I91: ='9B Sem 2'!H32 -> 88 | J91: ='9B Sem 2'!I32 -> 88 | K91: ='9B Sem 2'!J32 -> 98 | L91: ='9B Sem 2'!K32 -> 93 | M91: ='9B Sem 2'!L32 -> 95 | ... U91: ='9B Sem 2'!T32 -> 0
C92: 14 | D92: F | E92: Average | F92: =AVERAGE(F90:F91) -> 91.5 | G92: =AVERAGE(G90:G91) -> 91 | H92: =AVERAGE(H90:H91) -> 91.5 | I92: =AVERAGE(I90:I91) -> 90 | J92: =AVERAGE(J90:J91) -> 90 | K92: =AVERAGE(K90:K91) -> 98.5 | L92: =AVERAGE(L90:L91) -> 94 | M92: =AVERAGE(M90:M91) -> 97 | ... R92: =AVERAGE(R90:R91) -> 93.954545 | T92: =AVERAGE(T90:T91) -> 0 | U92: =AVERAGE(U90:U91) -> 0
A93: 30 | C93: 14 | D93: M | E93: Semister 1 | F93: ='9B Sem 1'!E33 -> 81 | G93: ='9B Sem 1'!F33 -> 83 | H93: ='9B Sem 1'!G33 -> 71 | I93: ='9B Sem 1'!H33 -> 70 | J93: ='9B Sem 1'!I33 -> 63 | K93: ='9B Sem 1'!J33 -> 87 | L93: ='9B Sem 1'!K33 -> 63 | M93: ='9B Sem 1'!L33 -> 71 | ... U93: ='9B Sem 1'!T33 -> 0
C94: 14 | D94: M | E94: Semister 2 | F94: ='9B Sem 2'!E33 -> 83 | G94: ='9B Sem 2'!F33 -> 89 | H94: ='9B Sem 2'!G33 -> 72 | I94: ='9B Sem 2'!H33 -> 59 | J94: ='9B Sem 2'!I33 -> 66 | K94: ='9B Sem 2'!J33 -> 77 | L94: ='9B Sem 2'!K33 -> 74 | M94: ='9B Sem 2'!L33 -> 70 | ... U94: ='9B Sem 2'!T33 -> 0
C95: 14 | D95: M | E95: Average | F95: =AVERAGE(F93:F94) -> 82 | G95: =AVERAGE(G93:G94) -> 86 | H95: =AVERAGE(H93:H94) -> 71.5 | I95: =AVERAGE(I93:I94) -> 64.5 | J95: =AVERAGE(J93:J94) -> 64.5 | K95: =AVERAGE(K93:K94) -> 82 | L95: =AVERAGE(L93:L94) -> 68.5 | M95: =AVERAGE(M93:M94) -> 70.5 | ... R95: =AVERAGE(R93:R94) -> 76.681818 | T95: =AVERAGE(T93:T94) -> 0 | U95: =AVERAGE(U93:U94) -> 0
A96: 31 | C96: 15 | D96: F | E96: Semister 1 | F96: ='9B Sem 1'!E34 -> 90 | G96: ='9B Sem 1'!F34 -> 52 | H96: ='9B Sem 1'!G34 -> 68 | I96: ='9B Sem 1'!H34 -> 71 | J96: ='9B Sem 1'!I34 -> 77 | K96: ='9B Sem 1'!J34 -> 78 | L96: ='9B Sem 1'!K34 -> 65 | M96: ='9B Sem 1'!L34 -> 89 | ... U96: ='9B Sem 1'!T34 -> 0
C97: 15 | D97: F | E97: Semister 2 | F97: ='9B Sem 2'!E34 -> 87 | G97: ='9B Sem 2'!F34 -> 58 | H97: ='9B Sem 2'!G34 -> 72 | I97: ='9B Sem 2'!H34 -> 71 | J97: ='9B Sem 2'!I34 -> 69 | K97: ='9B Sem 2'!J34 -> 75 | L97: ='9B Sem 2'!K34 -> 73 | M97: ='9B Sem 2'!L34 -> 86 | ... U97: ='9B Sem 2'!T34 -> 0
C98: 15 | D98: F | E98: Average | F98: =AVERAGE(F96:F97) -> 88.5 | G98: =AVERAGE(G96:G97) -> 55 | H98: =AVERAGE(H96:H97) -> 70 | I98: =AVERAGE(I96:I97) -> 71 | J98: =AVERAGE(J96:J97) -> 73 | K98: =AVERAGE(K96:K97) -> 76.5 | L98: =AVERAGE(L96:L97) -> 69 | M98: =AVERAGE(M96:M97) -> 87.5 | ... R98: =AVERAGE(R96:R97) -> 76.772727 | T98: =AVERAGE(T96:T97) -> 0 | U98: =AVERAGE(U96:U97) -> 0
A99: 32 | C99: 15 | D99: F | E99: Semister 1 | F99: ='9B Sem 1'!E35 -> 88 | G99: ='9B Sem 1'!F35 -> 79 | H99: ='9B Sem 1'!G35 -> 71 | I99: ='9B Sem 1'!H35 -> 65 | J99: ='9B Sem 1'!I35 -> 61 | K99: ='9B Sem 1'!J35 -> 72 | L99: ='9B Sem 1'!K35 -> 73 | M99: ='9B Sem 1'!L35 -> 94 | ... U99: ='9B Sem 1'!T35 -> 0
C100: 15 | D100: F | E100: Semister 2 | F100: ='9B Sem 2'!E35 -> 85 | G100: ='9B Sem 2'!F35 -> 80 | H100: ='9B Sem 2'!G35 -> 68 | I100: ='9B Sem 2'!H35 -> 51 | J100: ='9B Sem 2'!I35 -> 61 | K100: ='9B Sem 2'!J35 -> 61 | L100: ='9B Sem 2'!K35 -> 87 | M100: ='9B Sem 2'!L35 -> 90 | ... U100: ='9B Sem 2'!T35 -> 0
C101: 15 | D101: F | E101: Average | F101: =AVERAGE(F99:F100) -> 86.5 | G101: =AVERAGE(G99:G100) -> 79.5 | H101: =AVERAGE(H99:H100) -> 69.5 | I101: =AVERAGE(I99:I100) -> 58 | J101: =AVERAGE(J99:J100) -> 61 | K101: =AVERAGE(K99:K100) -> 66.5 | L101: =AVERAGE(L99:L100) -> 80 | M101: =AVERAGE(M99:M100) -> 92 | ... R101: =AVERAGE(R99:R100) -> 78.090909 | T101: =AVERAGE(T99:T100) -> 0 | U101: =AVERAGE(U99:U100) -> 0
A102: 33 | C102: 15 | D102: M | E102: Semister 1 | F102: ='9B Sem 1'!E36 -> 78 | G102: ='9B Sem 1'!F36 -> 76 | H102: ='9B Sem 1'!G36 -> 64 | I102: ='9B Sem 1'!H36 -> 61 | J102: ='9B Sem 1'!I36 -> 54 | K102: ='9B Sem 1'!J36 -> 69 | L102: ='9B Sem 1'!K36 -> 58 | M102: ='9B Sem 1'!L36 -> 65 | ... U102: ='9B Sem 1'!T36 -> 0
...

Sheet 9B Sem 1
A1: Maria Rubbato Catholic School 2015 E.C Roster Grade 9B Student's
A2: Home Room Teacher Grade 9B
A3: No | B3: Student Name | C3: Age | D3: Sex | E3: Amharic | F3: English | G3: Maths | H3: physics | I3: chemistry | J3: Biology | K3: Geography | L3: History | M3: Civics | N3: ICT | O3: H.P.E | P3: Total | Q3: Average | R3: Rank | S3: Condc. | T3: Abse.
A4: 1 | C4: 15 | D4: M | E4: 87 | F4: 51 | G4: 69 | H4: 47 | I4: 61 | J4: 55 | K4: 51 | L4: 64 | M4: 67 | N4: 64 | O4: 81 | P4: =SUM(E4:O4) -> 697 | Q4: =AVERAGE(E4:O4) -> 63.363636 | R4: =RANK(Q4,$Q$4:$Q$55) -> 45
A5: 2 | C5: 15 | D5: F | E5: 87 | F5: 66 | G5: 63 | H5: 72 | I5: 58 | J5: 65 | K5: 69 | L5: 81 | M5: 77 | N5: 75 | O5: 88 | P5: =SUM(E5:O5) -> 801 | Q5: =AVERAGE(E5:O5) -> 72.818182 | R5: =RANK(Q5,$Q$4:$Q$55) -> 33
A6: 3 | C6: 14 | D6: M | E6: 88 | F6: 70 | G6: 62 | H6: 57 | I6: 50 | J6: 51 | K6: 59 | L6: 68 | M6: 62 | N6: 85 | O6: 84 | P6: =SUM(E6:O6) -> 736 | Q6: =AVERAGE(E6:O6) -> 66.909091 | R6: =RANK(Q6,$Q$4:$Q$55) -> 42
A7: 4 | C7: 14 | D7: M | E7: 84 | F7: 77 | G7: 91 | H7: 71 | I7: 89 | J7: 86 | K7: 79 | L7: 84 | M7: 83 | N7: 100 | O7: 75 | P7: =SUM(E7:O7) -> 919 | Q7: =AVERAGE(E7:O7) -> 83.545455 | R7: =RANK(Q7,$Q$4:$Q$55) -> 12
A8: 5 | C8: 14 | D8: M | E8: 67 | F8: 54 | G8: 42 | H8: 56 | I8: 57 | J8: 55 | K8: 58 | L8: 62 | M8: 51 | N8: 79 | O8: 74 | P8: =SUM(E8:O8) -> 655 | Q8: =AVERAGE(E8:O8) -> 59.545455 | R8: =RANK(Q8,$Q$4:$Q$55) -> 47
A9: 6 | C9: 15 | D9: M | E9: 73 | F9: 66 | G9: 72 | H9: 64 | I9: 68 | J9: 86 | K9: 78 | L9: 81 | M9: 63 | N9: 99 | O9: 80 | P9: =SUM(E9:O9) -> 830 | Q9: =AVERAGE(E9:O9) -> 75.454545 | R9: =RANK(Q9,$Q$4:$Q$55) -> 28
A10: 7 | C10: 14 | D10: F | E10: 78 | F10: 67 | G10: 73 | H10: 61 | I10: 58 | J10: 69 | K10: 69 | L10: 67 | M10: 74 | N10: 83 | O10: 78 | P10: =SUM(E10:O10) -> 777 | Q10: =AVERAGE(E10:O10) -> 70.636364 | R10: =RANK(Q10,$Q$4:$Q$55) -> 34
A11: 8 | C11: 15 | D11: M | E11: 79 | F11: 62 | G11: 58 | H11: 68 | I11: 60 | J11: 55 | K11: 57 | L11: 68 | M11: 65 | N11: 82 | O11: 86 | P11: =SUM(E11:O11) -> 740 | Q11: =AVERAGE(E11:O11) -> 67.272727 | R11: =RANK(Q11,$Q$4:$Q$55) -> 41
A12: 9 | C12: 15 | D12: M | E12: 83 | F12: 51 | G12: 46 | H12: 51 | I12: 74 | J12: 78 | K12: 77 | L12: 91 | M12: 68 | N12: 77 | O12: 75 | P12: =SUM(E12:O12) -> 771 | Q12: =AVERAGE(E12:O12) -> 70.090909 | R12: =RANK(Q12,$Q$4:$Q$55) -> 37
A13: 10 | C13: 14 | D13: F | E13: 91 | F13: 67 | G13: 82 | H13: 64 | I13: 72 | J13: 68 | K13: 64 | L13: 81 | M13: 78 | N13: 87 | O13: 91 | P13: =SUM(E13:O13) -> 845 | Q13: =AVERAGE(E13:O13) -> 76.818182 | R13: =RANK(Q13,$Q$4:$Q$55) -> 23
A14: 11 | C14: 14 | D14: F | E14: 87 | F14: 74 | G14: 84 | H14: 76 | I14: 81 | J14: 94 | K14: 80 | L14: 83 | M14: 77 | N14: 90 | O14: 84 | P14: =SUM(E14:O14) -> 910 | Q14: =AVERAGE(E14:O14) -> 82.727273 | R14: =RANK(Q14,$Q$4:$Q$55) -> 14
A15: 12 | C15: 14 | D15: F | E15: 83 | F15: 70 | G15: 67 | H15: 68 | I15: 54 | J15: 65 | K15: 65 | L15: 84 | M15: 76 | N15: 87 | O15: 91 | P15: =SUM(E15:O15) -> 810 | Q15: =AVERAGE(E15:O15) -> 73.636364 | R15: =RANK(Q15,$Q$4:$Q$55) -> 32
... A30: 27 | C30: 14 | D30: F | E30: 91 | F30: 72 | G30: 77 | H30: 74 | I30: 70 | J30: 80 | K30: 69 | L30: 81 | M30: 87 | N30: 89 | O30: 92 | P30: =SUM(E30:O30) -> 882 | Q30: =AVERAGE(E30:O30) -> 80.181818 | R30: =RANK(Q30,$Q$4:$Q$55) -> 18
A31: 28 | C31: 14 | D31: F | P31: =SUM(E31:O31) -> 0
A32: 29 | C32: 14 | D32: F | E32: 88 | F32: 93 | G32: 89 | H32: 92 | I32: 92 | J32: 99 | K32: 95 | L32: 99 | M32: 94 | N32: 96 | O32: 100 | P32: =SUM(E32:O32) -> 1037 | Q32: =AVERAGE(E32:O32) -> 94.272727 | R32: =RANK(Q32,$Q$4:$Q$55) -> 3
A33: 30 | C33: 14 | D33: M | E33: 81 | F33: 83 | G33: 71 | H33: 70 | I33: 63 | J33: 87 | K33: 63 | L33: 71 | M33: 78 | N33: 88 | O33: 81 | P33: =SUM(E33:O33) -> 836 | Q33: =AVERAGE(E33:O33) -> 76 | R33: =RANK(Q33,$Q$4:$Q$55) -> 27
A34: 31 | C34: 15 | D34: F | E34: 90 | F34: 52 | G34: 68 | H34: 71 | I34: 77 | J34: 78 | K34: 65 | L34: 89 | M34: 69 | N34: 97 | O34: 88 | P34: =SUM(E34:O34) -> 844 | Q34: =AVERAGE(E34:O34) -> 76.727273 | R34: =RANK(Q34,$Q$4:$Q$55) -> 25
A35: 32 | C35: 15 | D35: F | E35: 88 | F35: 79 | G35: 71 | H35: 65 | I35: 61 | J35: 72 | K35: 73 | L35: 94 | M35: 83 | N35: 84 | O35: 85 | P35: =SUM(E35:O35) -> 855 | Q35: =AVERAGE(E35:O35) -> 77.727273 | R35: =RANK(Q35,$Q$4:$Q$55) -> 21
A36: 33 | C36: 15 | D36: M | E36: 78 | F36: 76 | G36: 64 | H36: 61 | I36: 54 | J36: 69 | K36: 58 | L36: 65 | M36: 62 | N36: 79 | O36: 85 | P36: =SUM(E36:O36) -> 751 | Q36: =AVERAGE(E36:O36) -> 68.272727 | R36: =RANK(Q36,$Q$4:$Q$55) -> 39
A37: 34 | C37: 15 | D37: M | E37: 82 | F37: 66 | G37: 77 | H37: 78 | I37: 81 | J37: 87 | K37: 84 | L37: 83 | M37: 85 | N37: 97 | O37: 100 | P37: =SUM(E37:O37) -> 920 | Q37: =AVERAGE(E37:O37) -> 83.636364 | R37: =RANK(Q37,$Q$4:$Q$55) -> 11
A38: 35 | C38: 14 | D38: M | E38: 78 | F38: 80 | G38: 82 | H38: 83 | I38: 83 | J38: 88 | K38: 83 | L38: 89 | M38: 84 | N38: 91 | O38: 92 | P38: =SUM(E38:O38) -> 933 | Q38: =AVERAGE(E38:O38) -> 84.818182 | R38: =RANK(Q38,$Q$4:$Q$55) -> 10
A39: 36 | C39: 14 | D39: M | E39: 80 | F39: 64 | G39: 82 | H39: 71 | I39: 88 | J39: 78 | K39: 73 | L39: 77 | M39: 68 | N39: 87 | O39: 76 | P39: =SUM(E39:O39) -> 844 | Q39: =AVERAGE(E39:O39) -> 76.727273 | R39: =RANK(Q39,$Q$4:$Q$55) -> 25
A40: 37 | C40: 15 | D40: F | E40: 90 | F40: 82 | G40: 90 | H40: 91 | I40: 87 | J40: 96 | K40: 96 | L40: 100 | M40: 90 | N40: 100 | O40: 100 | P40: =SUM(E40:O40) -> 1022 | Q40: =AVERAGE(E40:O40) -> 92.909091 | R40: =RANK(Q40,$Q$4:$Q$55) -> 4
A41: 38 | C41: 14 | D41: M | E41: 89 | F41: 57 | G41: 85 | H41: 74 | I41: 83 | J41: 81 | K41: 77 | L41: 90 | M41: 79 | N41: 100 | O41: 89 | P41: =SUM(E41:O41) -> 904 | Q41: =AVERAGE(E41:O41) -> 82.181818 | R41: =RANK(Q41,$Q$4:$Q$55) -> 15
A42: 39 | C42: 14 | D42: F | E42: 85 | F42: 82 | G42: 90 | H42: 89 | I42: 87 | J42: 89 | K42: 90 | L42: 89 | M42: 88 | N42: 100 | O42: 100 | P42: =SUM(E42:O42) -> 989 | Q42: =AVERAGE(E42:O42) -> 89.909091 | R42: =RANK(Q42,$Q$4:$Q$55) -> 5
A43: 40 | C43: 15 | D43: F | E43: 77 | F43: 77 | G43: 51 | H43: 49 | I43: 44 | J43: 46 | K43: 47 | L43: 62 | M43: 66 | N43: 71 | O43: 81 | P43: =SUM(E43:O43) -> 671 | Q43: =AVERAGE(E43:O43) -> 61 | R43: =RANK(Q43,$Q$4:$Q$55) -> 46
... A55: 52 | C55: 14 | D55: M | E55: 66 | F55: 72 | G55: 77 | H55: 72 | I55: 74 | J55: 71 | K55: 69 | L55: 75 | M55: 74 | N55: 82 | O55: 80 | P55: =SUM(E55:O55) -> 812 | Q55: =AVERAGE(E55:O55) -> 73.818182 | R55: =RANK(Q55,$Q$4:$Q$55) -> 31
A56: 53
A57: 54
A58: 55

Sheet 9B Sem 2
A1: Maria Rubbato Catholic School 2015 E.C Roster Grade 9B Student's
A2: Home Room Teacher Grade 9B
A3: No | B3: Student Name | C3: Age | D3: Sex | E3: Amharic | F3: English | G3: Maths | H3: physics | I3: chemistry | J3: Biology | K3: Geography | L3: History | M3: Civics | N3: ICT | O3: H.P.E | P3: Total | Q3: Average | R3: Rank | S3: Condc. | T3: Abse.
A4: 1 | C4: 15 | D4: M | E4: 82 | F4: 62 | G4: 73 | H4: 55 | I4: 61 | J4: 58 | K4: 57 | L4: 62 | M4: 69 | N4: 79 | O4: 80 | P4: =SUM(E4:O4) -> 738 | Q4: =AVERAGE(E4:O4) -> 67.090909 | R4: =RANK(Q4,$Q$4:$Q$55) -> 43
A5: 2 | C5: 15 | D5: F | E5: 91 | F5: 68 | G5: 64 | H5: 66 | I5: 59 | J5: 62 | K5: 65 | L5: 73 | M5: 75 | N5: 85 | O5: 89 | P5: =SUM(E5:O5) -> 797 | Q5: =AVERAGE(E5:O5) -> 72.454545 | R5: =RANK(Q5,$Q$4:$Q$55) -> 35
A6: 3 | C6: 14 | D6: M | E6: 92 | F6: 77 | G6: 55 | H6: 55 | I6: 54 | J6: 58 | K6: 59 | L6: 61 | M6: 75 | N6: 88 | O6: 91 | P6: =SUM(E6:O6) -> 765 | Q6: =AVERAGE(E6:O6) -> 69.545455 | R6: =RANK(Q6,$Q$4:$Q$55) -> 42
A7: 4 | C7: 14 | D7: M | E7: 88 | F7: 72 | G7: 86 | H7: 78 | I7: 85 | J7: 91 | K7: 74 | L7: 71 | M7: 78 | N7: 96 | O7: 87 | P7: =SUM(E7:O7) -> 906 | Q7: =AVERAGE(E7:O7) -> 82.363636 | R7: =RANK(Q7,$Q$4:$Q$55) -> 16
A8: 5 | C8: 14 | D8: M | E8: 73 | F8: 55 | G8: 55 | H8: 52 | I8: 53 | J8: 52 | K8: 52 | L8: 60 | M8: 55 | N8: 80 | O8: 93 | P8: =SUM(E8:O8) -> 680 | Q8: =AVERAGE(E8:O8) -> 61.818182 | R8: =RANK(Q8,$Q$4:$Q$55) -> 48
A9: 6 | C9: 15 | D9: M | E9: 77 | F9: 69 | G9: 87 | H9: 58 | I9: 68 | J9: 82 | K9: 72 | L9: 74 | M9: 68 | N9: 95 | O9: 95 | P9: =SUM(E9:O9) -> 845 | Q9: =AVERAGE(E9:O9) -> 76.818182 | R9: =RANK(Q9,$Q$4:$Q$55) -> 29
A10: 7 | C10: 14 | D10: F | E10: 87 | F10: 81 | G10: 59 | H10: 61 | I10: 52 | J10: 70 | K10: 72 | L10: 66 | M10: 76 | N10: 87 | O10: 80 | P10: =SUM(E10:O10) -> 791 | Q10: =AVERAGE(E10:O10) -> 71.909091 | R10: =RANK(Q10,$Q$4:$Q$55) -> 36
A11: 8 | C11: 15 | D11: M | E11: 79 | F11: 64 | G11: 65 | H11: 59 | I11: 56 | J11: 52 | K11: 55 | L11: 50 | M11: 61 | N11: 76 | O11: 94 | P11: =SUM(E11:O11) -> 711 | Q11: =AVERAGE(E11:O11) -> 64.636364 | R11: =RANK(Q11,$Q$4:$Q$55) -> 45
A12: 9 | C12: 15 | D12: M | E12: 87 | F12: 64 | G12: 47 | H12: 57 | I12: 61 | J12: 70 | K12: 80 | L12: 77 | M12: 75 | N12: 75 | O12: 88 | P12: =SUM(E12:O12) -> 781 | Q12: =AVERAGE(E12:O12) -> 71 | R12: =RANK(Q12,$Q$4:$Q$55) -> 37
A13: 10 | C13: 14 | D13: F | E13: 91 | F13: 84 | G13: 78 | H13: 71 | I13: 77 | J13: 82 | K13: 84 | L13: 75 | M13: 89 | N13: 87 | O13: 90 | P13: =SUM(E13:O13) -> 908 | Q13: =AVERAGE(E13:O13) -> 82.545455 | R13: =RANK(Q13,$Q$4:$Q$55) -> 15
A14: 11 | C14: 14 | D14: F | E14: 93 | F14: 76 | G14: 84 | H14: 78 | I14: 82 | J14: 84 | K14: 76 | L14: 81 | M14: 87 | N14: 87 | O14: 93 | P14: =SUM(E14:O14) -> 921 | Q14: =AVERAGE(E14:O14) -> 83.727273 | R14: =RANK(Q14,$Q$4:$Q$55) -> 14
A15: 12 | C15: 14 | D15: F | E15: 85 | F15: 73 | G15: 80 | H15: 71 | I15: 72 | J15: 79 | K15: 66 | L15: 78 | M15: 81 | N15: 83 | O15: 93 | P15: =SUM(E15:O15) -> 861 | Q15: =AVERAGE(E15:O15) -> 78.272727 | R15: =RANK(Q15,$Q$4:$Q$55) -> 26
... A30: 27 | C30: 14 | D30: F | E30: 93 | F30: 70 | G30: 70 | H30: 60 | I30: 69 | J30: 85 | K30: 72 | L30: 80 | M30: 90 | N30: 87 | O30: 97 | P30: =SUM(E30:O30) -> 873 | Q30: =AVERAGE(E30:O30) -> 79.363636 | R30: =RANK(Q30,$Q$4:$Q$55) -> 24
A31: 28 | C31: 14 | D31: F | P31: =SUM(E31:O31) -> 0
A32: 29 | C32: 14 | D32: F | E32: 95 | F32: 89 | G32: 94 | H32: 88 | I32: 88 | J32: 98 | K32: 93 | L32: 95 | M32: 97 | N32: 95 | O32: 98 | P32: =SUM(E32:O32) -> 1030 | Q32: =AVERAGE(E32:O32) -> 93.636364 | R32: =RANK(Q32,$Q$4:$Q$55) -> 3
A33: 30 | C33: 14 | D33: M | E33: 83 | F33: 89 | G33: 72 | H33: 59 | I33: 66 | J33: 77 | K33: 74 | L33: 70 | M33: 82 | N33: 94 | O33: 85 | P33: =SUM(E33:O33) -> 851 | Q33: =AVERAGE(E33:O33) -> 77.363636 | R33: =RANK(Q33,$Q$4:$Q$55) -> 27
A34: 31 | C34: 15 | D34: F | E34: 87 | F34: 58 | G34: 72 | H34: 71 | I34: 69 | J34: 75 | K34: 73 | L34: 86 | M34: 73 | N34: 88 | O34: 93 | P34: =SUM(E34:O34) -> 845 | Q34: =AVERAGE(E34:O34) -> 76.818182 | R34: =RANK(Q34,$Q$4:$Q$55) -> 29
A35: 32 | C35: 15 | D35: F | E35: 85 | F35: 80 | G35: 68 | H35: 51 | I35: 61 | J35: 61 | K35: 87 | L35: 90 | M35: 93 | N35: 95 | O35: 92 | P35: =SUM(E35:O35) -> 863 | Q35: =AVERAGE(E35:O35) -> 78.454545 | R35: =RANK(Q35,$Q$4:$Q$55) -> 25
A36: 33 | C36: 15 | D36: M | E36: 80 | F36: 75 | G36: 64 | H36: 65 | I36: 53 | J36: 73 | K36: 65 | L36: 61 | M36: 80 | N36: 77 | O36: 82 | P36: =SUM(E36:O36) -> 775 | Q36: =AVERAGE(E36:O36) -> 70.454545 | R36: =RANK(Q36,$Q$4:$Q$55) -> 40
A37: 34 | C37: 15 | D37: M | E37: 83 | F37: 83 | G37: 84 | H37: 81 | I37: 85 | J37: 90 | K37: 85 | L37: 78 | M37: 95 | N37: 87 | O37: 96 | P37: =SUM(E37:O37) -> 947 | Q37: =AVERAGE(E37:O37) -> 86.090909 | R37: =RANK(Q37,$Q$4:$Q$55) -> 10
A38: 35 | C38: 14 | D38: M | E38: 76 | F38: 84 | G38: 88 | H38: 83 | I38: 80 | J38: 91 | K38: 83 | L38: 81 | M38: 90 | N38: 85 | O38: 93 | P38: =SUM(E38:O38) -> 934 | Q38: =AVERAGE(E38:O38) -> 84.909091 | R38: =RANK(Q38,$Q$4:$Q$55) -> 11
A39: 36 | C39: 14 | D39: M | E39: 80 | F39: 71 | G39: 92 | H39: 76 | I39: 79 | J39: 95 | K39: 81 | L39: 78 | M39: 75 | N39: 84 | O39: 85 | P39: =SUM(E39:O39) -> 896 | Q39: =AVERAGE(E39:O39) -> 81.454545 | R39: =RANK(Q39,$Q$4:$Q$55) -> 19
A40: 37 | C40: 15 | D40: F | E40: 90 | F40: 86 | G40: 96 | H40: 92 | I40: 83 | J40: 98 | K40: 88 | L40: 89 | M40: 97 | N40: 93 | O40: 98 | P40: =SUM(E40:O40) -> 1010 | Q40: =AVERAGE(E40:O40) -> 91.818182 | R40: =RANK(Q40,$Q$4:$Q$55) -> 6
A41: 38 | C41: 14 | D41: M | E41: 93 | F41: 77 | G41: 83 | H41: 70 | I41: 76 | J41: 75 | K41: 74 | L41: 79 | M41: 81 | N41: 97 | O41: 100 | P41: =SUM(E41:O41) -> 905 | Q41: =AVERAGE(E41:O41) -> 82.272727 | R41: =RANK(Q41,$Q$4:$Q$55) -> 17
A42: 39 | C42: 14 | D42: F | E42: 94 | F42: 82 | G42: 91 | H42: 93 | I42: 87 | J42: 96 | K42: 90 | L42: 97 | M42: 94 | N42: 95 | O42: 98 | P42: =SUM(E42:O42) -> 1017 | Q42: =AVERAGE(E42:O42) -> 92.454545 | R42: =RANK(Q42,$Q$4:$Q$55) -> 5
A43: 40 | C43: 15 | D43: F | E43: 77 | F43: 78 | G43: 50 | H43: 51 | I43: 50 | J43: 47 | K43: 57 | L43: 57 | M43: 80 | N43: 71 | O43: 80 | P43: =SUM(E43:O43) -> 698 | Q43: =AVERAGE(E43:O43) -> 63.454545 | R43: =RANK(Q43,$Q$4:$Q$55) -> 47
... A55: 52 | C55: 14 | D55: M | E55: 74 | F55: 76 | G55: 77 | H55: 66 | I55: 73 | J55: 78 | K55: 58 | L55: 61 | M55: 79 | N55: 84 | O55: 88 | P55: =SUM(E55:O55) -> 814 | Q55: =AVERAGE(E55:O55) -> 74 | R55: =RANK(Q55,$Q$4:$Q$55) -> 33
A56: 53
A57: 54
A58: 55

Sheet 9B Sem avr
A1: Maria Rubbato Catholic School 2015 E.C Roster Grade 9A Student's
A2: Home Room Teacher Grade 9B
A3: No | B3: Student Name | C3: Age | D3: Sex | E3: Semster 1 Average | F3: Semster 2 Average | G3: Average | H3: Rank
A4: 1 | C4: 15 | D4: M | E4: ='9B Sem 1'!Q4 -> 63.363636 | F4: ='9B Sem 2'!Q4 -> 67.090909 | G4: =AVERAGE(E4:F4) -> 65.227273 | H4: =RANK(G4,$G$4:$G$55) -> 45
A5: 2 | C5: 15 | D5: F | E5: ='9B Sem 1'!Q5 -> 72.818182 | F5: ='9B Sem 2'!Q5 -> 72.454545 | G5: =AVERAGE(E5:F5) -> 72.636364 | H5: =RANK(G5,$G$4:$G$55) -> 34
A6: 3 | C6: 14 | D6: M | E6: ='9B Sem 1'!Q6 -> 66.909091 | F6: ='9B Sem 2'!Q6 -> 69.545455 | G6: =AVERAGE(E6:F6) -> 68.227273 | H6: =RANK(G6,$G$4:$G$55) -> 42
A7: 4 | C7: 14 | D7: M | E7: ='9B Sem 1'!Q7 -> 83.545455 | F7: ='9B Sem 2'!Q7 -> 82.363636 | G7: =AVERAGE(E7:F7) -> 82.954545 | H7: =RANK(G7,$G$4:$G$55) -> 14
A8: 5 | C8: 14 | D8: M | E8: ='9B Sem 1'!Q8 -> 59.545455 | F8: ='9B Sem 2'!Q8 -> 61.818182 | G8: =AVERAGE(E8:F8) -> 60.681818 | H8: =RANK(G8,$G$4:$G$55) -> 48
A9: 6 | C9: 15 | D9: M | E9: ='9B Sem 1'!Q9 -> 75.454545 | F9: ='9B Sem 2'!Q9 -> 76.818182 | G9: =AVERAGE(E9:F9) -> 76.136364 | H9: =RANK(G9,$G$4:$G$55) -> 28
A10: 7 | C10: 14 | D10: F | E10: ='9B Sem 1'!Q10 -> 70.636364 | F10: ='9B Sem 2'!Q10 -> 71.909091 | G10: =AVERAGE(E10:F10) -> 71.272727 | H10: =RANK(G10,$G$4:$G$55) -> 35
A11: 8 | C11: 15 | D11: M | E11: ='9B Sem 1'!Q11 -> 67.272727 | F11: ='9B Sem 2'!Q11 -> 64.636364 | G11: =AVERAGE(E11:F11) -> 65.954545 | H11: =RANK(G11,$G$4:$G$55) -> 44
A12: 9 | C12: 15 | D12: M | E12: ='9B Sem 1'!Q12 -> 70.090909 | F12: ='9B Sem 2'!Q12 -> 71 | G12: =AVERAGE(E12:F12) -> 70.545455 | H12: =RANK(G12,$G$4:$G$55) -> 37
A13: 10 | C13: 14 | D13: F | E13: ='9B Sem 1'!Q13 -> 76.818182 | F13: ='9B Sem 2'!Q13 -> 82.545455 | G13: =AVERAGE(E13:F13) -> 79.681818 | H13: =RANK(G13,$G$4:$G$55) -> 20
A14: 11 | C14: 14 | D14: F | E14: ='9B Sem 1'!Q14 -> 82.727273 | F14: ='9B Sem 2'!Q14 -> 83.727273 | G14: =AVERAGE(E14:F14) -> 83.227273 | H14: =RANK(G14,$G$4:$G$55) -> 13
A15: 12 | C15: 14 | D15: F | E15: ='9B Sem 1'!Q15 -> 73.636364 | F15: ='9B Sem 2'!Q15 -> 78.272727 | G15: =AVERAGE(E15:F15) -> 75.954545 | H15: =RANK(G15,$G$4:$G$55) -> 29
... A55: 52 | C55: 14 | D55: M | E55: ='9B Sem 1'!Q55 -> 73.818182 | F55: ='9B Sem 2'!Q55 -> 74 | G55: =AVERAGE(E55:F55) -> 73.909091 | H55: =RANK(G55,$G$4:$G$55) -> 33

Sheet Roster 10A
A1: Maria Rubbato Catholic School 2015 E.C Roster Grade 10A Student's
A3: Home Room Teacher Grade 10A
A5: No | B5: Student Name | C5: Age | D5: Sex | E5: Semester | F5: Amharic | G5: English | H5: Maths | I5: physics | J5: chemistry | K5: Biology | L5: Geography | M5: History | N5: Civics | O5: ICT | P5: H.P.E | Q5: Total | R5: Average | S5: Rank | T5: Condc. | U5: Abse.
A6: 1 | C6: 15 | D6: M | E6: Semister 1 | F6: ='10A Sem 1'!E4 -> 74 | G6: ='10A Sem 1'!F4 -> 50 | H6: ='10A Sem 1'!G4 -> 51 | I6: ='10A Sem 1'!H4 -> 58 | J6: ='10A Sem 1'!I4 -> 44 | K6: ='10A Sem 1'!J4 -> 45 | L6: ='10A Sem 1'!K4 -> 53 | M6: ='10A Sem 1'!L4 -> 58 | ... U6: ='10A Sem 1'!T4 -> 0
C7: 15 | D7: M | E7: Semister 2 | F7: ='10A Sem 2'!E4 -> 77 | G7: ='10A Sem 2'!F4 -> 56 | H7: ='10A Sem 2'!G4 -> 44 | I7: ='10A Sem 2'!H4 -> 50 | J7: ='10A Sem 2'!I4 -> 48 | K7: ='10A Sem 2'!J4 -> 51 | L7: ='10A Sem 2'!K4 -> 56 | M7: ='10A Sem 2'!L4 -> 55 | ... U7: ='10A Sem 2'!T4 -> 0
C8: 15 | D8: M | E8: Average | F8: =AVERAGE(F6:F7) -> 75.5 | G8: =AVERAGE(G6:G7) -> 53 | H8: =AVERAGE(H6:H7) -> 47.5 | I8: =AVERAGE(I6:I7) -> 54 | J8: =AVERAGE(J6:J7) -> 46 | K8: =AVERAGE(K6:K7) -> 48 | L8: =AVERAGE(L6:L7) -> 54.5 | M8: =AVERAGE(M6:M7) -> 56.5 | ... R8: =AVERAGE(R6:R7) -> 59.909091 | S8: ='10A Sem avr'!$H$4 -> 47 | T8: =AVERAGE(T6:T7) -> 0 | U8: =AVERAGE(U6:U7) -> 0
A9: 2 | C9: 15 | D9: M | E9: Semister 1 | F9: ='10A Sem 1'!E5 -> 94 | G9: ='10A Sem 1'!F5 -> 92 | H9: ='10A Sem 1'!G5 -> 95 | I9: ='10A Sem 1'!H5 -> 97 | J9: ='10A Sem 1'!I5 -> 95 | K9: ='10A Sem 1'!J5 -> 97 | L9: ='10A Sem 1'!K5 -> 98 | M9: ='10A Sem 1'!L5 -> 96 | ... U9: ='10A Sem 1'!T5 -> 0
C10: 15 | D10: M | E10: Semister 2 | F10: ='10A Sem 2'!E5 -> 89 | G10: ='10A Sem 2'!F5 -> 95 | H10: ='10A Sem 2'!G5 -> 95 | I10: ='10A Sem 2'!H5 -> 93 | J10: ='10A Sem 2'!I5 -> 87 | K10: ='10A Sem 2'!J5 -> 94 | L10: ='10A Sem 2'!K5 -> 96 | M10: ='10A Sem 2'!L5 -> 95 | ... U10: ='10A Sem 2'!T5 -> 0
C11: 15 | D11: M | E11: Average | F11: =AVERAGE(F9:F10) -> 91.5 | G11: =AVERAGE(G9:G10) -> 93.5 | H11: =AVERAGE(H9:H10) -> 95 | I11: =AVERAGE(I9:I10) -> 95 | J11: =AVERAGE(J9:J10) -> 91 | K11: =AVERAGE(K9:K10) -> 95.5 | L11: =AVERAGE(L9:L10) -> 97 | M11: =AVERAGE(M9:M10) -> 95.5 | ... R11: =AVERAGE(R9:R10) -> 95.409091 | S11: ='10A Sem avr'!$H$5 -> 1 | T11: =AVERAGE(T9:T10) -> 0 | U11: =AVERAGE(U9:U10) -> 0
A12: 3 | C12: 17 | D12: M | E12: Semister 1 | F12: ='10A Sem 1'!E6 -> 79 | G12: ='10A Sem 1'!F6 -> 87 | H12: ='10A Sem 1'!G6 -> 88 | I12: ='10A Sem 1'!H6 -> 81 | J12: ='10A Sem 1'!I6 -> 84 | K12: ='10A Sem 1'!J6 -> 86 | L12: ='10A Sem 1'!K6 -> 75 | M12: ='10A Sem 1'!L6 -> 70 | ... U12: ='10A Sem 1'!T6 -> 0
C13: 17 | D13: M | E13: Semister 2 | F13: ='10A Sem 2'!E6 -> 72 | G13: ='10A Sem 2'!F6 -> 90 | H13: ='10A Sem 2'!G6 -> 90 | I13: ='10A Sem 2'!H6 -> 74 | J13: ='10A Sem 2'!I6 -> 72 | K13: ='10A Sem 2'!J6 -> 81 | L13: ='10A Sem 2'!K6 -> 84 | M13: ='10A Sem 2'!L6 -> 68 | ... U13: ='10A Sem 2'!T6 -> 0
C14: 17 | D14: M | E14: Average | F14: =AVERAGE(F12:F13) -> 75.5 | G14: =AVERAGE(G12:G13) -> 88.5 | H14: =AVERAGE(H12:H13) -> 89 | I14: =AVERAGE(I12:I13) -> 77.5 | J14: =AVERAGE(J12:J13) -> 78 | K14: =AVERAGE(K12:K13) -> 83.5 | L14: =AVERAGE(L12:L13) -> 79.5 | M14: =AVERAGE(M12:M13) -> 69 | ... R14: =AVERAGE(R12:R13) -> 79.772727 | S14: ='10A Sem avr'!$H$6 -> 18 | T14: =AVERAGE(T12:T13) -> 0 | U14: =AVERAGE(U12:U13) -> 0
A15: 4 | C15: 15 | D15: M | E15: Semister 1 | F15: ='10A Sem 1'!E7 -> 88 | G15: ='10A Sem 1'!F7 -> 82 | H15: ='10A Sem 1'!G7 -> 75 | I15: ='10A Sem 1'!H7 -> 74 | J15: ='10A Sem 1'!I7 -> 68 | K15: ='10A Sem 1'!J7 -> 93 | L15: ='10A Sem 1'!K7 -> 79 | M15: ='10A Sem 1'!L7 -> 89 | ... U15: ='10A Sem 1'!T7 -> 0
C16: 15 | D16: M | E16: Semister 2 | F16: ='10A Sem 2'!E7 -> 78 | G16: ='10A Sem 2'!F7 -> 84 | H16: ='10A Sem 2'!G7 -> 61 | I16: ='10A Sem 2'!H7 -> 62 | J16: ='10A Sem 2'!I7 -> 69 | K16: ='10A Sem 2'!J7 -> 88 | L16: ='10A Sem 2'!K7 -> 85 | M16: ='10A Sem 2'!L7 -> 88 | ... U16: ='10A Sem 2'!T7 -> 0
C17: 15 | D17: M | E17: Average | F17: =AVERAGE(F15:F16) -> 83 | G17: =AVERAGE(G15:G16) -> 83 | H17: =AVERAGE(H15:H16) -> 68 | I17: =AVERAGE(I15:I16) -> 68 | J17: =AVERAGE(J15:J16) -> 68.5 | K17: =AVERAGE(K15:K16) -> 90.5 | L17: =AVERAGE(L15:L16) -> 82 | M17: =AVERAGE(M15:M16) -> 88.5 | ... R17: =AVERAGE(R15:R16) -> 82.590909 | S17: ='10A Sem avr'!$H$7 -> 15 | T17: =AVERAGE(T15:T16) -> 0 | U17: =AVERAGE(U15:U16) -> 0
A18: 5 | C18: 16 | D18: F | E18: Semister 1 | F18: ='10A Sem 1'!E8 -> 84 | G18: ='10A Sem 1'!F8 -> 60 | H18: ='10A Sem 1'!G8 -> 62 | I18: ='10A Sem 1'!H8 -> 62 | J18: ='10A Sem 1'!I8 -> 52 | K18: ='10A Sem 1'!J8 -> 53 | L18: ='10A Sem 1'!K8 -> 66 | M18: ='10A Sem 1'!L8 -> 63 | ... U18: ='10A Sem 1'!T8 -> 0
C19: 16 | D19: F | E19: Semister 2 | F19: ='10A Sem 2'!E8 -> 83 | G19: ='10A Sem 2'!F8 -> 69 | H19: ='10A Sem 2'!G8 -> 46 | I19: ='10A Sem 2'!H8 -> 60 | J19: ='10A Sem 2'!I8 -> 70 | K19: ='10A Sem 2'!J8 -> 72 | L19: ='10A Sem 2'!K8 -> 78 | M19: ='10A Sem 2'!L8 -> 72 | ... U19: ='10A Sem 2'!T8 -> 0
C20: 16 | D20: F | E20: Average | F20: =AVERAGE(F18:F19) -> 83.5 | G20: =AVERAGE(G18:G19) -> 64.5 | H20: =AVERAGE(H18:H19) -> 54 | I20: =AVERAGE(I18:I19) -> 61 | J20: =AVERAGE(J18:J19) -> 61 | K20: =AVERAGE(K18:K19) -> 62.5 | L20: =AVERAGE(L18:L19) -> 72 | M20: =AVERAGE(M18:M19) -> 67.5 | ... R20: =AVERAGE(R18:R19) -> 69.909091 | S20: ='10A Sem avr'!$H$8 -> 31 | T20: =AVERAGE(T18:T19) -> 0 | U20: =AVERAGE(U18:U19) -> 0
A21: 6 | C21: 16 | D21: F | E21: Semister 1 | F21: ='10A Sem 1'!E9 -> 80 | G21: ='10A Sem 1'!F9 -> 50 | H21: ='10A Sem 1'!G9 -> 65 | I21: ='10A Sem 1'!H9 -> 59 | J21: ='10A Sem 1'!I9 -> 51 | K21: ='10A Sem 1'!J9 -> 56 | L21: ='10A Sem 1'!K9 -> 62 | M21: ='10A Sem 1'!L9 -> 50 | ... U21: ='10A Sem 1'!T9 -> 0
C22: 16 | D22: F | E22: Semister 2 | F22: ='10A Sem 2'!E9 -> 72 | G22: ='10A Sem 2'!F9 -> 52 | H22: ='10A Sem 2'!G9 -> 53 | I22: ='10A Sem 2'!H9 -> 44 | J22: ='10A Sem 2'!I9 -> 43 | K22: ='10A Sem 2'!J9 -> 73 | L22: ='10A Sem 2'!K9 -> 69 | M22: ='10A Sem 2'!L9 -> 66 | ... U22: ='10A Sem 2'!T9 -> 0
C23: 16 | D23: F | E23: Average | F23: =AVERAGE(F21:F22) -> 76 | G23: =AVERAGE(G21:G22) -> 51 | H23: =AVERAGE(H21:H22) -> 59 | I23: =AVERAGE(I21:I22) -> 51.5 | J23: =AVERAGE(J21:J22) -> 47 | K23: =AVERAGE(K21:K22) -> 64.5 | L23: =AVERAGE(L21:L22) -> 65.5 | M23: =AVERAGE(M21:M22) -> 58 | ... R23: =AVERAGE(R21:R22) -> 63.818182 | S23: ='10A Sem avr'!$H$9 -> 41 | T23: =AVERAGE(T21:T22) -> 0 | U23: =AVERAGE(U21:U22) -> 0
A24: 7 | C24: 16 | D24: M | E24: Semister 1 | F24: ='10A Sem 1'!E10 -> 67 | G24: ='10A Sem 1'!F10 -> 76 | H24: ='10A Sem 1'!G10 -> 56 | I24: ='10A Sem 1'!H10 -> 55 | J24: ='10A Sem 1'!I10 -> 45 | K24: ='10A Sem 1'!J10 -> 47 | L24: ='10A Sem 1'!K10 -> 52 | M24: ='10A Sem 1'!L10 -> 57 | ... U24: ='10A Sem 1'!T10 -> 0
C25: 16 | D25: M | E25: Semister 2 | F25: ='10A Sem 2'!E10 -> 78 | G25: ='10A Sem 2'!F10 -> 76 | H25: ='10A Sem 2'!G10 -> 39 | I25: ='10A Sem 2'!H10 -> 39 | J25: ='10A Sem 2'!I10 -> 40 | K25: ='10A Sem 2'!J10 -> 43 | L25: ='10A Sem 2'!K10 -> 55 | M25: ='10A Sem 2'!L10 -> 51 | ... U25: ='10A Sem 2'!T10 -> 0
C26: 16 | D26: M | E26: Average | F26: =AVERAGE(F24:F25) -> 72.5 | G26: =AVERAGE(G24:G25) -> 76 | H26: =AVERAGE(H24:H25) -> 47.5 | I26: =AVERAGE(I24:I25) -> 47 | J26: =AVERAGE(J24:J25) -> 42.5 | K26: =AVERAGE(K24:K25) -> 45 | L26: =AVERAGE(L24:L25) -> 53.5 | M26: =AVERAGE(M24:M25) -> 54 | ... R26: =AVERAGE(R24:R25) -> 60.454545 | S26: ='10A Sem avr'!$H$10 -> 46 | T26: =AVERAGE(T24:T25) -> 0 | U26: =AVERAGE(U24:U25) -> 0
A27: 8 | C27: 16 | D27: F | E27: Semister 1 | F27: ='10A Sem 1'!E11 -> 85 | G27: ='10A Sem 1'!F11 -> 90 | H27: ='10A Sem 1'!G11 -> 68 | I27: ='10A Sem 1'!H11 -> 75 | J27: ='10A Sem 1'!I11 -> 65 | K27: ='10A Sem 1'!J11 -> 90 | L27: ='10A Sem 1'!K11 -> 80 | M27: ='10A Sem 1'!L11 -> 83 | ... U27: ='10A Sem 1'!T11 -> 0
C28: 16 | D28: F | E28: Semister 2 | F28: ='10A Sem 2'!E11 -> 79 | G28: ='10A Sem 2'!F11 -> 91 | H28: ='10A Sem 2'!G11 -> 81 | I28: ='10A Sem 2'!H11 -> 69 | J28: ='10A Sem 2'!I11 -> 76 | K28: ='10A Sem 2'!J11 -> 95 | L28: ='10A Sem 2'!K11 -> 91 | M28: ='10A Sem 2'!L11 -> 96 | ... U28: ='10A Sem 2'!T11 -> 0
C29: 16 | D29: F | E29: በ | F29: =AVERAGE(F27:F28) -> 82 | G29: =AVERAGE(G27:G28) -> 90.5 | H29: =AVERAGE(H27:H28) -> 74.5 | I29: =AVERAGE(I27:I28) -> 72 | J29: =AVERAGE(J27:J28) -> 70.5 | K29: =AVERAGE(K27:K28) -> 92.5 | L29: =AVERAGE(L27:L28) -> 85.5 | M29: =AVERAGE(M27:M28) -> 89.5 | ... R29: =AVERAGE(R27:R28) -> 85.318182 | S29: ='10A Sem avr'!$H$11 -> 14 | T29: =AVERAGE(T27:T28) -> 0 | U29: =AVERAGE(U27:U28) -> 0
A30: 9 | C30: 15 | D30: F | E30: Semister 1 | F30: ='10A Sem 1'!E12 -> 66 | G30: ='10A Sem 1'!F12 -> 57 | H30: ='10A Sem 1'!G12 -> 54 | I30: ='10A Sem 1'!H12 -> 60 | J30: ='10A Sem 1'!I12 -> 52 | K30: ='10A Sem 1'!J12 -> 53 | L30: ='10A Sem 1'!K12 -> 56 | M30: ='10A Sem 1'!L12 -> 52 | ... U30: ='10A Sem 1'!T12 -> 0
C31: 15 | D31: F | E31: Semister 2 | F31: ='10A Sem 2'!E12 -> 64 | G31: ='10A Sem 2'!F12 -> 54 | H31: ='10A Sem 2'!G12 -> 49 | I31: ='10A Sem 2'!H12 -> 55 | J31: ='10A Sem 2'!I12 -> 55 | K31: ='10A Sem 2'!J12 -> 60 | L31: ='10A Sem 2'!K12 -> 55 | M31: ='10A Sem 2'!L12 -> 64 | ... U31: ='10A Sem 2'!T12 -> 0
C32: 15 | D32: F | E32: Average | F32: =AVERAGE(F30:F31) -> 65 | G32: =AVERAGE(G30:G31) -> 55.5 | H32: =AVERAGE(H30:H31) -> 51.5 | I32: =AVERAGE(I30:I31) -> 57.5 | J32: =AVERAGE(J30:J31) -> 53.5 | K32: =AVERAGE(K30:K31) -> 56.5 | L32: =AVERAGE(L30:L31) -> 55.5 | M32: =AVERAGE(M30:M31) -> 58 | ... R32: =AVERAGE(R30:R31) -> 61.272727 | S32: ='10A Sem avr'!$H$12 -> 44 | T32: =AVERAGE(T30:T31) -> 0 | U32: =AVERAGE(U30:U31) -> 0
A33: 10 | C33: 15 | D33: F | E33: Semister 1 | F33: ='10A Sem 1'!E13 -> 90 | G33: ='10A Sem 1'!F13 -> 87 | H33: ='10A Sem 1'!G13 -> 85 | I33: ='10A Sem 1'!H13 -> 88 | J33: ='10A Sem 1'!I13 -> 87 | K33: ='10A Sem 1'!J13 -> 92 | L33: ='10A Sem 1'!K13 -> 90 | M33: ='10A Sem 1'!L13 -> 83 | ... U33: ='10A Sem 1'!T13 -> 0
C34: 15 | D34: F | E34: Semister 2 | F34: ='10A Sem 2'!E13 -> 90 | G34: ='10A Sem 2'!F13 -> 86 | H34: ='10A Sem 2'!G13 -> 87 | I34: ='10A Sem 2'!H13 -> 91 | J34: ='10A Sem 2'!I13 -> 87 | K34: ='10A Sem 2'!J13 -> 95 | L34: ='10A Sem 2'!K13 -> 93 | M34: ='10A Sem 2'!L13 -> 91 | ... U34: ='10A Sem 2'!T13 -> 0
C35: 15 | D35: F | E35: Average | F35: =AVERAGE(F33:F34) -> 90 | G35: =AVERAGE(G33:G34) -> 86.5 | H35: =AVERAGE(H33:H34) -> 86 | I35: =AVERAGE(I33:I34) -> 89.5 | J35: =AVERAGE(J33:J34) -> 87 | K35: =AVERAGE(K33:K34) -> 93.5 | L35: =AVERAGE(L33:L34) -> 91.5 | M35: =AVERAGE(M33:M34) -> 87 | ... R35: =AVERAGE(R33:R34) -> 90.681818 | S35: ='10A Sem avr'!$H$13 -> 6 | T35: =AVERAGE(T33:T34) -> 0 | U35: =AVERAGE(U33:U34) -> 0
A36: 11 | C36: 16 | D36: F | E36: Semister 1 | F36: ='10A Sem 1'!E14 -> 0 | G36: ='10A Sem 1'!F14 -> 0 | H36: ='10A Sem 1'!G14 -> 0 | I36: ='10A Sem 1'!H14 -> 0 | J36: ='10A Sem 1'!I14 -> 0 | K36: ='10A Sem 1'!J14 -> 0 | L36: ='10A Sem 1'!K14 -> 0 | M36: ='10A Sem 1'!L14 -> 0 | ... U36: ='10A Sem 1'!T14 -> 0
C37: 16 | D37: F | E37: Semister 2 | F37: ='10A Sem 2'!E14 -> 0 | G37: ='10A Sem 2'!F14 -> 0 | H37: ='10A Sem 2'!G14 -> 0 | I37: ='10A Sem 2'!H14 -> 0 | J37: ='10A Sem 2'!I14 -> 0 | K37: ='10A Sem 2'!J14 -> 0 | L37: ='10A Sem 2'!K14 -> 0 | M37: ='10A Sem 2'!L14 -> 0 | ... U37: ='10A Sem 2'!T14 -> 0
C38: 16 | D38: F | E38: Average | F38: =AVERAGE(F36:F37) -> 0 | G38: =AVERAGE(G36:G37) -> 0 | H38: =AVERAGE(H36:H37) -> 0 | I38: =AVERAGE(I36:I37) -> 0 | J38: =AVERAGE(J36:J37) -> 0 | K38: =AVERAGE(K36:K37) -> 0 | L38: =AVERAGE(L36:L37) -> 0 | M38: =AVERAGE(M36:M37) -> 0 | ... R38: =AVERAGE(R36:R37) -> 0 | S38: ='10A Sem avr'!$H$14 -> 50 | T38: =AVERAGE(T36:T37) -> 0 | U38: =AVERAGE(U36:U37) -> 0
A39: 12 | C39: 15 | D39: F | E39: Semister 1 | F39: ='10A Sem 1'!E15 -> 71 | G39: ='10A Sem 1'!F15 -> 57 | H39: ='10A Sem 1'!G15 -> 54 | I39: ='10A Sem 1'!H15 -> 57 | J39: ='10A Sem 1'!I15 -> 50 | K39: ='10A Sem 1'!J15 -> 51 | L39: ='10A Sem 1'!K15 -> 50 | M39: ='10A Sem 1'!L15 -> 50 | ... U39: ='10A Sem 1'!T15 -> 0
C40: 15 | D40: F | E40: Semister 2 | F40: ='10A Sem 2'!E15 -> 71 | G40: ='10A Sem 2'!F15 -> 64 | H40: ='10A Sem 2'!G15 -> 46 | I40: ='10A Sem 2'!H15 -> 50 | J40: ='10A Sem 2'!I15 -> 51 | K40: ='10A Sem 2'!J15 -> 62 | L40: ='10A Sem 2'!K15 -> 60 | M40: ='10A Sem 2'!L15 -> 62 | ... U40: ='10A Sem 2'!T15 -> 0
C41: 15 | D41: F | E41: Average | F41: =AVERAGE(F39:F40) -> 71 | G41: =AVERAGE(G39:G40) -> 60.5 | H41: =AVERAGE(H39:H40) -> 50 | I41: =AVERAGE(I39:I40) -> 53.5 | J41: =AVERAGE(J39:J40) -> 50.5 | K41: =AVERAGE(K39:K40) -> 56.5 | L41: =AVERAGE(L39:L40) -> 55 | M41: =AVERAGE(M39:M40) -> 56 | ... R41: =AVERAGE(R39:R40) -> 62.818182 | S41: ='10A Sem avr'!$H$15 -> 43 | T41: =AVERAGE(T39:T40) -> 0 | U41: =AVERAGE(U39:U40) -> 0
A42: 13 | C42: 15 | D42: F | E42: Semister 1 | F42: ='10A Sem 1'!E16 -> 71 | G42: ='10A Sem 1'!F16 -> 61 | H42: ='10A Sem 1'!G16 -> 52 | I42: ='10A Sem 1'!H16 -> 57 | J42: ='10A Sem 1'!I16 -> 52 | K42: ='10A Sem 1'!J16 -> 60 | L42: ='10A Sem 1'!K16 -> 59 | M42: ='10A Sem 1'!L16 -> 70 | ... U42: ='10A Sem 1'!T16 -> 0
C43: 15 | D43: F | E43: Semister 2 | F43: ='10A Sem 2'!E16 -> 57 | G43: ='10A Sem 2'!F16 -> 71 | H43: ='10A Sem 2'!G16 -> 48 | I43: ='10A Sem 2'!H16 -> 50 | J43: ='10A Sem 2'!I16 -> 52 | K43: ='10A Sem 2'!J16 -> 71 | L43: ='10A Sem 2'!K16 -> 80 | M43: ='10A Sem 2'!L16 -> 74 | ... U43: ='10A Sem 2'!T16 -> 0
C44: 15 | D44: F | E44: Average | F44: =AVERAGE(F42:F43) -> 64 | G44: =AVERAGE(G42:G43) -> 66 | H44: =AVERAGE(H42:H43) -> 50 | I44: =AVERAGE(I42:I43) -> 53.5 | J44: =AVERAGE(J42:J43) -> 52 | K44: =AVERAGE(K42:K43) -> 65.5 | L44: =AVERAGE(L42:L43) -> 69.5 | M44: =AVERAGE(M42:M43) -> 72 | ... R44: =AVERAGE(R42:R43) -> 66 | S44: ='10A Sem avr'!$H$16 -> 34 | T44: =AVERAGE(T42:T43) -> 0 | U44: =AVERAGE(U42:U43) -> 0
A45: 14 | C45: 17 | D45: F | E45: Semister 1 | F45: ='10A Sem 1'!E17 -> 87 | G45: ='10A Sem 1'!F17 -> 70 | H45: ='10A Sem 1'!G17 -> 68 | I45: ='10A Sem 1'!H17 -> 75 | J45: ='10A Sem 1'!I17 -> 52 | K45: ='10A Sem 1'!J17 -> 70 | L45: ='10A Sem 1'!K17 -> 77 | M45: ='10A Sem 1'!L17 -> 63 | ... U45: ='10A Sem 1'!T17 -> 0
C46: 17 | D46: F | E46: Semister 2 | F46: ='10A Sem 2'!E17 -> 75 | G46: ='10A Sem 2'!F17 -> 73 | H46: ='10A Sem 2'!G17 -> 59 | I46: ='10A Sem 2'!H17 -> 59 | J46: ='10A Sem 2'!I17 -> 61 | K46: ='10A Sem 2'!J17 -> 84 | L46: ='10A Sem 2'!K17 -> 93 | M46: ='10A Sem 2'!L17 -> 76 | ... U46: ='10A Sem 2'!T17 -> 0
C47: 17 | D47: F | E47: Average | F47: =AVERAGE(F45:F46) -> 81 | G47: =AVERAGE(G45:G46) -> 71.5 | H47: =AVERAGE(H45:H46) -> 63.5 | I47: =AVERAGE(I45:I46) -> 67 | J47: =AVERAGE(J45:J46) -> 56.5 | K47: =AVERAGE(K45:K46) -> 77 | L47: =AVERAGE(L45:L46) -> 85 | M47: =AVERAGE(M45:M46) -> 69.5 | ... R47: =AVERAGE(R45:R46) -> 77.318182 | S47: ='10A Sem avr'!$H$17 -> 23 | T47: =AVERAGE(T45:T46) -> 0 | U47: =AVERAGE(U45:U46) -> 0
A48: 15 | C48: 15 | D48: F | E48: Semister 1 | F48: ='10A Sem 1'!E18 -> 85 | G48: ='10A Sem 1'!F18 -> 64 | H48: ='10A Sem 1'!G18 -> 74 | I48: ='10A Sem 1'!H18 -> 65 | J48: ='10A Sem 1'!I18 -> 57 | K48: ='10A Sem 1'!J18 -> 64 | L48: ='10A Sem 1'!K18 -> 71 | M48: ='10A Sem 1'!L18 -> 63 | ... U48: ='10A Sem 1'!T18 -> 0
C49: 15 | D49: F | E49: Semister 2 | F49: ='10A Sem 2'!E18 -> 83 | G49: ='10A Sem 2'!F18 -> 58 | H49: ='10A Sem 2'!G18 -> 65 | I49: ='10A Sem 2'!H18 -> 59 | J49: ='10A Sem 2'!I18 -> 61 | K49: ='10A Sem 2'!J18 -> 58 | L49: ='10A Sem 2'!K18 -> 74 | M49: ='10A Sem 2'!L18 -> 70 | ... U49: ='10A Sem 2'!T18 -> 0
C50: 15 | D50: F | E50: Average | F50: =AVERAGE(F48:F49) -> 84 | G50: =AVERAGE(G48:G49) -> 61 | H50: =AVERAGE(H48:H49) -> 69.5 | I50: =AVERAGE(I48:I49) -> 62 | J50: =AVERAGE(J48:J49) -> 59 | K50: =AVERAGE(K48:K49) -> 61 | L50: =AVERAGE(L48:L49) -> 72.5 | M50: =AVERAGE(M48:M49) -> 66.5 | ... R50: =AVERAGE(R48:R49) -> 72.045455 | S50: ='10A Sem avr'!$H$18 -> 28 | T50: =AVERAGE(T48:T49) -> 0 | U50: =AVERAGE(U48:U49) -> 0
A51: 16 | C51: 16 | D51: f | E51: Semister 1 | F51: ='10A Sem 1'!E19 -> 78 | G51: ='10A Sem 1'!F19 -> 46 | H51: ='10A Sem 1'!G19 -> 55 | I51: ='10A Sem 1'!H19 -> 64 | J51: ='10A Sem 1'!I19 -> 50 | K51: ='10A Sem 1'!J19 -> 59 | L51: ='10A Sem 1'!K19 -> 68 | M51: ='10A Sem 1'!L19 -> 60 | ... U51: ='10A Sem 1'!T19 -> 0
C52: 16 | D52: f | E52: Semister 2 | F52: ='10A Sem 2'!E19 -> 75 | G52: ='10A Sem 2'!F19 -> 54 | H52: ='10A Sem 2'!G19 -> 60 | I52: ='10A Sem 2'!H19 -> 62 | J52: ='10A Sem 2'!I19 -> 64 | K52: ='10A Sem 2'!J19 -> 66 | L52: ='10A Sem 2'!K19 -> 67 | M52: ='10A Sem 2'!L19 -> 69 | ... U52: ='10A Sem 2'!T19 -> 0
C53: 16 | D53: f | E53: Average | F53: =AVERAGE(F51:F52) -> 76.5 | G53: =AVERAGE(G51:G52) -> 50 | H53: =AVERAGE(H51:H52) -> 57.5 | I53: =AVERAGE(I51:I52) -> 63 | J53: =AVERAGE(J51:J52) -> 57 | K53: =AVERAGE(K51:K52) -> 62.5 | L53: =AVERAGE(L51:L52) -> 67.5 | M53: =AVERAGE(M51:M52) -> 64.5 | ... R53: =AVERAGE(R51:R52) -> 68.318182 | S53: ='10A Sem avr'!$H$19 -> 33 | T53: =AVERAGE(T51:T52) -> 0 | U53: =AVERAGE(U51:U52) -> 0
A54: 17 | C54: 16 | D54: F | E54: Semister 1 | F54: ='10A Sem 1'!E20 -> 78 | G54: ='10A Sem 1'!F20 -> 60 | H54: ='10A Sem 1'!G20 -> 93 | I54: ='10A Sem 1'!H20 -> 94 | J54: ='10A Sem 1'!I20 -> 95 | K54: ='10A Sem 1'!J20 -> 98 | L54: ='10A Sem 1'!K20 -> 95 | M54: ='10A Sem 1'!L20 -> 75 | ... U54: ='10A Sem 1'!T20 -> 0
C55: 16 | D55: F | E55: Semister 2 | F55: ='10A Sem 2'!E20 -> 77 | G55: ='10A Sem 2'!F20 -> 66 | H55: ='10A Sem 2'!G20 -> 94 | I55: ='10A Sem 2'!H20 -> 89 | J55: ='10A Sem 2'!I20 -> 88 | K55: ='10A Sem 2'!J20 -> 97 | L55: ='10A Sem 2'!K20 -> 98 | M55: ='10A Sem 2'!L20 -> 79 | ... U55: ='10A Sem 2'!T20 -> 0
C56: 16 | D56: F | E56: Average | F56: =AVERAGE(F54:F55) -> 77.5 | G56: =AVERAGE(G54:G55) -> 63 | H56: =AVERAGE(H54:H55) -> 93.5 | I56: =AVERAGE(I54:I55) -> 91.5 | J56: =AVERAGE(J54:J55) -> 91.5 | K56: =AVERAGE(K54:K55) -> 97.5 | L56: =AVERAGE(L54:L55) -> 96.5 | M56: =AVERAGE(M54:M55) -> 77 | ... R56: =AVERAGE(R54:R55) -> 88.318182 | S56: ='10A Sem avr'!$H$20 -> 9 | T56: =AVERAGE(T54:T55) -> 0 | U56: =AVERAGE(U54:U55) -> 0
A57: 18 | C57: 16 | D57: F | E57: Semister 1 | F57: ='10A Sem 1'!E21 -> 66 | G57: ='10A Sem 1'!F21 -> 58 | H57: ='10A Sem 1'!G21 -> 39 | I57: ='10A Sem 1'!H21 -> 49 | J57: ='10A Sem 1'!I21 -> 38 | K57: ='10A Sem 1'!J21 -> 45 | L57: ='10A Sem 1'!K21 -> 48 | M57: ='10A Sem 1'!L21 -> 71 | ... U57: ='10A Sem 1'!T21 -> 0
C58: 16 | D58: F | E58: Semister 2 | F58: ='10A Sem 2'!E21 -> 73 | G58: ='10A Sem 2'!F21 -> 65 | H58: ='10A Sem 2'!G21 -> 34 | I58: ='10A Sem 2'!H21 -> 44 | J58: ='10A Sem 2'!I21 -> 40 | K58: ='10A Sem 2'!J21 -> 57 | L58: ='10A Sem 2'!K21 -> 57 | M58: ='10A Sem 2'!L21 -> 62 | ... U58: ='10A Sem 2'!T21 -> 0
C59: 16 | D59: F | E59: Average | F59: =AVERAGE(F57:F58) -> 69.5 | G59: =AVERAGE(G57:G58) -> 61.5 | H59: =AVERAGE(H57:H58) -> 36.5 | I59: =AVERAGE(I57:I58) -> 46.5 | J59: =AVERAGE(J57:J58) -> 39 | K59: =AVERAGE(K57:K58) -> 51 | L59: =AVERAGE(L57:L58) -> 52.5 | M59: =AVERAGE(M57:M58) -> 66.5 | ... R59: =AVERAGE(R57:R58) -> 57.681818 | S59: ='10A Sem avr'!$H$21 -> 48 | T59: =AVERAGE(T57:T58) -> 0 | U59: =AVERAGE(U57:U58) -> 0
A60: 19 | C60: 17 | D60: M | E60: Semister 1 | F60: ='10A Sem 1'!E22 -> 70 | G60: ='10A Sem 1'!F22 -> 55 | H60: ='10A Sem 1'!G22 -> 63 | I60: ='10A Sem 1'!H22 -> 64 | J60: ='10A Sem 1'!I22 -> 60 | K60: ='10A Sem 1'!J22 -> 53 | L60: ='10A Sem 1'!K22 -> 58 | M60: ='10A Sem 1'!L22 -> 68 | ... U60: ='10A Sem 1'!T22 -> 0
C61: 17 | D61: M | E61: Semister 2 | F61: ='10A Sem 2'!E22 -> 71 | G61: ='10A Sem 2'!F22 -> 67 | H61: ='10A Sem 2'!G22 -> 47 | I61: ='10A Sem 2'!H22 -> 54 | J61: ='10A Sem 2'!I22 -> 52 | K61: ='10A Sem 2'!J22 -> 61 | L61: ='10A Sem 2'!K22 -> 54 | M61: ='10A Sem 2'!L22 -> 60 | ... U61: ='10A Sem 2'!T22 -> 0
C62: 17 | D62: M | E62: Average | F62: =AVERAGE(F60:F61) -> 70.5 | G62: =AVERAGE(G60:G61) -> 61 | H62: =AVERAGE(H60:H61) -> 55 | I62: =AVERAGE(I60:I61) -> 59 | J62: =AVERAGE(J60:J61) -> 56 | K62: =AVERAGE(K60:K61) -> 57 | L62: =AVERAGE(L60:L61) -> 56 | M62: =AVERAGE(M60:M61) -> 64 | ... R62: =AVERAGE(R60:R61) -> 64.590909 | S62: ='10A Sem avr'!$H$22 -> 39 | T62: =AVERAGE(T60:T61) -> 0 | U62: =AVERAGE(U60:U61) -> 0
A63: 20 | C63: 15 | D63: M | E63: Semister 1 | F63: ='10A Sem 1'!E23 -> 90 | G63: ='10A Sem 1'!F23 -> 75 | H63: ='10A Sem 1'!G23 -> 87 | I63: ='10A Sem 1'!H23 -> 82 | J63: ='10A Sem 1'!I23 -> 82 | K63: ='10A Sem 1'!J23 -> 86 | L63: ='10A Sem 1'!K23 -> 87 | M63: ='10A Sem 1'!L23 -> 87 | ... U63: ='10A Sem 1'!T23 -> 0
C64: 15 | D64: M | E64: Semister 2 | F64: ='10A Sem 2'!E23 -> 85 | G64: ='10A Sem 2'!F23 -> 79 | H64: ='10A Sem 2'!G23 -> 81 | I64: ='10A Sem 2'!H23 -> 80 | J64: ='10A Sem 2'!I23 -> 79 | K64: ='10A Sem 2'!J23 -> 86 | L64: ='10A Sem 2'!K23 -> 87 | M64: ='10A Sem 2'!L23 -> 96 | ... U64: ='10A Sem 2'!T23 -> 0
C65: 15 | D65: M | E65: Average | F65: =AVERAGE(F63:F64) -> 87.5 | G65: =AVERAGE(G63:G64) -> 77 | H65: =AVERAGE(H63:H64) -> 84 | I65: =AVERAGE(I63:I64) -> 81 | J65: =AVERAGE(J63:J64) -> 80.5 | K65: =AVERAGE(K63:K64) -> 86 | L65: =AVERAGE(L63:L64) -> 87 | M65: =AVERAGE(M63:M64) -> 91.5 | ... R65: =AVERAGE(R63:R64) -> 86.818182 | S65: ='10A Sem avr'!$H$23 -> 11 | T65: =AVERAGE(T63:T64) -> 0 | U65: =AVERAGE(U63:U64) -> 0
A66: 21 | C66: 16 | D66: F | E66: Semister 1 | F66: ='10A Sem 1'!E24 -> 68 | G66: ='10A Sem 1'!F24 -> 60 | H66: ='10A Sem 1'!G24 -> 37 | I66: ='10A Sem 1'!H24 -> 52 | J66: ='10A Sem 1'!I24 -> 50 | K66: ='10A Sem 1'!J24 -> 46 | L66: ='10A Sem 1'!K24 -> 45 | M66: ='10A Sem 1'!L24 -> 60 | ... U66: ='10A Sem 1'!T24 -> 0
C67: 16 | D67: F | E67: Semister 2 | F67: ='10A Sem 2'!E24 -> 0 | G67: ='10A Sem 2'!F24 -> 0 | H67: ='10A Sem 2'!G24 -> 0 | I67: ='10A Sem 2'!H24 -> 0 | J67: ='10A Sem 2'!I24 -> 0 | K67: ='10A Sem 2'!J24 -> 0 | L67: ='10A Sem 2'!K24 -> 0 | M67: ='10A Sem 2'!L24 -> 0 | ... U67: ='10A Sem 2'!T24 -> 0
C68: 16 | D68: F | E68: Average | F68: =AVERAGE(F66:F67) -> 34 | G68: =AVERAGE(G66:G67) -> 30 | H68: =AVERAGE(H66:H67) -> 18.5 | I68: =AVERAGE(I66:I67) -> 26 | J68: =AVERAGE(J66:J67) -> 25 | K68: =AVERAGE(K66:K67) -> 23 | L68: =AVERAGE(L66:L67) -> 22.5 | M68: =AVERAGE(M66:M67) -> 30 | ... R68: =AVERAGE(R66:R67) -> 28 | S68: ='10A Sem avr'!$H$24 -> 49 | T68: =AVERAGE(T66:T67) -> 0 | U68: =AVERAGE(U66:U67) -> 0
A69: 22 | C69: 14 | D69: F | E69: Semister 1 | F69: ='10A Sem 1'!E25 -> 79 | G69: ='10A Sem 1'!F25 -> 58 | H69: ='10A Sem 1'!G25 -> 51 | I69: ='10A Sem 1'!H25 -> 63 | J69: ='10A Sem 1'!I25 -> 50 | K69: ='10A Sem 1'!J25 -> 60 | L69: ='10A Sem 1'!K25 -> 64 | M69: ='10A Sem 1'!L25 -> 68 | ... U69: ='10A Sem 1'!T25 -> 0
C70: 14 | D70: F | E70: Semister 2 | F70: ='10A Sem 2'!E25 -> 74 | G70: ='10A Sem 2'!F25 -> 65 | H70: ='10A Sem 2'!G25 -> 46 | I70: ='10A Sem 2'!H25 -> 53 | J70: ='10A Sem 2'!I25 -> 44 | K70: ='10A Sem 2'!J25 -> 62 | L70: ='10A Sem 2'!K25 -> 61 | M70: ='10A Sem 2'!L25 -> 69 | ... U70: ='10A Sem 2'!T25 -> 0
C71: 14 | D71: F | E71: Average | F71: =AVERAGE(F69:F70) -> 76.5 | G71: =AVERAGE(G69:G70) -> 61.5 | H71: =AVERAGE(H69:H70) -> 48.5 | I71: =AVERAGE(I69:I70) -> 58 | J71: =AVERAGE(J69:J70) -> 47 | K71: =AVERAGE(K69:K70) -> 61 | L71: =AVERAGE(L69:L70) -> 62.5 | M71: =AVERAGE(M69:M70) -> 68.5 | ... R71: =AVERAGE(R69:R70) -> 65.363636 | S71: ='10A Sem avr'!$H$25 -> 37 | T71: =AVERAGE(T69:T70) -> 0 | U71: =AVERAGE(U69:U70) -> 0
A72: 23 | C72: 14 | D72: M | E72: Semister 1 | F72: ='10A Sem 1'!E26 -> 95 | G72: ='10A Sem 1'!F26 -> 72 | H72: ='10A Sem 1'!G26 -> 95 | I72: ='10A Sem 1'!H26 -> 92 | J72: ='10A Sem 1'!I26 -> 89 | K72: ='10A Sem 1'!J26 -> 89 | L72: ='10A Sem 1'!K26 -> 85 | M72: ='10A Sem 1'!L26 -> 81 | ... U72: ='10A Sem 1'!T26 -> 0
C73: 14 | D73: M | E73: Semister 2 | F73: ='10A Sem 2'!E26 -> 79 | G73: ='10A Sem 2'!F26 -> 85 | H73: ='10A Sem 2'!G26 -> 97 | I73: ='10A Sem 2'!H26 -> 90 | J73: ='10A Sem 2'!I26 -> 86 | K73: ='10A Sem 2'!J26 -> 93 | L73: ='10A Sem 2'!K26 -> 88 | M73: ='10A Sem 2'!L26 -> 89 | ... U73: ='10A Sem 2'!T26 -> 0
C74: 14 | D74: M | E74: Average | F74: =AVERAGE(F72:F73) -> 87 | G74: =AVERAGE(G72:G73) -> 78.5 | H74: =AVERAGE(H72:H73) -> 96 | I74: =AVERAGE(I72:I73) -> 91 | J74: =AVERAGE(J72:J73) -> 87.5 | K74: =AVERAGE(K72:K73) -> 91 | L74: =AVERAGE(L72:L73) -> 86.5 | M74: =AVERAGE(M72:M73) -> 85 | ... R74: =AVERAGE(R72:R73) -> 89.5 | S74: ='10A Sem avr'!$H$26 -> 7 | T74: =AVERAGE(T72:T73) -> 0 | U74: =AVERAGE(U72:U73) -> 0
A75: 24 | C75: 15 | D75: F | E75: Semister 1 | F75: ='10A Sem 1'!E27 -> 59 | G75: ='10A Sem 1'!F27 -> 72 | H75: ='10A Sem 1'!G27 -> 41 | I75: ='10A Sem 1'!H27 -> 53 | J75: ='10A Sem 1'!I27 -> 46 | K75: ='10A Sem 1'!J27 -> 57 | L75: ='10A Sem 1'!K27 -> 52 | M75: ='10A Sem 1'!L27 -> 54 | ... U75: ='10A Sem 1'!T27 -> 0
C76: 15 | D76: F | E76: Semister 2 | F76: ='10A Sem 2'!E27 -> 69 | G76: ='10A Sem 2'!F27 -> 79 | H76: ='10A Sem 2'!G27 -> 38 | I76: ='10A Sem 2'!H27 -> 41 | J76: ='10A Sem 2'!I27 -> 40 | K76: ='10A Sem 2'!J27 -> 62 | L76: ='10A Sem 2'!K27 -> 54 | M76: ='10A Sem 2'!L27 -> 52 | ... U76: ='10A Sem 2'!T27 -> 0
C77: 15 | D77: F | E77: Average | F77: =AVERAGE(F75:F76) -> 64 | G77: =AVERAGE(G75:G76) -> 75.5 | H77: =AVERAGE(H75:H76) -> 39.5 | I77: =AVERAGE(I75:I76) -> 47 | J77: =AVERAGE(J75:J76) -> 43 | K77: =AVERAGE(K75:K76) -> 59.5 | L77: =AVERAGE(L75:L76) -> 53 | M77: =AVERAGE(M75:M76) -> 53 | ... R77: =AVERAGE(R75:R76) -> 61.227273 | S77: ='10A Sem avr'!$H$27 -> 45 | T77: =AVERAGE(T75:T76) -> 0 | U77: =AVERAGE(U75:U76) -> 0
A78: 25 | C78: 17 | D78: F | E78: Semister 1 | F78: ='10A Sem 1'!E28 -> 96 | G78: ='10A Sem 1'!F28 -> 65 | H78: ='10A Sem 1'!G28 -> 78 | I78: ='10A Sem 1'!H28 -> 65 | J78: ='10A Sem 1'!I28 -> 84 | K78: ='10A Sem 1'!J28 -> 88 | L78: ='10A Sem 1'!K28 -> 76 | M78: ='10A Sem 1'!L28 -> 84 | ... U78: ='10A Sem 1'!T28 -> 0
C79: 17 | D79: F | E79: Semister 2 | F79: ='10A Sem 2'!E28 -> 88 | G79: ='10A Sem 2'!F28 -> 72 | H79: ='10A Sem 2'!G28 -> 67 | I79: ='10A Sem 2'!H28 -> 72 | J79: ='10A Sem 2'!I28 -> 73 | K79: ='10A Sem 2'!J28 -> 84 | L79: ='10A Sem 2'!K28 -> 81 | M79: ='10A Sem 2'!L28 -> 100 | ... U79: ='10A Sem 2'!T28 -> 0
C80: 17 | D80: F | E80: Average | F80: =AVERAGE(F78:F79) -> 92 | G80: =AVERAGE(G78:G79) -> 68.5 | H80: =AVERAGE(H78:H79) -> 72.5 | I80: =AVERAGE(I78:I79) -> 68.5 | J80: =AVERAGE(J78:J79) -> 78.5 | K80: =AVERAGE(K78:K79) -> 86 | L80: =AVERAGE(L78:L79) -> 78.5 | M80: =AVERAGE(M78:M79) -> 92 | ... R80: =AVERAGE(R78:R79) -> 82.5 | S80: ='10A Sem avr'!$H$28 -> 16 | T80: =AVERAGE(T78:T79) -> 0 | U80: =AVERAGE(U78:U79) -> 0
A81: 26 | C81: 15 | D81: F | E81: Semister 1 | F81: ='10A Sem 1'!E29 -> 89 | G81: ='10A Sem 1'!F29 -> 78 | H81: ='10A Sem 1'!G29 -> 89 | I81: ='10A Sem 1'!H29 -> 100 | J81: ='10A Sem 1'!I29 -> 92 | K81: ='10A Sem 1'!J29 -> 95 | L81: ='10A Sem 1'!K29 -> 98 | M81: ='10A Sem 1'!L29 -> 88 | ... U81: ='10A Sem 1'!T29 -> 0
C82: 15 | D82: F | E82: Semister 2 | F82: ='10A Sem 2'!E29 -> 84 | G82: ='10A Sem 2'!F29 -> 89 | H82: ='10A Sem 2'!G29 -> 94 | I82: ='10A Sem 2'!H29 -> 83 | J82: ='10A Sem 2'!I29 -> 87 | K82: ='10A Sem 2'!J29 -> 97 | L82: ='10A Sem 2'!K29 -> 98 | M82: ='10A Sem 2'!L29 -> 95 | ... U82: ='10A Sem 2'!T29 -> 0
C83: 15 | D83: F | E83: Average | F83: =AVERAGE(F81:F82) -> 86.5 | G83: =AVERAGE(G81:G82) -> 83.5 | H83: =AVERAGE(H81:H82) -> 91.5 | I83: =AVERAGE(I81:I82) -> 91.5 | J83: =AVERAGE(J81:J82) -> 89.5 | K83: =AVERAGE(K81:K82) -> 96 | L83: =AVERAGE(L81:L82) -> 98 | M83: =AVERAGE(M81:M82) -> 91.5 | ... R83: =AVERAGE(R81:R82) -> 92.681818 | S83: ='10A Sem avr'!$H$29 -> 4 | T83: =AVERAGE(T81:T82) -> 0 | U83: =AVERAGE(U81:U82) -> 0
A84: 27 | C84: 17 | D84: F | E84: Semister 1 | F84: ='10A Sem 1'!E30 -> 60 | G84: ='10A Sem 1'!F30 -> 71 | H84: ='10A Sem 1'!G30 -> 55 | I84: ='10A Sem 1'!H30 -> 60 | J84: ='10A Sem 1'!I30 -> 55 | K84: ='10A Sem 1'!J30 -> 58 | L84: ='10A Sem 1'!K30 -> 63 | M84: ='10A Sem 1'!L30 -> 63 | ... U84: ='10A Sem 1'!T30 -> 0
C85: 17 | D85: F | E85: Semister 2 | F85: ='10A Sem 2'!E30 -> 60 | G85: ='10A Sem 2'!F30 -> 80 | H85: ='10A Sem 2'!G30 -> 54 | I85: ='10A Sem 2'!H30 -> 52 | J85: ='10A Sem 2'!I30 -> 46 | K85: ='10A Sem 2'!J30 -> 61 | L85: ='10A Sem 2'!K30 -> 62 | M85: ='10A Sem 2'!L30 -> 65 | ... U85: ='10A Sem 2'!T30 -> 0
C86: 17 | D86: F | E86: Average | F86: =AVERAGE(F84:F85) -> 60 | G86: =AVERAGE(G84:G85) -> 75.5 | H86: =AVERAGE(H84:H85) -> 54.5 | I86: =AVERAGE(I84:I85) -> 56 | J86: =AVERAGE(J84:J85) -> 50.5 | K86: =AVERAGE(K84:K85) -> 59.5 | L86: =AVERAGE(L84:L85) -> 62.5 | M86: =AVERAGE(M84:M85) -> 64 | ... R86: =AVERAGE(R84:R85) -> 65.954545 | S86: ='10A Sem avr'!$H$30 -> 35 | T86: =AVERAGE(T84:T85) -> 0 | U86: =AVERAGE(U84:U85) -> 0
A87: 28 | C87: 16 | D87: M | E87: Semister 1 | F87: ='10A Sem 1'!E31 -> 93 | G87: ='10A Sem 1'!F31 -> 62 | H87: ='10A Sem 1'!G31 -> 85 | I87: ='10A Sem 1'!H31 -> 72 | J87: ='10A Sem 1'!I31 -> 75 | K87: ='10A Sem 1'!J31 -> 59 | L87: ='10A Sem 1'!K31 -> 54 | M87: ='10A Sem 1'!L31 -> 75 | ... U87: ='10A Sem 1'!T31 -> 0
C88: 16 | D88: M | E88: Semister 2 | F88: ='10A Sem 2'!E31 -> 83 | G88: ='10A Sem 2'!F31 -> 52 | H88: ='10A Sem 2'!G31 -> 64 | I88: ='10A Sem 2'!H31 -> 61 | J88: ='10A Sem 2'!I31 -> 57 | K88: ='10A Sem 2'!J31 -> 64 | L88: ='10A Sem 2'!K31 -> 63 | M88: ='10A Sem 2'!L31 -> 76 | ... U88: ='10A Sem 2'!T31 -> 0
C89: 16 | D89: M | E89: Average | F89: =AVERAGE(F87:F88) -> 88 | G89: =AVERAGE(G87:G88) -> 57 | H89: =AVERAGE(H87:H88) -> 74.5 | I89: =AVERAGE(I87:I88) -> 66.5 | J89: =AVERAGE(J87:J88) -> 66 | K89: =AVERAGE(K87:K88) -> 61.5 | L89: =AVERAGE(L87:L88) -> 58.5 | M89: =AVERAGE(M87:M88) -> 75.5 | ... R89: =AVERAGE(R87:R88) -> 71.363636 | S89: ='10A Sem avr'!$H$31 -> 29 | T89: =AVERAGE(T87:T88) -> 0 | U89: =AVERAGE(U87:U88) -> 0
A90: 29 | C90: 16 | D90: F | E90: Semister 1 | F90: ='10A Sem 1'!E32 -> 79 | G90: ='10A Sem 1'!F32 -> 65 | H90: ='10A Sem 1'!G32 -> 60 | I90: ='10A Sem 1'!H32 -> 57 | J90: ='10A Sem 1'!I32 -> 58 | K90: ='10A Sem 1'!J32 -> 70 | L90: ='10A Sem 1'!K32 -> 65 | M90: ='10A Sem 1'!L32 -> 80 | ... U90: ='10A Sem 1'!T32 -> 0
C91: 16 | D91: F | E91: Semister 2 | F91: ='10A Sem 2'!E32 -> 76 | G91: ='10A Sem 2'!F32 -> 71 | H91: ='10A Sem 2'!G32 -> 56 | I91: ='10A Sem 2'!H32 -> 55 | J91: ='10A Sem 2'!I32 -> 57 | K91: ='10A Sem 2'!J32 -> 75 | L91: ='10A Sem 2'!K32 -> 75 | M91: ='10A Sem 2'!L32 -> 89 | ... U91: ='10A Sem 2'!T32 -> 0
C92: 16 | D92: F | E92: Average | F92: =AVERAGE(F90:F91) -> 77.5 | G92: =AVERAGE(G90:G91) -> 68 | H92: =AVERAGE(H90:H91) -> 58 | I92: =AVERAGE(I90:I91) -> 56 | J92: =AVERAGE(J90:J91) -> 57.5 | K92: =AVERAGE(K90:K91) -> 72.5 | L92: =AVERAGE(L90:L91) -> 70 | M92: =AVERAGE(M90:M91) -> 84.5 | ... R92: =AVERAGE(R90:R91) -> 72.681818 | S92: ='10A Sem avr'!$H$32 -> 26 | T92: =AVERAGE(T90:T91) -> 0 | U92: =AVERAGE(U90:U91) -> 0
A93: 30 | C93: 16 | D93: F | E93: Semister 1 | F93: ='10A Sem 1'!E33 -> 87 | G93: ='10A Sem 1'!F33 -> 76 | H93: ='10A Sem 1'!G33 -> 76 | I93: ='10A Sem 1'!H33 -> 72 | J93: ='10A Sem 1'!I33 -> 59 | K93: ='10A Sem 1'!J33 -> 79 | L93: ='10A Sem 1'!K33 -> 67 | M93: ='10A Sem 1'!L33 -> 57 | ... U93: ='10A Sem 1'!T33 -> 0
C94: 16 | D94: F | E94: Semister 2 | F94: ='10A Sem 2'!E33 -> 87 | G94: ='10A Sem 2'!F33 -> 87 | H94: ='10A Sem 2'!G33 -> 77 | I94: ='10A Sem 2'!H33 -> 61 | J94: ='10A Sem 2'!I33 -> 77 | K94: ='10A Sem 2'!J33 -> 83 | L94: ='10A Sem 2'!K33 -> 70 | M94: ='10A Sem 2'!L33 -> 84 | ... U94: ='10A Sem 2'!T33 -> 0
C95: 16 | D95: F | E95: Average | F95: =AVERAGE(F93:F94) -> 87 | G95: =AVERAGE(G93:G94) -> 81.5 | H95: =AVERAGE(H93:H94) -> 76.5 | I95: =AVERAGE(I93:I94) -> 66.5 | J95: =AVERAGE(J93:J94) -> 68 | K95: =AVERAGE(K93:K94) -> 81 | L95: =AVERAGE(L93:L94) -> 68.5 | M95: =AVERAGE(M93:M94) -> 70.5 | ... R95: =AVERAGE(R93:R94) -> 77.454545 | S95: ='10A Sem avr'!$H$33 -> 21 | T95: =AVERAGE(T93:T94) -> 0 | U95: =AVERAGE(U93:U94) -> 0
A96: 31 | C96: 16 | D96: F | E96: Semister 1 | F96: ='10A Sem 1'!E34 -> 85 | G96: ='10A Sem 1'!F34 -> 56 | H96: ='10A Sem 1'!G34 -> 69 | I96: ='10A Sem 1'!H34 -> 70 | J96: ='10A Sem 1'!I34 -> 61 | K96: ='10A Sem 1'!J34 -> 77 | L96: ='10A Sem 1'!K34 -> 69 | M96: ='10A Sem 1'!L34 -> 67 | ... U96: ='10A Sem 1'!T34 -> 0
C97: 16 | D97: F | E97: Semister 2 | F97: ='10A Sem 2'!E34 -> 81 | G97: ='10A Sem 2'!F34 -> 64 | H97: ='10A Sem 2'!G34 -> 66 | I97: ='10A Sem 2'!H34 -> 47 | J97: ='10A Sem 2'!I34 -> 71 | K97: ='10A Sem 2'!J34 -> 70 | L97: ='10A Sem 2'!K34 -> 76 | M97: ='10A Sem 2'!L34 -> 87 | ... U97: ='10A Sem 2'!T34 -> 0
C98: 16 | D98: F | E98: Average | F98: =AVERAGE(F96:F97) -> 83 | G98: =AVERAGE(G96:G97) -> 60 | H98: =AVERAGE(H96:H97) -> 67.5 | I98: =AVERAGE(I96:I97) -> 58.5 | J98: =AVERAGE(J96:J97) -> 66 | K98: =AVERAGE(K96:K97) -> 73.5 | L98: =AVERAGE(L96:L97) -> 72.5 | M98: =AVERAGE(M96:M97) -> 77 | ... R98: =AVERAGE(R96:R97) -> 74.454545 | S98: ='10A Sem avr'!$H$34 -> 25 | T98: =AVERAGE(T96:T97) -> 0 | U98: =AVERAGE(U96:U97) -> 0
A99: 32 | C99: 16 | D99: F | E99: Semister 1 | F99: ='10A Sem 1'!E35 -> 76 | G99: ='10A Sem 1'!F35 -> 81 | H99: ='10A Sem 1'!G35 -> 60 | I99: ='10A Sem 1'!H35 -> 71 | J99: ='10A Sem 1'!I35 -> 59 | K99: ='10A Sem 1'!J35 -> 79 | L99: ='10A Sem 1'!K35 -> 72 | M99: ='10A Sem 1'!L35 -> 75 | ... U99: ='10A Sem 1'!T35 -> 0
C100: 16 | D100: F | E100: Semister 2 | F100: ='10A Sem 2'!E35 -> 76 | G100: ='10A Sem 2'!F35 -> 82 | H100: ='10A Sem 2'!G35 -> 62 | I100: ='10A Sem 2'!H35 -> 59 | J100: ='10A Sem 2'!I35 -> 72 | K100: ='10A Sem 2'!J35 -> 78 | L100: ='10A Sem 2'!K35 -> 73 | M100: ='10A Sem 2'!L35 -> 69 | ... U100: ='10A Sem 2'!T35 -> 0
C101: 16 | D101: F | E101: Average | F101: =AVERAGE(F99:F100) -> 76 | G101: =AVERAGE(G99:G100) -> 81.5 | H101: =AVERAGE(H99:H100) -> 61 | I101: =AVERAGE(I99:I100) -> 65 | J101: =AVERAGE(J99:J100) -> 65.5 | K101: =AVERAGE(K99:K100) -> 78.5 | L101: =AVERAGE(L99:L100) -> 72.5 | M101: =AVERAGE(M99:M100) -> 72 | ... R101: =AVERAGE(R99:R100) -> 76.590909 | S101: ='10A Sem avr'!$H$35 -> 24 | T101: =AVERAGE(T99:T100) -> 0 | U101: =AVERAGE(U99:U100) -> 0
A102: 33 | C102: 16 | D102: F | E102: Semister 1 | F102: ='10A Sem 1'!E36 -> 79 | G102: ='10A Sem 1'!F36 -> 66 | H102: ='10A Sem 1'!G36 -> 74 | I102: ='10A Sem 1'!H36 -> 60 | J102: ='10A Sem 1'!I36 -> 53 | K102: ='10A Sem 1'!J36 -> 49 | L102: ='10A Sem 1'!K36 -> 63 | M102: ='10A Sem 1'!L36 -> 61 | ... U102: ='10A Sem 1'!T36 -> 0
...

Sheet 10A Sem 1
A1: Maria Rubbato Catholic School 2015 E.C Roster Grade 10A Student's
A2: Home Room Teacher Grade 10A
A3: No | B3: Student Name | C3: Age | D3: Sex | E3: Amharic | F3: English | G3: Maths | H3: physics | I3: chemistry | J3: Biology | K3: Geography | L3: History | M3: Civics | N3: ICT | O3: H.P.E | P3: Total | Q3: Average | R3: Rank | S3: Condc. | T3: Abse.
A4: 1 | C4: 15 | D4: M | E4: 74 | F4: 50 | G4: 51 | H4: 58 | I4: 44 | J4: 45 | K4: 53 | L4: 58 | M4: 63 | N4: 72 | O4: 83 | P4: =SUM(E4:O4) -> 651 | Q4: =AVERAGE(E4:O4) -> 59.181818 | R4: =RANK(Q4,$Q$4:$Q$53) -> 47
A5: 2 | C5: 15 | D5: M | E5: 94 | F5: 92 | G5: 95 | H5: 97 | I5: 95 | J5: 97 | K5: 98 | L5: 96 | M5: 95 | N5: 98 | O5: 99 | P5: =SUM(E5:O5) -> 1056 | Q5: =AVERAGE(E5:O5) -> 96 | R5: =RANK(Q5,$Q$4:$Q$53) -> 1
A6: 3 | C6: 17 | D6: M | E6: 79 | F6: 87 | G6: 88 | H6: 81 | I6: 84 | J6: 86 | K6: 75 | L6: 70 | M6: 71 | N6: 75 | O6: 83 | P6: =SUM(E6:O6) -> 879 | Q6: =AVERAGE(E6:O6) -> 79.909091 | R6: =RANK(Q6,$Q$4:$Q$53) -> 18
A7: 4 | C7: 15 | D7: M | E7: 88 | F7: 82 | G7: 75 | H7: 74 | I7: 68 | J7: 93 | K7: 79 | L7: 89 | M7: 81 | N7: 99 | O7: 98 | P7: =SUM(E7:O7) -> 926 | Q7: =AVERAGE(E7:O7) -> 84.181818 | R7: =RANK(Q7,$Q$4:$Q$53) -> 13
A8: 5 | C8: 16 | D8: F | E8: 84 | F8: 60 | G8: 62 | H8: 62 | I8: 52 | J8: 53 | K8: 66 | L8: 63 | M8: 64 | N8: 82 | O8: 80 | P8: =SUM(E8:O8) -> 728 | Q8: =AVERAGE(E8:O8) -> 66.181818 | R8: =RANK(Q8,$Q$4:$Q$53) -> 34
A9: 6 | C9: 16 | D9: F | E9: 80 | F9: 50 | G9: 65 | H9: 59 | I9: 51 | J9: 56 | K9: 62 | L9: 50 | M9: 61 | N9: 76 | O9: 88 | P9: =SUM(E9:O9) -> 698 | Q9: =AVERAGE(E9:O9) -> 63.454545 | R9: =RANK(Q9,$Q$4:$Q$53) -> 40
A10: 7 | C10: 16 | D10: M | E10: 67 | F10: 76 | G10: 56 | H10: 55 | I10: 45 | J10: 47 | K10: 52 | L10: 57 | M10: 56 | N10: 78 | O10: 82 | P10: =SUM(E10:O10) -> 671 | Q10: =AVERAGE(E10:O10) -> 61 | R10: =RANK(Q10,$Q$4:$Q$53) -> 43
A11: 8 | C11: 16 | D11: F | E11: 85 | F11: 90 | G11: 68 | H11: 75 | I11: 65 | J11: 90 | K11: 80 | L11: 83 | M11: 84 | N11: 98 | O11: 91 | P11: =SUM(E11:O11) -> 909 | Q11: =AVERAGE(E11:O11) -> 82.636364 | R11: =RANK(Q11,$Q$4:$Q$53) -> 14
A12: 9 | C12: 15 | D12: F | E12: 66 | F12: 57 | G12: 54 | H12: 60 | I12: 52 | J12: 53 | K12: 56 | L12: 52 | M12: 53 | N12: 75 | O12: 78 | P12: =SUM(E12:O12) -> 656 | Q12: =AVERAGE(E12:O12) -> 59.636364 | R12: =RANK(Q12,$Q$4:$Q$53) -> 46
A13: 10 | C13: 15 | D13: F | E13: 90 | F13: 87 | G13: 85 | H13: 88 | I13: 87 | J13: 92 | K13: 90 | L13: 83 | M13: 87 | N13: 98 | O13: 98 | P13: =SUM(E13:O13) -> 985 | Q13: =AVERAGE(E13:O13) -> 89.545455 | R13: =RANK(Q13,$Q$4:$Q$53) -> 6
A14: 11 | C14: 16 | D14: F | P14: =SUM(E14:O14) -> 0
A15: 12 | C15: 15 | D15: F | E15: 71 | F15: 57 | G15: 54 | H15: 57 | I15: 50 | J15: 51 | K15: 50 | L15: 50 | M15: 66 | N15: 79 | O15: 84 | P15: =SUM(E15:O15) -> 669 | Q15: =AVERAGE(E15:O15) -> 60.818182 | R15: =RANK(Q15,$Q$4:$Q$53) -> 44
A16: 13 | C16: 15 | D16: F | E16: 71 | F16: 61 | G16: 52 | H16: 57 | I16: 52 | J16: 60 | K16: 59 | L16: 70 | M16: 72 | N16: 80 | O16: 77 | P16: =SUM(E16:O16) -> 711 | Q16: =AVERAGE(E16:O16) -> 64.636364 | R16: =RANK(Q16,$Q$4:$Q$53) -> 39
A17: 14 | C17: 17 | D17: F | E17: 87 | F17: 70 | G17: 68 | H17: 75 | I17: 52 | J17: 70 | K17: 77 | L17: 63 | M17: 91 | N17: 85 | O17: 100 | P17: =SUM(E17:O17) -> 838 | Q17: =AVERAGE(E17:O17) -> 76.181818 | R17: =RANK(Q17,$Q$4:$Q$53) -> 23
A18: 15 | C18: 15 | D18: F | E18: 85 | F18: 64 | G18: 74 | H18: 65 | I18: 57 | J18: 64 | K18: 71 | L18: 63 | M18: 74 | N18: 80 | O18: 89 | P18: =SUM(E18:O18) -> 786 | Q18: =AVERAGE(E18:O18) -> 71.454545 | R18: =RANK(Q18,$Q$4:$Q$53) -> 29
A19: 16 | C19: 16 | D19: f | E19: 78 | F19: 46 | G19: 55 | H19: 64 | I19: 50 | J19: 59 | K19: 68 | L19: 60 | M19: 66 | N19: 86 | O19: 90 | P19: =SUM(E19:O19) -> 722 | Q19: =AVERAGE(E19:O19) -> 65.636364 | R19: =RANK(Q19,$Q$4:$Q$53) -> 37
A20: 17 | C20: 16 | D20: F | E20: 78 | F20: 60 | G20: 93 | H20: 94 | I20: 95 | J20: 98 | K20: 95 | L20: 75 | M20: 85 | N20: 99 | O20: 100 | P20: =SUM(E20:O20) -> 972 | Q20: =AVERAGE(E20:O20) -> 88.363636 | R20: =RANK(Q20,$Q$4:$Q$53) -> 9
A21: 18 | C21: 16 | D21: F | E21: 66 | F21: 58 | G21: 39 | H21: 49 | I21: 38 | J21: 45 | K21: 48 | L21: 71 | M21: 58 | N21: 61 | O21: 76 | P21: =SUM(E21:O21) -> 609 | Q21: =AVERAGE(E21:O21) -> 55.363636 | R21: =RANK(Q21,$Q$4:$Q$53) -> 49
A22: 19 | C22: 17 | D22: M | E22: 70 | F22: 55 | G22: 63 | H22: 64 | I22: 60 | J22: 53 | K22: 58 | L22: 68 | M22: 66 | N22: 76 | O22: 90 | P22: =SUM(E22:O22) -> 723 | Q22: =AVERAGE(E22:O22) -> 65.727273 | R22: =RANK(Q22,$Q$4:$Q$53) -> 36
A23: 20 | C23: 15 | D23: M | E23: 90 | F23: 75 | G23: 87 | H23: 82 | I23: 82 | J23: 86 | K23: 87 | L23: 87 | M23: 87 | N23: 96 | O23: 96 | P23: =SUM(E23:O23) -> 955 | Q23: =AVERAGE(E23:O23) -> 86.818182 | R23: =RANK(Q23,$Q$4:$Q$53) -> 11
A24: 21 | C24: 16 | D24: F | E24: 68 | F24: 60 | G24: 37 | H24: 52 | I24: 50 | J24: 46 | K24: 45 | L24: 60 | M24: 57 | N24: 65 | O24: 76 | P24: =SUM(E24:O24) -> 616 | Q24: =AVERAGE(E24:O24) -> 56 | R24: =RANK(Q24,$Q$4:$Q$53) -> 48
A25: 22 | C25: 14 | D25: F | E25: 79 | F25: 58 | G25: 51 | H25: 63 | I25: 50 | J25: 60 | K25: 64 | L25: 68 | M25: 65 | N25: 93 | O25: 89 | P25: =SUM(E25:O25) -> 740 | Q25: =AVERAGE(E25:O25) -> 67.272727 | R25: =RANK(Q25,$Q$4:$Q$53) -> 32
A26: 23 | C26: 14 | D26: M | E26: 95 | F26: 72 | G26: 95 | H26: 92 | I26: 89 | J26: 89 | K26: 85 | L26: 81 | M26: 88 | N26: 98 | O26: 91 | P26: =SUM(E26:O26) -> 975 | Q26: =AVERAGE(E26:O26) -> 88.636364 | R26: =RANK(Q26,$Q$4:$Q$53) -> 8
... A53: 50 | C53: 15 | D53: M | E53: 96 | F53: 69 | G53: 55 | H53: 80 | I53: 67 | J53: 77 | K53: 76 | L53: 70 | M53: 76 | N53: 90 | O53: 91 | P53: =SUM(E53:O53) -> 847 | Q53: =AVERAGE(E53:O53) -> 77 | R53: =RANK(Q53,$Q$4:$Q$53) -> 20
A54: 51
A55: 52
A56: 53
A57: 54
A58: 55

Sheet 10A Sem 2
A1: Maria Rubbato Catholic School 2015 E.C Roster Grade 10A Student's
A2: Home Room Teacher Grade 10A
A3: No | B3: Student Name | C3: Age | D3: Sex | E3: Amharic | F3: English | G3: Maths | H3: physics | I3: chemistry | J3: Biology | K3: Geography | L3: History | M3: Civics | N3: ICT | O3: H.P.E | P3: Total | Q3: Average | R3: Rank | S3: Condc. | T3: Abse.
A4: 1 | C4: 15 | D4: M | E4: 77 | F4: 56 | G4: 44 | H4: 50 | I4: 48 | J4: 51 | K4: 56 | L4: 55 | M4: 67 | N4: 73 | O4: 90 | P4: =SUM(E4:O4) -> 667 | Q4: =AVERAGE(E4:O4) -> 60.636364 | R4: =RANK(Q4,$Q$4:$Q$54) -> 46
A5: 2 | C5: 15 | D5: M | E5: 89 | F5: 95 | G5: 95 | H5: 93 | I5: 87 | J5: 94 | K5: 96 | L5: 95 | M5: 100 | N5: 99 | O5: 100 | P5: =SUM(E5:O5) -> 1043 | Q5: =AVERAGE(E5:O5) -> 94.818182 | R5: =RANK(Q5,$Q$4:$Q$54) -> 2
A6: 3 | C6: 17 | D6: M | E6: 72 | F6: 90 | G6: 90 | H6: 74 | I6: 72 | J6: 81 | K6: 84 | L6: 68 | M6: 91 | N6: 79 | O6: 75 | P6: =SUM(E6:O6) -> 876 | Q6: =AVERAGE(E6:O6) -> 79.636364 | R6: =RANK(Q6,$Q$4:$Q$54) -> 19
A7: 4 | C7: 15 | D7: M | E7: 78 | F7: 84 | G7: 61 | H7: 62 | I7: 69 | J7: 88 | K7: 85 | L7: 88 | M7: 90 | N7: 94 | O7: 92 | P7: =SUM(E7:O7) -> 891 | Q7: =AVERAGE(E7:O7) -> 81 | R7: =RANK(Q7,$Q$4:$Q$54) -> 18
A8: 5 | C8: 16 | D8: F | E8: 83 | F8: 69 | G8: 46 | H8: 60 | I8: 70 | J8: 72 | K8: 78 | L8: 72 | M8: 84 | N8: 81 | O8: 95 | P8: =SUM(E8:O8) -> 810 | Q8: =AVERAGE(E8:O8) -> 73.636364 | R8: =RANK(Q8,$Q$4:$Q$54) -> 26
A9: 6 | C9: 16 | D9: F | E9: 72 | F9: 52 | G9: 53 | H9: 44 | I9: 43 | J9: 73 | K9: 69 | L9: 66 | M9: 68 | N9: 79 | O9: 87 | P9: =SUM(E9:O9) -> 706 | Q9: =AVERAGE(E9:O9) -> 64.181818 | R9: =RANK(Q9,$Q$4:$Q$54) -> 40
A10: 7 | C10: 16 | D10: M | E10: 78 | F10: 76 | G10: 39 | H10: 39 | I10: 40 | J10: 43 | K10: 55 | L10: 51 | M10: 76 | N10: 79 | O10: 83 | P10: =SUM(E10:O10) -> 659 | Q10: =AVERAGE(E10:O10) -> 59.909091 | R10: =RANK(Q10,$Q$4:$Q$54) -> 48
A11: 8 | C11: 16 | D11: F | E11: 79 | F11: 91 | G11: 81 | H11: 69 | I11: 76 | J11: 95 | K11: 91 | L11: 96 | M11: 95 | N11: 96 | O11: 99 | P11: =SUM(E11:O11) -> 968 | Q11: =AVERAGE(E11:O11) -> 88 | R11: =RANK(Q11,$Q$4:$Q$54) -> 11
A12: 9 | C12: 15 | D12: F | E12: 64 | F12: 54 | G12: 49 | H12: 55 | I12: 55 | J12: 60 | K12: 55 | L12: 64 | M12: 60 | N12: 82 | O12: 94 | P12: =SUM(E12:O12) -> 692 | Q12: =AVERAGE(E12:O12) -> 62.909091 | R12: =RANK(Q12,$Q$4:$Q$54) -> 44
A13: 10 | C13: 15 | D13: F | E13: 90 | F13: 86 | G13: 87 | H13: 91 | I13: 87 | J13: 95 | K13: 93 | L13: 91 | M13: 96 | N13: 97 | O13: 97 | P13: =SUM(E13:O13) -> 1010 | Q13: =AVERAGE(E13:O13) -> 91.818182 | R13: =RANK(Q13,$Q$4:$Q$54) -> 5
A14: 11 | C14: 16 | D14: F | P14: =SUM(E14:O14) -> 0
A15: 12 | C15: 15 | D15: F | E15: 71 | F15: 64 | G15: 46 | H15: 50 | I15: 51 | J15: 62 | K15: 60 | L15: 62 | M15: 77 | N15: 82 | O15: 88 | P15: =SUM(E15:O15) -> 713 | Q15: =AVERAGE(E15:O15) -> 64.818182 | R15: =RANK(Q15,$Q$4:$Q$54) -> 39
A16: 13 | C16: 15 | D16: F | E16: 57 | F16: 71 | G16: 48 | H16: 50 | I16: 52 | J16: 71 | K16: 80 | L16: 74 | M16: 85 | N16: 73 | O16: 80 | P16: =SUM(E16:O16) -> 741 | Q16: =AVERAGE(E16:O16) -> 67.363636 | R16: =RANK(Q16,$Q$4:$Q$54) -> 33
A17: 14 | C17: 17 | D17: F | E17: 75 | F17: 73 | G17: 59 | H17: 59 | I17: 61 | J17: 84 | K17: 93 | L17: 76 | M17: 95 | N17: 88 | O17: 100 | P17: =SUM(E17:O17) -> 863 | Q17: =AVERAGE(E17:O17) -> 78.454545 | R17: =RANK(Q17,$Q$4:$Q$54) -> 21
A18: 15 | C18: 15 | D18: F | E18: 83 | F18: 58 | G18: 65 | H18: 59 | I18: 61 | J18: 58 | K18: 74 | L18: 70 | M18: 85 | N18: 93 | O18: 93 | P18: =SUM(E18:O18) -> 799 | Q18: =AVERAGE(E18:O18) -> 72.636364 | R18: =RANK(Q18,$Q$4:$Q$54) -> 28
A19: 16 | C19: 16 | D19: f | E19: 75 | F19: 54 | G19: 60 | H19: 62 | I19: 64 | J19: 66 | K19: 67 | L19: 69 | M19: 78 | N19: 93 | O19: 93 | P19: =SUM(E19:O19) -> 781 | Q19: =AVERAGE(E19:O19) -> 71 | R19: =RANK(Q19,$Q$4:$Q$54) -> 31
A20: 17 | C20: 16 | D20: F | E20: 77 | F20: 66 | G20: 94 | H20: 89 | I20: 88 | J20: 97 | K20: 98 | L20: 79 | M20: 90 | N20: 95 | O20: 98 | P20: =SUM(E20:O20) -> 971 | Q20: =AVERAGE(E20:O20) -> 88.272727 | R20: =RANK(Q20,$Q$4:$Q$54) -> 10
A21: 18 | C21: 16 | D21: F | E21: 73 | F21: 65 | G21: 34 | H21: 44 | I21: 40 | J21: 57 | K21: 57 | L21: 62 | M21: 63 | N21: 81 | O21: 84 | P21: =SUM(E21:O21) -> 660 | Q21: =AVERAGE(E21:O21) -> 60 | R21: =RANK(Q21,$Q$4:$Q$54) -> 47
A22: 19 | C22: 17 | D22: M | E22: 71 | F22: 67 | G22: 47 | H22: 54 | I22: 52 | J22: 61 | K22: 54 | L22: 60 | M22: 71 | N22: 73 | O22: 88 | P22: =SUM(E22:O22) -> 698 | Q22: =AVERAGE(E22:O22) -> 63.454545 | R22: =RANK(Q22,$Q$4:$Q$54) -> 41
A23: 20 | C23: 15 | D23: M | E23: 85 | F23: 79 | G23: 81 | H23: 80 | I23: 79 | J23: 86 | K23: 87 | L23: 96 | M23: 96 | N23: 91 | O23: 95 | P23: =SUM(E23:O23) -> 955 | Q23: =AVERAGE(E23:O23) -> 86.818182 | R23: =RANK(Q23,$Q$4:$Q$54) -> 13
A24: 21 | C24: 16 | D24: F | P24: =SUM(E24:O24) -> 0 | R24: =RANK(Q24,$Q$4:$Q$54) -> #N/A
A25: 22 | C25: 14 | D25: F | E25: 74 | F25: 65 | G25: 46 | H25: 53 | I25: 44 | J25: 62 | K25: 61 | L25: 69 | M25: 65 | N25: 73 | O25: 86 | P25: =SUM(E25:O25) -> 698 | Q25: =AVERAGE(E25:O25) -> 63.454545 | R25: =RANK(Q25,$Q$4:$Q$54) -> 41
A26: 23 | C26: 14 | D26: M | E26: 79 | F26: 85 | G26: 97 | H26: 90 | I26: 86 | J26: 93 | K26: 88 | L26: 89 | M26: 93 | N26: 96 | O26: 98 | P26: =SUM(E26:O26) -> 994 | Q26: =AVERAGE(E26:O26) -> 90.363636 | R26: =RANK(Q26,$Q$4:$Q$54) -> 7
A27: 24 | C27: 15 | D27: F | E27: 69 | F27: 79 | G27: 38 | H27: 41 | I27: 40 | J27: 62 | K27: 54 | L27: 52 | M27: 83 | N27: 81 | O27: 83 | P27: =SUM(E27:O27) -> 682 | Q27: =AVERAGE(E27:O27) -> 62 | R27: =RANK(Q27,$Q$4:$Q$54) -> 45
A28: 25 | C28: 17 | D28: F | E28: 88 | F28: 72 | G28: 67 | H28: 72 | I28: 73 | J28: 84 | K28: 81 | L28: 100 | M28: 95 | N28: 86 | O28: 88 | P28: =SUM(E28:O28) -> 906 | Q28: =AVERAGE(E28:O28) -> 82.363636 | R28: =RANK(Q28,$Q$4:$Q$54) -> 16
A29: 26 | C29: 15 | D29: F | E29: 84 | F29: 89 | G29: 94 | H29: 83 | I29: 87 | J29: 97 | K29: 98 | L29: 95 | M29: 98 | N29: 100 | O29: 100 | P29: =SUM(E29:O29) -> 1025 | Q29: =AVERAGE(E29:O29) -> 93.181818 | R29: =RANK(Q29,$Q$4:$Q$54) -> 4
A30: 27 | C30: 17 | D30: F | E30: 60 | F30: 80 | G30: 54 | H30: 52 | I30: 46 | J30: 61 | K30: 62 | L30: 65 | M30: 78 | N30: 80 | O30: 94 | P30: =SUM(E30:O30) -> 732 | Q30: =AVERAGE(E30:O30) -> 66.545455 | R30: =RANK(Q30,$Q$4:$Q$54) -> 36
A31: 28 | C31: 16 | D31: M | E31: 83 | F31: 52 | G31: 64 | H31: 61 | I31: 57 | J31: 64 | K31: 63 | L31: 76 | M31: 65 | N31: 83 | O31: 99 | P31: =SUM(E31:O31) -> 767 | Q31: =AVERAGE(E31:O31) -> 69.727273 | R31: =RANK(Q31,$Q$4:$Q$54) -> 32
A32: 29 | C32: 16 | D32: F | E32: 76 | F32: 71 | G32: 56 | H32: 55 | I32: 57 | J32: 75 | K32: 75 | L32: 89 | M32: 86 | N32: 78 | O32: 90 | P32: =SUM(E32:O32) -> 808 | Q32: =AVERAGE(E32:O32) -> 73.454545 | R32: =RANK(Q32,$Q$4:$Q$54) -> 27
A33: 30 | C33: 16 | D33: F | E33: 87 | F33: 87 | G33: 77 | H33: 61 | I33: 77 | J33: 83 | K33: 70 | L33: 84 | M33: 87 | N33: 93 | O33: 87 | P33: =SUM(E33:O33) -> 893 | Q33: =AVERAGE(E33:O33) -> 81.181818 | R33: =RANK(Q33,$Q$4:$Q$54) -> 17
A34: 31 | C34: 16 | D34: F | E34: 81 | F34: 64 | G34: 66 | H34: 47 | I34: 71 | J34: 70 | K34: 76 | L34: 87 | M34: 83 | N34: 89 | O34: 96 | P34: =SUM(E34:O34) -> 830 | Q34: =AVERAGE(E34:O34) -> 75.454545 | R34: =RANK(Q34,$Q$4:$Q$54) -> 25
A35: 32 | C35: 16 | D35: F | E35: 76 | F35: 82 | G35: 62 | H35: 59 | I35: 72 | J35: 78 | K35: 73 | L35: 69 | M35: 87 | N35: 95 | O35: 93 | P35: =SUM(E35:O35) -> 846 | Q35: =AVERAGE(E35:O35) -> 76.909091 | R35: =RANK(Q35,$Q$4:$Q$54) -> 23
A36: 33 | C36: 16 | D36: F | E36: 69 | F36: 67 | G36: 65 | H36: 42 | I36: 52 | J36: 46 | K36: 48 | L36: 67 | M36: 72 | N36: 80 | O36: 87 | P36: =SUM(E36:O36) -> 695 | Q36: =AVERAGE(E36:O36) -> 63.181818 | R36: =RANK(Q36,$Q$4:$Q$54) -> 43
... A53: 50 | C53: 15 | D53: M | E53: 80 | F53: 78 | G53: 64 | H53: 68 | I53: 77 | J53: 81 | K53: 80 | L53: 80 | M53: 87 | N53: 85 | O53: 92 | P53: =SUM(E53:O53) -> 872 | Q53: =AVERAGE(E53:O53) -> 79.272727 | R53: =RANK(Q53,$Q$4:$Q$54) -> 20
A54: 51
A55: 52
A56: 53
A57: 54
A58: 55

Sheet 10A Sem avr
A1: Maria Rubbato Catholic School 2015 E.C Roster Grade 10A Student's
A2: Home Room Teacher Grade 10A
A3: No | B3: Student Name | C3: Age | D3: Sex | E3: Semster 1 Average | F3: Semster 2 Average | G3: Average | H3: Rank
A4: 1 | C4: 15 | D4: M | E4: ='10A Sem 1'!Q4 -> 59.181818 | F4: ='10A Sem 2'!Q4 -> 60.636364 | G4: =AVERAGE(E4:F4) -> 59.909091 | H4: =RANK(G4,$G$4:$G$54) -> 47
A5: 2 | C5: 15 | D5: M | E5: ='10A Sem 1'!Q5 -> 96 | F5: ='10A Sem 2'!Q5 -> 94.818182 | G5: =AVERAGE(E5:F5) -> 95.409091 | H5: =RANK(G5,$G$4:$G$54) -> 1
A6: 3 | C6: 17 | D6: M | E6: ='10A Sem 1'!Q6 -> 79.909091 | F6: ='10A Sem 2'!Q6 -> 79.636364 | G6: =AVERAGE(E6:F6) -> 79.772727 | H6: =RANK(G6,$G$4:$G$54) -> 18
A7: 4 | C7: 15 | D7: M | E7: ='10A Sem 1'!Q7 -> 84.181818 | F7: ='10A Sem 2'!Q7 -> 81 | G7: =AVERAGE(E7:F7) -> 82.590909 | H7: =RANK(G7,$G$4:$G$54) -> 15
A8: 5 | C8: 16 | D8: F | E8: ='10A Sem 1'!Q8 -> 66.181818 | F8: ='10A Sem 2'!Q8 -> 73.636364 | G8: =AVERAGE(E8:F8) -> 69.909091 | H8: =RANK(G8,$G$4:$G$54) -> 31
A9: 6 | C9: 16 | D9: F | E9: ='10A Sem 1'!Q9 -> 63.454545 | F9: ='10A Sem 2'!Q9 -> 64.181818 | G9: =AVERAGE(E9:F9) -> 63.818182 | H9: =RANK(G9,$G$4:$G$54) -> 41
A10: 7 | C10: 16 | D10: M | E10: ='10A Sem 1'!Q10 -> 61 | F10: ='10A Sem 2'!Q10 -> 59.909091 | G10: =AVERAGE(E10:F10) -> 60.454545 | H10: =RANK(G10,$G$4:$G$54) -> 46
A11: 8 | C11: 16 | D11: F | E11: ='10A Sem 1'!Q11 -> 82.636364 | F11: ='10A Sem 2'!Q11 -> 88 | G11: =AVERAGE(E11:F11) -> 85.318182 | H11: =RANK(G11,$G$4:$G$54) -> 14
A12: 9 | C12: 15 | D12: F | E12: ='10A Sem 1'!Q12 -> 59.636364 | F12: ='10A Sem 2'!Q12 -> 62.909091 | G12: =AVERAGE(E12:F12) -> 61.272727 | H12: =RANK(G12,$G$4:$G$54) -> 44
A13: 10 | C13: 15 | D13: F | E13: ='10A Sem 1'!Q13 -> 89.545455 | F13: ='10A Sem 2'!Q13 -> 91.818182 | G13: =AVERAGE(E13:F13) -> 90.681818 | H13: =RANK(G13,$G$4:$G$54) -> 6
A14: 11 | C14: 16 | D14: F | E14: ='10A Sem 1'!Q14 -> 0 | F14: ='10A Sem 2'!Q14 -> 0 | G14: =AVERAGE(E14:F14) -> 0 | H14: =RANK(G14,$G$4:$G$54) -> 50
A15: 12 | C15: 15 | D15: F | E15: ='10A Sem 1'!Q15 -> 60.818182 | F15: ='10A Sem 2'!Q15 -> 64.818182 | G15: =AVERAGE(E15:F15) -> 62.818182 | H15: =RANK(G15,$G$4:$G$54) -> 43
... A53: 50 | C53: 15 | D53: M | E53: ='10A Sem 1'!Q53 -> 77 | F53: ='10A Sem 2'!Q53 -> 79.272727 | G53: =AVERAGE(E53:F53) -> 78.136364 | H53: =RANK(G53,$G$4:$G$54) -> 19
A54: 51
A55: 52 | E55: ='10A Sem 1'!Q55 -> 0 | F55: ='10A Sem 2'!Q55 -> 0 | G55: =AVERAGE(E55:F55) -> 0
A56: 53 | E56: ='10A Sem 1'!Q56 -> 0 | F56: ='10A Sem 2'!Q56 -> 0 | G56: =AVERAGE(E56:F56) -> 0
A57: 54 | E57: ='10A Sem 1'!Q57 -> 0 | F57: ='10A Sem 2'!Q57 -> 0 | G57: =AVERAGE(E57:F57) -> 0
A58: 55 | E58: ='10A Sem 1'!Q58 -> 0 | F58: ='10A Sem 2'!Q58 -> 0 | G58: =AVERAGE(E58:F58) -> 0

Sheet Roster 10B
A1: Maria Rubbato Catholic School 2015 E.C Roster Grade 10B Student's
A3: Home Room Teacher Grade 10B
A5: No | B5: Student Name | C5: Age | D5: Sex | E5: Semester | F5: Amharic | G5: English | H5: Maths | I5: physics | J5: chemistry | K5: Biology | L5: Geography | M5: History | N5: Civics | O5: ICT | P5: H.P.E | Q5: Total | R5: Average | S5: Rank | T5: Condc. | U5: Abse.
A6: 1 | C6: 14 | D6: M | E6: Semister 1 | F6: ='10B Sem 1'!E4 -> 73 | G6: ='10B Sem 1'!F4 -> 74 | H6: ='10B Sem 1'!G4 -> 63 | I6: ='10B Sem 1'!H4 -> 73 | J6: ='10B Sem 1'!I4 -> 61 | K6: ='10B Sem 1'!J4 -> 81 | L6: ='10B Sem 1'!K4 -> 67 | M6: ='10B Sem 1'!L4 -> 69 | ... U6: ='10B Sem 1'!T4 -> 0
C7: 14 | D7: M | E7: Semister 2 | F7: ='10B Sem 2'!E4 -> 72 | G7: ='10B Sem 2'!F4 -> 84 | H7: ='10B Sem 2'!G4 -> 53 | I7: ='10B Sem 2'!H4 -> 66 | J7: ='10B Sem 2'!I4 -> 70 | K7: ='10B Sem 2'!J4 -> 78 | L7: ='10B Sem 2'!K4 -> 71 | M7: ='10B Sem 2'!L4 -> 62 | ... R7: ='10B Sem 2'!Q4 -> 74.272727 | S7: ='10B Sem 2'!$R$4 -> 26 | T7: ='10B Sem 2'!$R$4 -> 26 | U7: ='10B Sem 2'!$R$4 -> 26
C8: 14 | D8: M | E8: Average | F8: =AVERAGE(F6:F7) -> 72.5 | G8: =AVERAGE(G6:G7) -> 79 | H8: =AVERAGE(H6:H7) -> 58 | I8: =AVERAGE(I6:I7) -> 69.5 | J8: =AVERAGE(J6:J7) -> 65.5 | K8: =AVERAGE(K6:K7) -> 79.5 | L8: =AVERAGE(L6:L7) -> 69 | M8: =AVERAGE(M6:M7) -> 65.5 | ... R8: =AVERAGE(R6:R7) -> 74.636364 | S8: ='10B Sem avr'!$H$4 -> 23 | T8: =AVERAGE(T6:T7) -> 13 | U8: =AVERAGE(U6:U7) -> 13
A9: 2 | C9: 16 | D9: M | E9: Semister 1 | F9: ='10B Sem 1'!E5 -> 77 | G9: ='10B Sem 1'!F5 -> 62 | H9: ='10B Sem 1'!G5 -> 75 | I9: ='10B Sem 1'!H5 -> 63 | J9: ='10B Sem 1'!I5 -> 63 | K9: ='10B Sem 1'!J5 -> 69 | L9: ='10B Sem 1'!K5 -> 64 | M9: ='10B Sem 1'!L5 -> 71 | ... U9: ='10B Sem 1'!T5 -> 0
C10: 16 | D10: M | E10: Semister 2 | F10: ='10B Sem 2'!E5 -> 71 | G10: ='10B Sem 2'!F5 -> 62 | H10: ='10B Sem 2'!G5 -> 71 | I10: ='10B Sem 2'!H5 -> 68 | J10: ='10B Sem 2'!I5 -> 69 | K10: ='10B Sem 2'!J5 -> 67 | L10: ='10B Sem 2'!K5 -> 65 | M10: ='10B Sem 2'!L5 -> 75 | ... U10: ='10B Sem 2'!T5 -> 0
C11: 16 | D11: M | E11: Average | F11: =AVERAGE(F9:F10) -> 74 | G11: =AVERAGE(G9:G10) -> 62 | H11: =AVERAGE(H9:H10) -> 73 | I11: =AVERAGE(I9:I10) -> 65.5 | J11: =AVERAGE(J9:J10) -> 66 | K11: =AVERAGE(K9:K10) -> 68 | L11: =AVERAGE(L9:L10) -> 64.5 | M11: =AVERAGE(M9:M10) -> 73 | ... R11: =AVERAGE(R9:R10) -> 70.636364 | S11: ='10B Sem avr'!$H$5 -> 29 | T11: =AVERAGE(T9:T10) -> 0 | U11: =AVERAGE(U9:U10) -> 0
A12: 3 | C12: 16 | D12: F | E12: Semister 1 | F12: ='10B Sem 1'!E6 -> 85 | G12: ='10B Sem 1'!F6 -> 94 | H12: ='10B Sem 1'!G6 -> 76 | I12: ='10B Sem 1'!H6 -> 81 | J12: ='10B Sem 1'!I6 -> 76 | K12: ='10B Sem 1'!J6 -> 89 | L12: ='10B Sem 1'!K6 -> 83 | M12: ='10B Sem 1'!L6 -> 90 | ... U12: ='10B Sem 1'!T6 -> 0
C13: 16 | D13: F | E13: Semister 2 | F13: ='10B Sem 2'!E6 -> 82 | G13: ='10B Sem 2'!F6 -> 87 | H13: ='10B Sem 2'!G6 -> 81 | I13: ='10B Sem 2'!H6 -> 83 | J13: ='10B Sem 2'!I6 -> 81 | K13: ='10B Sem 2'!J6 -> 94 | L13: ='10B Sem 2'!K6 -> 92 | M13: ='10B Sem 2'!L6 -> 98 | ... U13: ='10B Sem 2'!T6 -> 0
C14: 16 | D14: F | E14: Average | F14: =AVERAGE(F12:F13) -> 83.5 | G14: =AVERAGE(G12:G13) -> 90.5 | H14: =AVERAGE(H12:H13) -> 78.5 | I14: =AVERAGE(I12:I13) -> 82 | J14: =AVERAGE(J12:J13) -> 78.5 | K14: =AVERAGE(K12:K13) -> 91.5 | L14: =AVERAGE(L12:L13) -> 87.5 | M14: =AVERAGE(M12:M13) -> 94 | ... R14: =AVERAGE(R12:R13) -> 88.318182 | S14: ='10B Sem avr'!$H$6 -> 7 | T14: =AVERAGE(T12:T13) -> 0 | U14: =AVERAGE(U12:U13) -> 0
A15: 4 | C15: 15 | D15: F | E15: Semister 1 | F15: ='10B Sem 1'!E7 -> 83 | G15: ='10B Sem 1'!F7 -> 76 | H15: ='10B Sem 1'!G7 -> 81 | I15: ='10B Sem 1'!H7 -> 89 | J15: ='10B Sem 1'!I7 -> 80 | K15: ='10B Sem 1'!J7 -> 88 | L15: ='10B Sem 1'!K7 -> 88 | M15: ='10B Sem 1'!L7 -> 75 | ... U15: ='10B Sem 1'!T7 -> 0
C16: 15 | D16: F | E16: Semister 2 | F16: ='10B Sem 2'!E7 -> 87 | G16: ='10B Sem 2'!F7 -> 77 | H16: ='10B Sem 2'!G7 -> 83 | I16: ='10B Sem 2'!H7 -> 82 | J16: ='10B Sem 2'!I7 -> 77 | K16: ='10B Sem 2'!J7 -> 92 | L16: ='10B Sem 2'!K7 -> 91 | M16: ='10B Sem 2'!L7 -> 80 | ... U16: ='10B Sem 2'!T7 -> 0
C17: 15 | D17: F | E17: Average | F17: =AVERAGE(F15:F16) -> 85 | G17: =AVERAGE(G15:G16) -> 76.5 | H17: =AVERAGE(H15:H16) -> 82 | I17: =AVERAGE(I15:I16) -> 85.5 | J17: =AVERAGE(J15:J16) -> 78.5 | K17: =AVERAGE(K15:K16) -> 90 | L17: =AVERAGE(L15:L16) -> 89.5 | M17: =AVERAGE(M15:M16) -> 77.5 | ... R17: =AVERAGE(R15:R16) -> 86.227273 | S17: ='10B Sem avr'!$H$7 -> 9 | T17: =AVERAGE(T15:T16) -> 0 | U17: =AVERAGE(U15:U16) -> 0
A18: 5 | C18: 16 | D18: M | E18: Semister 1 | F18: ='10B Sem 1'!E8 -> 81 | G18: ='10B Sem 1'!F8 -> 56 | H18: ='10B Sem 1'!G8 -> 68 | I18: ='10B Sem 1'!H8 -> 69 | J18: ='10B Sem 1'!I8 -> 56 | K18: ='10B Sem 1'!J8 -> 70 | L18: ='10B Sem 1'!K8 -> 74 | M18: ='10B Sem 1'!L8 -> 77 | ... U18: ='10B Sem 1'!T8 -> 0
C19: 16 | D19: M | E19: Semister 2 | F19: ='10B Sem 2'!E8 -> 77 | G19: ='10B Sem 2'!F8 -> 58 | H19: ='10B Sem 2'!G8 -> 51 | I19: ='10B Sem 2'!H8 -> 54 | J19: ='10B Sem 2'!I8 -> 63 | K19: ='10B Sem 2'!J8 -> 82 | L19: ='10B Sem 2'!K8 -> 78 | M19: ='10B Sem 2'!L8 -> 87 | ... U19: ='10B Sem 2'!T8 -> 0
C20: 16 | D20: M | E20: Average | F20: =AVERAGE(F18:F19) -> 79 | G20: =AVERAGE(G18:G19) -> 57 | H20: =AVERAGE(H18:H19) -> 59.5 | I20: =AVERAGE(I18:I19) -> 61.5 | J20: =AVERAGE(J18:J19) -> 59.5 | K20: =AVERAGE(K18:K19) -> 76 | L20: =AVERAGE(L18:L19) -> 76 | M20: =AVERAGE(M18:M19) -> 82 | ... R20: =AVERAGE(R18:R19) -> 73.727273 | S20: ='10B Sem avr'!$H$8 -> 26 | T20: =AVERAGE(T18:T19) -> 0 | U20: =AVERAGE(U18:U19) -> 0
A21: 6 | C21: 16 | D21: F | E21: Semister 1 | F21: ='10B Sem 1'!E9 -> 69 | G21: ='10B Sem 1'!F9 -> 38 | H21: ='10B Sem 1'!G9 -> 44 | I21: ='10B Sem 1'!H9 -> 57 | J21: ='10B Sem 1'!I9 -> 57 | K21: ='10B Sem 1'!J9 -> 47 | L21: ='10B Sem 1'!K9 -> 45 | M21: ='10B Sem 1'!L9 -> 58 | ... U21: ='10B Sem 1'!T9 -> 0
C22: 16 | D22: F | E22: Semister 2 | F22: ='10B Sem 2'!E9 -> 72 | G22: ='10B Sem 2'!F9 -> 50 | H22: ='10B Sem 2'!G9 -> 41 | I22: ='10B Sem 2'!H9 -> 43 | J22: ='10B Sem 2'!I9 -> 47 | K22: ='10B Sem 2'!J9 -> 43 | L22: ='10B Sem 2'!K9 -> 51 | M22: ='10B Sem 2'!L9 -> 51 | ... U22: ='10B Sem 2'!T9 -> 0
C23: 16 | D23: F | E23: Average | F23: =AVERAGE(F21:F22) -> 70.5 | G23: =AVERAGE(G21:G22) -> 44 | H23: =AVERAGE(H21:H22) -> 42.5 | I23: =AVERAGE(I21:I22) -> 50 | J23: =AVERAGE(J21:J22) -> 52 | K23: =AVERAGE(K21:K22) -> 45 | L23: =AVERAGE(L21:L22) -> 48 | M23: =AVERAGE(M21:M22) -> 54.5 | ... R23: =AVERAGE(R21:R22) -> 56.090909 | S23: ='10B Sem avr'!$H$9 -> 51 | T23: =AVERAGE(T21:T22) -> 0 | U23: =AVERAGE(U21:U22) -> 0
A24: 7 | C24: 16 | D24: F | E24: Semister 1 | F24: ='10B Sem 1'!E10 -> 84 | G24: ='10B Sem 1'!F10 -> 73 | H24: ='10B Sem 1'!G10 -> 91 | I24: ='10B Sem 1'!H10 -> 88 | J24: ='10B Sem 1'!I10 -> 75 | K24: ='10B Sem 1'!J10 -> 78 | L24: ='10B Sem 1'!K10 -> 75 | M24: ='10B Sem 1'!L10 -> 63 | ... U24: ='10B Sem 1'!T10 -> 0
C25: 16 | D25: F | E25: Semister 2 | F25: ='10B Sem 2'!E10 -> 83 | G25: ='10B Sem 2'!F10 -> 77 | H25: ='10B Sem 2'!G10 -> 92 | I25: ='10B Sem 2'!H10 -> 81 | J25: ='10B Sem 2'!I10 -> 76 | K25: ='10B Sem 2'!J10 -> 87 | L25: ='10B Sem 2'!K10 -> 86 | M25: ='10B Sem 2'!L10 -> 69 | ... U25: ='10B Sem 2'!T10 -> 0
C26: 16 | D26: F | E26: Average | F26: =AVERAGE(F24:F25) -> 83.5 | G26: =AVERAGE(G24:G25) -> 75 | H26: =AVERAGE(H24:H25) -> 91.5 | I26: =AVERAGE(I24:I25) -> 84.5 | J26: =AVERAGE(J24:J25) -> 75.5 | K26: =AVERAGE(K24:K25) -> 82.5 | L26: =AVERAGE(L24:L25) -> 80.5 | M26: =AVERAGE(M24:M25) -> 66 | ... R26: =AVERAGE(R24:R25) -> 81.227273 | S26: ='10B Sem avr'!$H$10 -> 15 | T26: =AVERAGE(T24:T25) -> 0 | U26: =AVERAGE(U24:U25) -> 0
A27: 8 | C27: 16 | D27: M | E27: Semister 1 | F27: ='10B Sem 1'!E11 -> 88 | G27: ='10B Sem 1'!F11 -> 72 | H27: ='10B Sem 1'!G11 -> 81 | I27: ='10B Sem 1'!H11 -> 81 | J27: ='10B Sem 1'!I11 -> 72 | K27: ='10B Sem 1'!J11 -> 85 | L27: ='10B Sem 1'!K11 -> 78 | M27: ='10B Sem 1'!L11 -> 76 | ... U27: ='10B Sem 1'!T11 -> 0
C28: 16 | D28: M | E28: Semister 2 | F28: ='10B Sem 2'!E11 -> 85 | G28: ='10B Sem 2'!F11 -> 72 | H28: ='10B Sem 2'!G11 -> 83 | I28: ='10B Sem 2'!H11 -> 77 | J28: ='10B Sem 2'!I11 -> 62 | K28: ='10B Sem 2'!J11 -> 79 | L28: ='10B Sem 2'!K11 -> 83 | M28: ='10B Sem 2'!L11 -> 92 | ... U28: ='10B Sem 2'!T11 -> 0
C29: 16 | D29: M | E29: Average | F29: =AVERAGE(F27:F28) -> 86.5 | G29: =AVERAGE(G27:G28) -> 72 | H29: =AVERAGE(H27:H28) -> 82 | I29: =AVERAGE(I27:I28) -> 79 | J29: =AVERAGE(J27:J28) -> 67 | K29: =AVERAGE(K27:K28) -> 82 | L29: =AVERAGE(L27:L28) -> 80.5 | M29: =AVERAGE(M27:M28) -> 84 | ... R29: =AVERAGE(R27:R28) -> 80.454545 | S29: ='10B Sem avr'!$H$11 -> 16 | T29: =AVERAGE(T27:T28) -> 0 | U29: =AVERAGE(U27:U28) -> 0
A30: 9 | C30: 14 | D30: M | E30: Semister 1 | F30: ='10B Sem 1'!E12 -> 80 | G30: ='10B Sem 1'!F12 -> 82 | H30: ='10B Sem 1'!G12 -> 63 | I30: ='10B Sem 1'!H12 -> 58 | J30: ='10B Sem 1'!I12 -> 50 | K30: ='10B Sem 1'!J12 -> 56 | L30: ='10B Sem 1'!K12 -> 65 | M30: ='10B Sem 1'!L12 -> 76 | ... U30: ='10B Sem 1'!T12 -> 0
C31: 14 | D31: M | E31: Semister 2 | F31: ='10B Sem 2'!E12 -> 81 | G31: ='10B Sem 2'!F12 -> 84 | H31: ='10B Sem 2'!G12 -> 47 | I31: ='10B Sem 2'!H12 -> 45 | J31: ='10B Sem 2'!I12 -> 54 | K31: ='10B Sem 2'!J12 -> 81 | L31: ='10B Sem 2'!K12 -> 87 | M31: ='10B Sem 2'!L12 -> 79 | ... U31: ='10B Sem 2'!T12 -> 0
C32: 14 | D32: M | E32: Average | F32: =AVERAGE(F30:F31) -> 80.5 | G32: =AVERAGE(G30:G31) -> 83 | H32: =AVERAGE(H30:H31) -> 55 | I32: =AVERAGE(I30:I31) -> 51.5 | J32: =AVERAGE(J30:J31) -> 52 | K32: =AVERAGE(K30:K31) -> 68.5 | L32: =AVERAGE(L30:L31) -> 76 | M32: =AVERAGE(M30:M31) -> 77.5 | ... R32: =AVERAGE(R30:R31) -> 73.863636 | S32: ='10B Sem avr'!$H$12 -> 24 | T32: =AVERAGE(T30:T31) -> 0 | U32: =AVERAGE(U30:U31) -> 0
A33: 10 | C33: 15 | D33: F | E33: Semister 1 | F33: ='10B Sem 1'!E13 -> 73 | G33: ='10B Sem 1'!F13 -> 68 | H33: ='10B Sem 1'!G13 -> 38 | I33: ='10B Sem 1'!H13 -> 54 | J33: ='10B Sem 1'!I13 -> 43 | K33: ='10B Sem 1'!J13 -> 45 | L33: ='10B Sem 1'!K13 -> 52 | M33: ='10B Sem 1'!L13 -> 53 | ... U33: ='10B Sem 1'!T13 -> 0
C34: 15 | D34: F | E34: Semister 2 | F34: ='10B Sem 2'!E13 -> 69 | G34: ='10B Sem 2'!F13 -> 74 | H34: ='10B Sem 2'!G13 -> 34 | I34: ='10B Sem 2'!H13 -> 29 | J34: ='10B Sem 2'!I13 -> 42 | K34: ='10B Sem 2'!J13 -> 45 | L34: ='10B Sem 2'!K13 -> 55 | M34: ='10B Sem 2'!L13 -> 50 | ... U34: ='10B Sem 2'!T13 -> 0
C35: 15 | D35: F | E35: Average | F35: =AVERAGE(F33:F34) -> 71 | G35: =AVERAGE(G33:G34) -> 71 | H35: =AVERAGE(H33:H34) -> 36 | I35: =AVERAGE(I33:I34) -> 41.5 | J35: =AVERAGE(J33:J34) -> 42.5 | K35: =AVERAGE(K33:K34) -> 45 | L35: =AVERAGE(L33:L34) -> 53.5 | M35: =AVERAGE(M33:M34) -> 51.5 | ... R35: =AVERAGE(R33:R34) -> 56.5 | S35: ='10B Sem avr'!$H$13 -> 50 | T35: =AVERAGE(T33:T34) -> 0 | U35: =AVERAGE(U33:U34) -> 0
A36: 11 | C36: 15 | D36: F | E36: Semister 1 | F36: ='10B Sem 1'!E14 -> 76 | G36: ='10B Sem 1'!F14 -> 66 | H36: ='10B Sem 1'!G14 -> 52 | I36: ='10B Sem 1'!H14 -> 60 | J36: ='10B Sem 1'!I14 -> 50 | K36: ='10B Sem 1'!J14 -> 46 | L36: ='10B Sem 1'!K14 -> 60 | M36: ='10B Sem 1'!L14 -> 53 | ... U36: ='10B Sem 1'!T14 -> 0
C37: 15 | D37: F | E37: Semister 2 | F37: ='10B Sem 2'!E14 -> 75 | G37: ='10B Sem 2'!F14 -> 73 | H37: ='10B Sem 2'!G14 -> 42 | I37: ='10B Sem 2'!H14 -> 52 | J37: ='10B Sem 2'!I14 -> 50 | K37: ='10B Sem 2'!J14 -> 59 | L37: ='10B Sem 2'!K14 -> 66 | M37: ='10B Sem 2'!L14 -> 53 | ... U37: ='10B Sem 2'!T14 -> 0
C38: 15 | D38: F | E38: Average | F38: =AVERAGE(F36:F37) -> 75.5 | G38: =AVERAGE(G36:G37) -> 69.5 | H38: =AVERAGE(H36:H37) -> 47 | I38: =AVERAGE(I36:I37) -> 56 | J38: =AVERAGE(J36:J37) -> 50 | K38: =AVERAGE(K36:K37) -> 52.5 | L38: =AVERAGE(L36:L37) -> 63 | M38: =AVERAGE(M36:M37) -> 53 | ... R38: =AVERAGE(R36:R37) -> 63.136364 | S38: ='10B Sem avr'!$H$14 -> 38 | T38: =AVERAGE(T36:T37) -> 0 | U38: =AVERAGE(U36:U37) -> 0
A39: 12 | C39: 15 | D39: F | E39: Semister 1 | F39: ='10B Sem 1'!E15 -> 64 | G39: ='10B Sem 1'!F15 -> 59 | H39: ='10B Sem 1'!G15 -> 46 | I39: ='10B Sem 1'!H15 -> 53 | J39: ='10B Sem 1'!I15 -> 40 | K39: ='10B Sem 1'!J15 -> 45 | L39: ='10B Sem 1'!K15 -> 50 | M39: ='10B Sem 1'!L15 -> 50 | ... U39: ='10B Sem 1'!T15 -> 0
C40: 15 | D40: F | E40: Semister 2 | F40: ='10B Sem 2'!E15 -> 65 | G40: ='10B Sem 2'!F15 -> 54 | H40: ='10B Sem 2'!G15 -> 41 | I40: ='10B Sem 2'!H15 -> 38 | J40: ='10B Sem 2'!I15 -> 37 | K40: ='10B Sem 2'!J15 -> 51 | L40: ='10B Sem 2'!K15 -> 46 | M40: ='10B Sem 2'!L15 -> 50 | ... U40: ='10B Sem 2'!T15 -> 0
C41: 15 | D41: F | E41: Average | F41: =AVERAGE(F39:F40) -> 64.5 | G41: =AVERAGE(G39:G40) -> 56.5 | H41: =AVERAGE(H39:H40) -> 43.5 | I41: =AVERAGE(I39:I40) -> 45.5 | J41: =AVERAGE(J39:J40) -> 38.5 | K41: =AVERAGE(K39:K40) -> 48 | L41: =AVERAGE(L39:L40) -> 48 | M41: =AVERAGE(M39:M40) -> 50 | ... R41: =AVERAGE(R39:R40) -> 54.136364 | S41: ='10B Sem avr'!$H$15 -> 53 | T41: =AVERAGE(T39:T40) -> 0 | U41: =AVERAGE(U39:U40) -> 0
A42: 13 | C42: 15 | D42: F | E42: Semister 1 | F42: ='10B Sem 1'!E16 -> 78 | G42: ='10B Sem 1'!F16 -> 73 | H42: ='10B Sem 1'!G16 -> 76 | I42: ='10B Sem 1'!H16 -> 73 | J42: ='10B Sem 1'!I16 -> 63 | K42: ='10B Sem 1'!J16 -> 69 | L42: ='10B Sem 1'!K16 -> 66 | M42: ='10B Sem 1'!L16 -> 63 | ... U42: ='10B Sem 1'!T16 -> 0
C43: 15 | D43: F | E43: Semister 2 | F43: ='10B Sem 2'!E16 -> 73 | G43: ='10B Sem 2'!F16 -> 67 | H43: ='10B Sem 2'!G16 -> 80 | I43: ='10B Sem 2'!H16 -> 68 | J43: ='10B Sem 2'!I16 -> 58 | K43: ='10B Sem 2'!J16 -> 65 | L43: ='10B Sem 2'!K16 -> 63 | M43: ='10B Sem 2'!L16 -> 73 | ... U43: ='10B Sem 2'!T16 -> 0
C44: 15 | D44: F | E44: Average | F44: =AVERAGE(F42:F43) -> 75.5 | G44: =AVERAGE(G42:G43) -> 70 | H44: =AVERAGE(H42:H43) -> 78 | I44: =AVERAGE(I42:I43) -> 70.5 | J44: =AVERAGE(J42:J43) -> 60.5 | K44: =AVERAGE(K42:K43) -> 67 | L44: =AVERAGE(L42:L43) -> 64.5 | M44: =AVERAGE(M42:M43) -> 68 | ... R44: =AVERAGE(R42:R43) -> 73.090909 | S44: ='10B Sem avr'!$H$16 -> 28 | T44: =AVERAGE(T42:T43) -> 0 | U44: =AVERAGE(U42:U43) -> 0
A45: 14 | C45: 16 | D45: F | E45: Semister 1 | F45: ='10B Sem 1'!E17 -> 81 | G45: ='10B Sem 1'!F17 -> 77 | H45: ='10B Sem 1'!G17 -> 72 | I45: ='10B Sem 1'!H17 -> 68 | J45: ='10B Sem 1'!I17 -> 55 | K45: ='10B Sem 1'!J17 -> 65 | L45: ='10B Sem 1'!K17 -> 67 | M45: ='10B Sem 1'!L17 -> 68 | ... U45: ='10B Sem 1'!T17 -> 0
C46: 16 | D46: F | E46: Semister 2 | F46: ='10B Sem 2'!E17 -> 64 | G46: ='10B Sem 2'!F17 -> 81 | H46: ='10B Sem 2'!G17 -> 61 | I46: ='10B Sem 2'!H17 -> 62 | J46: ='10B Sem 2'!I17 -> 58 | K46: ='10B Sem 2'!J17 -> 72 | L46: ='10B Sem 2'!K17 -> 73 | M46: ='10B Sem 2'!L17 -> 77 | ... U46: ='10B Sem 2'!T17 -> 0
C47: 16 | D47: F | E47: Average | F47: =AVERAGE(F45:F46) -> 72.5 | G47: =AVERAGE(G45:G46) -> 79 | H47: =AVERAGE(H45:H46) -> 66.5 | I47: =AVERAGE(I45:I46) -> 65 | J47: =AVERAGE(J45:J46) -> 56.5 | K47: =AVERAGE(K45:K46) -> 68.5 | L47: =AVERAGE(L45:L46) -> 70 | M47: =AVERAGE(M45:M46) -> 72.5 | ... R47: =AVERAGE(R45:R46) -> 73.863636 | S47: ='10B Sem avr'!$H$17 -> 24 | T47: =AVERAGE(T45:T46) -> 0 | U47: =AVERAGE(U45:U46) -> 0
A48: 15 | C48: 16 | D48: F | E48: Semister 1 | F48: ='10B Sem 1'!E18 -> 77 | G48: ='10B Sem 1'!F18 -> 61 | H48: ='10B Sem 1'!G18 -> 59 | I48: ='10B Sem 1'!H18 -> 57 | J48: ='10B Sem 1'!I18 -> 50 | K48: ='10B Sem 1'!J18 -> 43 | L48: ='10B Sem 1'!K18 -> 53 | M48: ='10B Sem 1'!L18 -> 57 | ... U48: ='10B Sem 1'!T18 -> 0
C49: 16 | D49: F | E49: Semister 2 | F49: ='10B Sem 2'!E18 -> 68 | G49: ='10B Sem 2'!F18 -> 64 | H49: ='10B Sem 2'!G18 -> 45 | I49: ='10B Sem 2'!H18 -> 45 | J49: ='10B Sem 2'!I18 -> 42 | K49: ='10B Sem 2'!J18 -> 40 | L49: ='10B Sem 2'!K18 -> 53 | M49: ='10B Sem 2'!L18 -> 58 | ... U49: ='10B Sem 2'!T18 -> 0
C50: 16 | D50: F | E50: Average | F50: =AVERAGE(F48:F49) -> 72.5 | G50: =AVERAGE(G48:G49) -> 62.5 | H50: =AVERAGE(H48:H49) -> 52 | I50: =AVERAGE(I48:I49) -> 51 | J50: =AVERAGE(J48:J49) -> 46 | K50: =AVERAGE(K48:K49) -> 41.5 | L50: =AVERAGE(L48:L49) -> 53 | M50: =AVERAGE(M48:M49) -> 57.5 | ... R50: =AVERAGE(R48:R49) -> 58.909091 | S50: ='10B Sem avr'!$H$18 -> 47 | T50: =AVERAGE(T48:T49) -> 0 | U50: =AVERAGE(U48:U49) -> 0
A51: 16 | C51: 16 | D51: M | E51: Semister 1 | F51: ='10B Sem 1'!E19 -> 62 | G51: ='10B Sem 1'!F19 -> 61 | H51: ='10B Sem 1'!G19 -> 54 | I51: ='10B Sem 1'!H19 -> 55 | J51: ='10B Sem 1'!I19 -> 57 | K51: ='10B Sem 1'!J19 -> 42 | L51: ='10B Sem 1'!K19 -> 60 | M51: ='10B Sem 1'!L19 -> 67 | ... U51: ='10B Sem 1'!T19 -> 0
C52: 16 | D52: M | E52: Semister 2 | F52: ='10B Sem 2'!E19 -> 65 | G52: ='10B Sem 2'!F19 -> 55 | H52: ='10B Sem 2'!G19 -> 43 | I52: ='10B Sem 2'!H19 -> 38 | J52: ='10B Sem 2'!I19 -> 42 | K52: ='10B Sem 2'!J19 -> 52 | L52: ='10B Sem 2'!K19 -> 57 | M52: ='10B Sem 2'!L19 -> 65 | ... U52: ='10B Sem 2'!T19 -> 0
C53: 16 | D53: M | E53: Average | F53: =AVERAGE(F51:F52) -> 63.5 | G53: =AVERAGE(G51:G52) -> 58 | H53: =AVERAGE(H51:H52) -> 48.5 | I53: =AVERAGE(I51:I52) -> 46.5 | J53: =AVERAGE(J51:J52) -> 49.5 | K53: =AVERAGE(K51:K52) -> 47 | L53: =AVERAGE(L51:L52) -> 58.5 | M53: =AVERAGE(M51:M52) -> 66 | ... R53: =AVERAGE(R51:R52) -> 58.772727 | S53: ='10B Sem avr'!$H$19 -> 48 | T53: =AVERAGE(T51:T52) -> 0 | U53: =AVERAGE(U51:U52) -> 0
A54: 17 | C54: 15 | D54: M | E54: Semister 1 | F54: ='10B Sem 1'!E20 -> 67 | G54: ='10B Sem 1'!F20 -> 56 | H54: ='10B Sem 1'!G20 -> 59 | I54: ='10B Sem 1'!H20 -> 60 | J54: ='10B Sem 1'!I20 -> 58 | K54: ='10B Sem 1'!J20 -> 60 | L54: ='10B Sem 1'!K20 -> 52 | M54: ='10B Sem 1'!L20 -> 65 | ... U54: ='10B Sem 1'!T20 -> 0
C55: 15 | D55: M | E55: Semister 2 | F55: ='10B Sem 2'!E20 -> 68 | G55: ='10B Sem 2'!F20 -> 68 | H55: ='10B Sem 2'!G20 -> 42 | I55: ='10B Sem 2'!H20 -> 37 | J55: ='10B Sem 2'!I20 -> 42 | K55: ='10B Sem 2'!J20 -> 51 | L55: ='10B Sem 2'!K20 -> 48 | M55: ='10B Sem 2'!L20 -> 53 | ... U55: ='10B Sem 2'!T20 -> 0
C56: 15 | D56: M | E56: Average | F56: =AVERAGE(F54:F55) -> 67.5 | G56: =AVERAGE(G54:G55) -> 62 | H56: =AVERAGE(H54:H55) -> 50.5 | I56: =AVERAGE(I54:I55) -> 48.5 | J56: =AVERAGE(J54:J55) -> 50 | K56: =AVERAGE(K54:K55) -> 55.5 | L56: =AVERAGE(L54:L55) -> 50 | M56: =AVERAGE(M54:M55) -> 59 | ... R56: =AVERAGE(R54:R55) -> 59.272727 | S56: ='10B Sem avr'!$H$20 -> 46 | T56: =AVERAGE(T54:T55) -> 0 | U56: =AVERAGE(U54:U55) -> 0
A57: 18 | C57: 16 | D57: M | E57: Semister 1 | F57: ='10B Sem 1'!E21 -> 97 | G57: ='10B Sem 1'!F21 -> 72 | H57: ='10B Sem 1'!G21 -> 87 | I57: ='10B Sem 1'!H21 -> 72 | J57: ='10B Sem 1'!I21 -> 83 | K57: ='10B Sem 1'!J21 -> 72 | L57: ='10B Sem 1'!K21 -> 63 | M57: ='10B Sem 1'!L21 -> 82 | ... U57: ='10B Sem 1'!T21 -> 0
C58: 16 | D58: M | E58: Semister 2 | F58: ='10B Sem 2'!E21 -> 87 | G58: ='10B Sem 2'!F21 -> 69 | H58: ='10B Sem 2'!G21 -> 81 | I58: ='10B Sem 2'!H21 -> 76 | J58: ='10B Sem 2'!I21 -> 76 | K58: ='10B Sem 2'!J21 -> 87 | L58: ='10B Sem 2'!K21 -> 92 | M58: ='10B Sem 2'!L21 -> 87 | ... U58: ='10B Sem 2'!T21 -> 0
C59: 16 | D59: M | E59: Average | F59: =AVERAGE(F57:F58) -> 92 | G59: =AVERAGE(G57:G58) -> 70.5 | H59: =AVERAGE(H57:H58) -> 84 | I59: =AVERAGE(I57:I58) -> 74 | J59: =AVERAGE(J57:J58) -> 79.5 | K59: =AVERAGE(K57:K58) -> 79.5 | L59: =AVERAGE(L57:L58) -> 77.5 | M59: =AVERAGE(M57:M58) -> 84.5 | ... R59: =AVERAGE(R57:R58) -> 83.136364 | S59: ='10B Sem avr'!$H$21 -> 12 | T59: =AVERAGE(T57:T58) -> 0 | U59: =AVERAGE(U57:U58) -> 0
A60: 19 | C60: 15 | D60: F | E60: Semister 1 | F60: ='10B Sem 1'!E22 -> 81 | G60: ='10B Sem 1'!F22 -> 85 | H60: ='10B Sem 1'!G22 -> 72 | I60: ='10B Sem 1'!H22 -> 75 | J60: ='10B Sem 1'!I22 -> 71 | K60: ='10B Sem 1'!J22 -> 80 | L60: ='10B Sem 1'!K22 -> 68 | M60: ='10B Sem 1'!L22 -> 79 | ... U60: ='10B Sem 1'!T22 -> 0
C61: 15 | D61: F | E61: Semister 2 | F61: ='10B Sem 2'!E22 -> 77 | G61: ='10B Sem 2'!F22 -> 88 | H61: ='10B Sem 2'!G22 -> 67 | I61: ='10B Sem 2'!H22 -> 70 | J61: ='10B Sem 2'!I22 -> 74 | K61: ='10B Sem 2'!J22 -> 89 | L61: ='10B Sem 2'!K22 -> 81 | M61: ='10B Sem 2'!L22 -> 88 | ... U61: ='10B Sem 2'!T22 -> 0
C62: 15 | D62: F | E62: Average | F62: =AVERAGE(F60:F61) -> 79 | G62: =AVERAGE(G60:G61) -> 86.5 | H62: =AVERAGE(H60:H61) -> 69.5 | I62: =AVERAGE(I60:I61) -> 72.5 | J62: =AVERAGE(J60:J61) -> 72.5 | K62: =AVERAGE(K60:K61) -> 84.5 | L62: =AVERAGE(L60:L61) -> 74.5 | M62: =AVERAGE(M60:M61) -> 83.5 | ... R62: =AVERAGE(R60:R61) -> 81.772727 | S62: ='10B Sem avr'!$H$22 -> 14 | T62: =AVERAGE(T60:T61) -> 0 | U62: =AVERAGE(U60:U61) -> 0
A63: 20 | C63: 16 | D63: M | E63: Semister 1 | F63: ='10B Sem 1'!E23 -> 81 | G63: ='10B Sem 1'!F23 -> 53 | H63: ='10B Sem 1'!G23 -> 46 | I63: ='10B Sem 1'!H23 -> 57 | J63: ='10B Sem 1'!I23 -> 51 | K63: ='10B Sem 1'!J23 -> 49 | L63: ='10B Sem 1'!K23 -> 51 | M63: ='10B Sem 1'!L23 -> 51 | ... U63: ='10B Sem 1'!T23 -> 0
C64: 16 | D64: M | E64: Semister 2 | F64: ='10B Sem 2'!E23 -> 75 | G64: ='10B Sem 2'!F23 -> 61 | H64: ='10B Sem 2'!G23 -> 44 | I64: ='10B Sem 2'!H23 -> 39 | J64: ='10B Sem 2'!I23 -> 39 | K64: ='10B Sem 2'!J23 -> 53 | L64: ='10B Sem 2'!K23 -> 52 | M64: ='10B Sem 2'!L23 -> 59 | ... U64: ='10B Sem 2'!T23 -> 0
C65: 16 | D65: M | E65: Average | F65: =AVERAGE(F63:F64) -> 78 | G65: =AVERAGE(G63:G64) -> 57 | H65: =AVERAGE(H63:H64) -> 45 | I65: =AVERAGE(I63:I64) -> 48 | J65: =AVERAGE(J63:J64) -> 45 | K65: =AVERAGE(K63:K64) -> 51 | L65: =AVERAGE(L63:L64) -> 51.5 | M65: =AVERAGE(M63:M64) -> 55 | ... R65: =AVERAGE(R63:R64) -> 60.454545 | S65: ='10B Sem avr'!$H$23 -> 43 | T65: =AVERAGE(T63:T64) -> 0 | U65: =AVERAGE(U63:U64) -> 0
A66: 21 | C66: 15 | D66: F | E66: Semister 1 | F66: ='10B Sem 1'!E24 -> 84 | G66: ='10B Sem 1'!F24 -> 56 | H66: ='10B Sem 1'!G24 -> 54 | I66: ='10B Sem 1'!H24 -> 66 | J66: ='10B Sem 1'!I24 -> 63 | K66: ='10B Sem 1'!J24 -> 58 | L66: ='10B Sem 1'!K24 -> 62 | M66: ='10B Sem 1'!L24 -> 71 | ... U66: ='10B Sem 1'!T24 -> 0
C67: 15 | D67: F | E67: Semister 2 | F67: ='10B Sem 2'!E24 -> 74 | G67: ='10B Sem 2'!F24 -> 49 | H67: ='10B Sem 2'!G24 -> 56 | I67: ='10B Sem 2'!H24 -> 55 | J67: ='10B Sem 2'!I24 -> 62 | K67: ='10B Sem 2'!J24 -> 68 | L67: ='10B Sem 2'!K24 -> 72 | M67: ='10B Sem 2'!L24 -> 63 | ... U67: ='10B Sem 2'!T24 -> 0
C68: 15 | D68: F | E68: Average | F68: =AVERAGE(F66:F67) -> 79 | G68: =AVERAGE(G66:G67) -> 52.5 | H68: =AVERAGE(H66:H67) -> 55 | I68: =AVERAGE(I66:I67) -> 60.5 | J68: =AVERAGE(J66:J67) -> 62.5 | K68: =AVERAGE(K66:K67) -> 63 | L68: =AVERAGE(L66:L67) -> 67 | M68: =AVERAGE(M66:M67) -> 67 | ... R68: =AVERAGE(R66:R67) -> 67.181818 | S68: ='10B Sem avr'!$H$24 -> 33 | T68: =AVERAGE(T66:T67) -> 0 | U68: =AVERAGE(U66:U67) -> 0
A69: 22 | C69: 16 | D69: F | E69: Semister 1 | F69: ='10B Sem 1'!E25 -> 86 | G69: ='10B Sem 1'!F25 -> 80 | H69: ='10B Sem 1'!G25 -> 81 | I69: ='10B Sem 1'!H25 -> 93 | J69: ='10B Sem 1'!I25 -> 90 | K69: ='10B Sem 1'!J25 -> 93 | L69: ='10B Sem 1'!K25 -> 91 | M69: ='10B Sem 1'!L25 -> 93 | ... U69: ='10B Sem 1'!T25 -> 0
C70: 16 | D70: F | E70: Semister 2 | F70: ='10B Sem 2'!E25 -> 85 | G70: ='10B Sem 2'!F25 -> 81 | H70: ='10B Sem 2'!G25 -> 78 | I70: ='10B Sem 2'!H25 -> 88 | J70: ='10B Sem 2'!I25 -> 84 | K70: ='10B Sem 2'!J25 -> 95 | L70: ='10B Sem 2'!K25 -> 93 | M70: ='10B Sem 2'!L25 -> 95 | ... U70: ='10B Sem 2'!T25 -> 0
C71: 16 | D71: F | E71: Average | F71: =AVERAGE(F69:F70) -> 85.5 | G71: =AVERAGE(G69:G70) -> 80.5 | H71: =AVERAGE(H69:H70) -> 79.5 | I71: =AVERAGE(I69:I70) -> 90.5 | J71: =AVERAGE(J69:J70) -> 87 | K71: =AVERAGE(K69:K70) -> 94 | L71: =AVERAGE(L69:L70) -> 92 | M71: =AVERAGE(M69:M70) -> 94 | ... R71: =AVERAGE(R69:R70) -> 89.181818 | S71: ='10B Sem avr'!$H$25 -> 5 | T71: =AVERAGE(T69:T70) -> 0 | U71: =AVERAGE(U69:U70) -> 0
A72: 23 | C72: 16 | D72: M | E72: Semister 1 | F72: ='10B Sem 1'!E26 -> 86 | G72: ='10B Sem 1'!F26 -> 84 | H72: ='10B Sem 1'!G26 -> 86 | I72: ='10B Sem 1'!H26 -> 85 | J72: ='10B Sem 1'!I26 -> 89 | K72: ='10B Sem 1'!J26 -> 93 | L72: ='10B Sem 1'!K26 -> 90 | M72: ='10B Sem 1'!L26 -> 87 | ... U72: ='10B Sem 1'!T26 -> 0
C73: 16 | D73: M | E73: Semister 2 | F73: ='10B Sem 2'!E26 -> 89 | G73: ='10B Sem 2'!F26 -> 85 | H73: ='10B Sem 2'!G26 -> 80 | I73: ='10B Sem 2'!H26 -> 85 | J73: ='10B Sem 2'!I26 -> 80 | K73: ='10B Sem 2'!J26 -> 90 | L73: ='10B Sem 2'!K26 -> 85 | M73: ='10B Sem 2'!L26 -> 83 | ... U73: ='10B Sem 2'!T26 -> 0
C74: 16 | D74: M | E74: Average | F74: =AVERAGE(F72:F73) -> 87.5 | G74: =AVERAGE(G72:G73) -> 84.5 | H74: =AVERAGE(H72:H73) -> 83 | I74: =AVERAGE(I72:I73) -> 85 | J74: =AVERAGE(J72:J73) -> 84.5 | K74: =AVERAGE(K72:K73) -> 91.5 | L74: =AVERAGE(L72:L73) -> 87.5 | M74: =AVERAGE(M72:M73) -> 85 | ... R74: =AVERAGE(R72:R73) -> 88.045455 | S74: ='10B Sem avr'!$H$26 -> 8 | T74: =AVERAGE(T72:T73) -> 0 | U74: =AVERAGE(U72:U73) -> 0
A75: 24 | C75: 15 | D75: M | E75: Semister 1 | F75: ='10B Sem 1'!E27 -> 68 | G75: ='10B Sem 1'!F27 -> 58 | H75: ='10B Sem 1'!G27 -> 73 | I75: ='10B Sem 1'!H27 -> 62 | J75: ='10B Sem 1'!I27 -> 70 | K75: ='10B Sem 1'!J27 -> 59 | L75: ='10B Sem 1'!K27 -> 58 | M75: ='10B Sem 1'!L27 -> 74 | ... U75: ='10B Sem 1'!T27 -> 0
C76: 15 | D76: M | E76: Semister 2 | F76: ='10B Sem 2'!E27 -> 64 | G76: ='10B Sem 2'!F27 -> 65 | H76: ='10B Sem 2'!G27 -> 55 | I76: ='10B Sem 2'!H27 -> 42 | J76: ='10B Sem 2'!I27 -> 50 | K76: ='10B Sem 2'!J27 -> 57 | L76: ='10B Sem 2'!K27 -> 76 | M76: ='10B Sem 2'!L27 -> 80 | ... U76: ='10B Sem 2'!T27 -> 0
C77: 15 | D77: M | E77: Average | F77: =AVERAGE(F75:F76) -> 66 | G77: =AVERAGE(G75:G76) -> 61.5 | H77: =AVERAGE(H75:H76) -> 64 | I77: =AVERAGE(I75:I76) -> 52 | J77: =AVERAGE(J75:J76) -> 60 | K77: =AVERAGE(K75:K76) -> 58 | L77: =AVERAGE(L75:L76) -> 67 | M77: =AVERAGE(M75:M76) -> 77 | ... R77: =AVERAGE(R75:R76) -> 66.863636 | S77: ='10B Sem avr'!$H$27 -> 34 | T77: =AVERAGE(T75:T76) -> 0 | U77: =AVERAGE(U75:U76) -> 0
A78: 25 | C78: 14 | D78: F | E78: Semister 1 | F78: ='10B Sem 1'!E28 -> 92 | G78: ='10B Sem 1'!F28 -> 75 | H78: ='10B Sem 1'!G28 -> 88 | I78: ='10B Sem 1'!H28 -> 83 | J78: ='10B Sem 1'!I28 -> 65 | K78: ='10B Sem 1'!J28 -> 76 | L78: ='10B Sem 1'!K28 -> 82 | M78: ='10B Sem 1'!L28 -> 76 | ... U78: ='10B Sem 1'!T28 -> 0
C79: 14 | D79: F | E79: Semister 2 | F79: ='10B Sem 2'!E28 -> 84 | G79: ='10B Sem 2'!F28 -> 88 | H79: ='10B Sem 2'!G28 -> 93 | I79: ='10B Sem 2'!H28 -> 65 | J79: ='10B Sem 2'!I28 -> 74 | K79: ='10B Sem 2'!J28 -> 90 | L79: ='10B Sem 2'!K28 -> 87 | M79: ='10B Sem 2'!L28 -> 89 | ... U79: ='10B Sem 2'!T28 -> 0
C80: 14 | D80: F | E80: Average | F80: =AVERAGE(F78:F79) -> 88 | G80: =AVERAGE(G78:G79) -> 81.5 | H80: =AVERAGE(H78:H79) -> 90.5 | I80: =AVERAGE(I78:I79) -> 74 | J80: =AVERAGE(J78:J79) -> 69.5 | K80: =AVERAGE(K78:K79) -> 83 | L80: =AVERAGE(L78:L79) -> 84.5 | M80: =AVERAGE(M78:M79) -> 82.5 | ... R80: =AVERAGE(R78:R79) -> 84.545455 | S80: ='10B Sem avr'!$H$28 -> 10 | T80: =AVERAGE(T78:T79) -> 0 | U80: =AVERAGE(U78:U79) -> 0
A81: 26 | C81: 14 | D81: M | E81: Semister 1 | F81: ='10B Sem 1'!E29 -> 81 | G81: ='10B Sem 1'!F29 -> 55 | H81: ='10B Sem 1'!G29 -> 36 | I81: ='10B Sem 1'!H29 -> 55 | J81: ='10B Sem 1'!I29 -> 39 | K81: ='10B Sem 1'!J29 -> 38 | L81: ='10B Sem 1'!K29 -> 45 | M81: ='10B Sem 1'!L29 -> 53 | ... U81: ='10B Sem 1'!T29 -> 0
C82: 14 | D82: M | E82: Semister 2 | F82: ='10B Sem 2'!E29 -> 71 | G82: ='10B Sem 2'!F29 -> 43 | H82: ='10B Sem 2'!G29 -> 33 | I82: ='10B Sem 2'!H29 -> 19 | J82: ='10B Sem 2'!I29 -> 37 | K82: ='10B Sem 2'!J29 -> 35 | L82: ='10B Sem 2'!K29 -> 51 | M82: ='10B Sem 2'!L29 -> 44 | ... U82: ='10B Sem 2'!T29 -> 0
C83: 14 | D83: M | E83: Average | F83: =AVERAGE(F81:F82) -> 76 | G83: =AVERAGE(G81:G82) -> 49 | H83: =AVERAGE(H81:H82) -> 34.5 | I83: =AVERAGE(I81:I82) -> 37 | J83: =AVERAGE(J81:J82) -> 38 | K83: =AVERAGE(K81:K82) -> 36.5 | L83: =AVERAGE(L81:L82) -> 48 | M83: =AVERAGE(M81:M82) -> 48.5 | ... R83: =AVERAGE(R81:R82) -> 49.681818 | S83: ='10B Sem avr'!$H$29 -> 54 | T83: =AVERAGE(T81:T82) -> 0 | U83: =AVERAGE(U81:U82) -> 0
A84: 27 | C84: 15 | D84: M | E84: Semister 1 | F84: ='10B Sem 1'!E30 -> 65 | G84: ='10B Sem 1'!F30 -> 67 | H84: ='10B Sem 1'!G30 -> 71 | I84: ='10B Sem 1'!H30 -> 58 | J84: ='10B Sem 1'!I30 -> 53 | K84: ='10B Sem 1'!J30 -> 69 | L84: ='10B Sem 1'!K30 -> 55 | M84: ='10B Sem 1'!L30 -> 62 | ... U84: ='10B Sem 1'!T30 -> 0
C85: 15 | D85: M | E85: Semister 2 | F85: ='10B Sem 2'!E30 -> 68 | G85: ='10B Sem 2'!F30 -> 57 | H85: ='10B Sem 2'!G30 -> 64 | I85: ='10B Sem 2'!H30 -> 67 | J85: ='10B Sem 2'!I30 -> 55 | K85: ='10B Sem 2'!J30 -> 48 | L85: ='10B Sem 2'!K30 -> 63 | M85: ='10B Sem 2'!L30 -> 65 | ... U85: ='10B Sem 2'!T30 -> 0
C86: 15 | D86: M | E86: Average | F86: =AVERAGE(F84:F85) -> 66.5 | G86: =AVERAGE(G84:G85) -> 62 | H86: =AVERAGE(H84:H85) -> 67.5 | I86: =AVERAGE(I84:I85) -> 62.5 | J86: =AVERAGE(J84:J85) -> 54 | K86: =AVERAGE(K84:K85) -> 58.5 | L86: =AVERAGE(L84:L85) -> 59 | M86: =AVERAGE(M84:M85) -> 63.5 | ... R86: =AVERAGE(R84:R85) -> 65.954545 | S86: ='10B Sem avr'!$H$30 -> 35 | T86: =AVERAGE(T84:T85) -> 0 | U86: =AVERAGE(U84:U85) -> 0
A87: 28 | C87: 16 | D87: F | E87: Semister 1 | F87: ='10B Sem 1'!E31 -> 71 | G87: ='10B Sem 1'!F31 -> 66 | H87: ='10B Sem 1'!G31 -> 47 | I87: ='10B Sem 1'!H31 -> 59 | J87: ='10B Sem 1'!I31 -> 51 | K87: ='10B Sem 1'!J31 -> 58 | L87: ='10B Sem 1'!K31 -> 54 | M87: ='10B Sem 1'!L31 -> 68 | ... U87: ='10B Sem 1'!T31 -> 0
C88: 16 | D88: F | E88: Semister 2 | F88: ='10B Sem 2'!E31 -> 72 | G88: ='10B Sem 2'!F31 -> 71 | H88: ='10B Sem 2'!G31 -> 54 | I88: ='10B Sem 2'!H31 -> 40 | J88: ='10B Sem 2'!I31 -> 48 | K88: ='10B Sem 2'!J31 -> 61 | L88: ='10B Sem 2'!K31 -> 60 | M88: ='10B Sem 2'!L31 -> 57 | ... U88: ='10B Sem 2'!T31 -> 0
C89: 16 | D89: F | E89: Average | F89: =AVERAGE(F87:F88) -> 71.5 | G89: =AVERAGE(G87:G88) -> 68.5 | H89: =AVERAGE(H87:H88) -> 50.5 | I89: =AVERAGE(I87:I88) -> 49.5 | J89: =AVERAGE(J87:J88) -> 49.5 | K89: =AVERAGE(K87:K88) -> 59.5 | L89: =AVERAGE(L87:L88) -> 57 | M89: =AVERAGE(M87:M88) -> 62.5 | ... R89: =AVERAGE(R87:R88) -> 64.545455 | S89: ='10B Sem avr'!$H$31 -> 36 | T89: =AVERAGE(T87:T88) -> 0 | U89: =AVERAGE(U87:U88) -> 0
A90: 29 | C90: 16 | D90: F | E90: Semister 1 | F90: ='10B Sem 1'!E32 -> 91 | G90: ='10B Sem 1'!F32 -> 94 | H90: ='10B Sem 1'!G32 -> 93 | I90: ='10B Sem 1'!H32 -> 92 | J90: ='10B Sem 1'!I32 -> 89 | K90: ='10B Sem 1'!J32 -> 94 | L90: ='10B Sem 1'!K32 -> 95 | M90: ='10B Sem 1'!L32 -> 94 | ... U90: ='10B Sem 1'!T32 -> 0
C91: 16 | D91: F | E91: Semister 2 | F91: ='10B Sem 2'!E32 -> 89 | G91: ='10B Sem 2'!F32 -> 95 | H91: ='10B Sem 2'!G32 -> 95 | I91: ='10B Sem 2'!H32 -> 96 | J91: ='10B Sem 2'!I32 -> 93 | K91: ='10B Sem 2'!J32 -> 100 | L91: ='10B Sem 2'!K32 -> 97 | M91: ='10B Sem 2'!L32 -> 93 | ... U91: ='10B Sem 2'!T32 -> 0
C92: 16 | D92: F | E92: Average | F92: =AVERAGE(F90:F91) -> 90 | G92: =AVERAGE(G90:G91) -> 94.5 | H92: =AVERAGE(H90:H91) -> 94 | I92: =AVERAGE(I90:I91) -> 94 | J92: =AVERAGE(J90:J91) -> 91 | K92: =AVERAGE(K90:K91) -> 97 | L92: =AVERAGE(L90:L91) -> 96 | M92: =AVERAGE(M90:M91) -> 93.5 | ... R92: =AVERAGE(R90:R91) -> 94.954545 | S92: ='10B Sem avr'!$H$32 -> 2 | T92: =AVERAGE(T90:T91) -> 0 | U92: =AVERAGE(U90:U91) -> 0
A93: 30 | C93: 15 | D93: F | E93: Semister 1 | F93: ='10B Sem 1'!E33 -> 95 | G93: ='10B Sem 1'!F33 -> 88 | H93: ='10B Sem 1'!G33 -> 88 | I93: ='10B Sem 1'!H33 -> 98 | J93: ='10B Sem 1'!I33 -> 87 | K93: ='10B Sem 1'!J33 -> 90 | L93: ='10B Sem 1'!K33 -> 89 | M93: ='10B Sem 1'!L33 -> 90 | ... U93: ='10B Sem 1'!T33 -> 0
C94: 15 | D94: F | E94: Semister 2 | F94: ='10B Sem 2'!E33 -> 90 | G94: ='10B Sem 2'!F33 -> 86 | H94: ='10B Sem 2'!G33 -> 87 | I94: ='10B Sem 2'!H33 -> 89 | J94: ='10B Sem 2'!I33 -> 86 | K94: ='10B Sem 2'!J33 -> 96 | L94: ='10B Sem 2'!K33 -> 96 | M94: ='10B Sem 2'!L33 -> 91 | ... U94: ='10B Sem 2'!T33 -> 0
C95: 15 | D95: F | E95: Average | F95: =AVERAGE(F93:F94) -> 92.5 | G95: =AVERAGE(G93:G94) -> 87 | H95: =AVERAGE(H93:H94) -> 87.5 | I95: =AVERAGE(I93:I94) -> 93.5 | J95: =AVERAGE(J93:J94) -> 86.5 | K95: =AVERAGE(K93:K94) -> 93 | L95: =AVERAGE(L93:L94) -> 92.5 | M95: =AVERAGE(M93:M94) -> 90.5 | ... R95: =AVERAGE(R93:R94) -> 92.272727 | S95: ='10B Sem avr'!$H$33 -> 3 | T95: =AVERAGE(T93:T94) -> 0 | U95: =AVERAGE(U93:U94) -> 0
A96: 31 | C96: 14 | D96: F | E96: Semister 1 | F96: ='10B Sem 1'!E34 -> 80 | G96: ='10B Sem 1'!F34 -> 77 | H96: ='10B Sem 1'!G34 -> 89 | I96: ='10B Sem 1'!H34 -> 91 | J96: ='10B Sem 1'!I34 -> 94 | K96: ='10B Sem 1'!J34 -> 91 | L96: ='10B Sem 1'!K34 -> 95 | M96: ='10B Sem 1'!L34 -> 86 | ... U96: ='10B Sem 1'!T34 -> 0
C97: 14 | D97: F | E97: Semister 2 | F97: ='10B Sem 2'!E34 -> 77 | G97: ='10B Sem 2'!F34 -> 84 | H97: ='10B Sem 2'!G34 -> 92 | I97: ='10B Sem 2'!H34 -> 84 | J97: ='10B Sem 2'!I34 -> 95 | K97: ='10B Sem 2'!J34 -> 95 | L97: ='10B Sem 2'!K34 -> 98 | M97: ='10B Sem 2'!L34 -> 96 | ... U97: ='10B Sem 2'!T34 -> 0
C98: 14 | D98: F | E98: Average | F98: =AVERAGE(F96:F97) -> 78.5 | G98: =AVERAGE(G96:G97) -> 80.5 | H98: =AVERAGE(H96:H97) -> 90.5 | I98: =AVERAGE(I96:I97) -> 87.5 | J98: =AVERAGE(J96:J97) -> 94.5 | K98: =AVERAGE(K96:K97) -> 93 | L98: =AVERAGE(L96:L97) -> 96.5 | M98: =AVERAGE(M96:M97) -> 91 | ... R98: =AVERAGE(R96:R97) -> 90.772727 | S98: ='10B Sem avr'!$H$34 -> 4 | T98: =AVERAGE(T96:T97) -> 0 | U98: =AVERAGE(U96:U97) -> 0
A99: 32 | C99: 15 | D99: F | E99: Semister 1 | F99: ='10B Sem 1'!E35 -> 74 | G99: ='10B Sem 1'!F35 -> 52 | H99: ='10B Sem 1'!G35 -> 42 | I99: ='10B Sem 1'!H35 -> 52 | J99: ='10B Sem 1'!I35 -> 53 | K99: ='10B Sem 1'!J35 -> 48 | L99: ='10B Sem 1'!K35 -> 51 | M99: ='10B Sem 1'!L35 -> 55 | ... U99: ='10B Sem 1'!T35 -> 0
C100: 15 | D100: F | E100: Semister 2 | F100: ='10B Sem 2'!E35 -> 72 | G100: ='10B Sem 2'!F35 -> 63 | H100: ='10B Sem 2'!G35 -> 41 | I100: ='10B Sem 2'!H35 -> 39 | J100: ='10B Sem 2'!I35 -> 47 | K100: ='10B Sem 2'!J35 -> 55 | L100: ='10B Sem 2'!K35 -> 54 | M100: ='10B Sem 2'!L35 -> 52 | ... U100: ='10B Sem 2'!T35 -> 0
C101: 15 | D101: F | E101: Average | F101: =AVERAGE(F99:F100) -> 73 | G101: =AVERAGE(G99:G100) -> 57.5 | H101: =AVERAGE(H99:H100) -> 41.5 | I101: =AVERAGE(I99:I100) -> 45.5 | J101: =AVERAGE(J99:J100) -> 50 | K101: =AVERAGE(K99:K100) -> 51.5 | L101: =AVERAGE(L99:L100) -> 52.5 | M101: =AVERAGE(M99:M100) -> 53.5 | ... R101: =AVERAGE(R99:R100) -> 57.863636 | S101: ='10B Sem avr'!$H$35 -> 49 | T101: =AVERAGE(T99:T100) -> 0 | U101: =AVERAGE(U99:U100) -> 0
A102: 33 | C102: 16 | D102: F | E102: Semister 1 | F102: ='10B Sem 1'!E36 -> 67 | G102: ='10B Sem 1'!F36 -> 60 | H102: ='10B Sem 1'!G36 -> 40 | I102: ='10B Sem 1'!H36 -> 57 | J102: ='10B Sem 1'!I36 -> 51 | K102: ='10B Sem 1'!J36 -> 51 | L102: ='10B Sem 1'!K36 -> 53 | M102: ='10B Sem 1'!L36 -> 60 | ... U102: ='10B Sem 1'!T36 -> 0
...

Sheet 10B Sem 1
A1: Maria Rubbato Catholic School 2015 E.C Roster Grade 10B Student's
A2: Home Room Teacher Grade 10B
A3: No | B3: Student Name | C3: Age | D3: Sex | E3: Amharic | F3: English | G3: Maths | H3: physics | I3: chemistry | J3: Biology | K3: Geography | L3: History | M3: Civics | N3: ICT | O3: H.P.E | P3: Total | Q3: Average | R3: Rank | S3: Condc. | T3: Abse.
A4: 1 | C4: 14 | D4: M | E4: 73 | F4: 74 | G4: 63 | H4: 73 | I4: 61 | J4: 81 | K4: 67 | L4: 69 | M4: 81 | N4: 92 | O4: 91 | P4: =SUM(E4:O4) -> 825 | Q4: =AVERAGE(E4:O4) -> 75 | R4: =RANK(Q4,$Q$4:$Q$58) -> 22
A5: 2 | C5: 16 | D5: M | E5: 77 | F5: 62 | G5: 75 | H5: 63 | I5: 63 | J5: 69 | K5: 64 | L5: 71 | M5: 67 | N5: 76 | O5: 75 | P5: =SUM(E5:O5) -> 762 | Q5: =AVERAGE(E5:O5) -> 69.272727 | R5: =RANK(Q5,$Q$4:$Q$58) -> 30
A6: 3 | C6: 16 | D6: F | E6: 85 | F6: 94 | G6: 76 | H6: 81 | I6: 76 | J6: 89 | K6: 83 | L6: 90 | M6: 90 | N6: 96 | O6: 100 | P6: =SUM(E6:O6) -> 960 | Q6: =AVERAGE(E6:O6) -> 87.272727 | R6: =RANK(Q6,$Q$4:$Q$58) -> 8
A7: 4 | C7: 15 | D7: F | E7: 83 | F7: 76 | G7: 81 | H7: 89 | I7: 80 | J7: 88 | K7: 88 | L7: 75 | M7: 87 | N7: 98 | O7: 100 | P7: =SUM(E7:O7) -> 945 | Q7: =AVERAGE(E7:O7) -> 85.909091 | R7: =RANK(Q7,$Q$4:$Q$58) -> 9
A8: 5 | C8: 16 | D8: M | E8: 81 | F8: 56 | G8: 68 | H8: 69 | I8: 56 | J8: 70 | K8: 74 | L8: 77 | M8: 79 | N8: 79 | O8: 94 | P8: =SUM(E8:O8) -> 803 | Q8: =AVERAGE(E8:O8) -> 73 | R8: =RANK(Q8,$Q$4:$Q$58) -> 25
A9: 6 | C9: 16 | D9: F | E9: 69 | F9: 38 | G9: 44 | H9: 57 | I9: 57 | J9: 47 | K9: 45 | L9: 58 | M9: 47 | N9: 70 | O9: 83 | P9: =SUM(E9:O9) -> 615 | Q9: =AVERAGE(E9:O9) -> 55.909091 | R9: =RANK(Q9,$Q$4:$Q$58) -> 51
A10: 7 | C10: 16 | D10: F | E10: 84 | F10: 73 | G10: 91 | H10: 88 | I10: 75 | J10: 78 | K10: 75 | L10: 63 | M10: 74 | N10: 88 | O10: 85 | P10: =SUM(E10:O10) -> 874 | Q10: =AVERAGE(E10:O10) -> 79.454545 | R10: =RANK(Q10,$Q$4:$Q$58) -> 16
A11: 8 | C11: 16 | D11: M | E11: 88 | F11: 72 | G11: 81 | H11: 81 | I11: 72 | J11: 85 | K11: 78 | L11: 76 | M11: 71 | N11: 82 | O11: 84 | P11: =SUM(E11:O11) -> 870 | Q11: =AVERAGE(E11:O11) -> 79.090909 | R11: =RANK(Q11,$Q$4:$Q$58) -> 17
A12: 9 | C12: 14 | D12: M | E12: 80 | F12: 82 | G12: 63 | H12: 58 | I12: 50 | J12: 56 | K12: 65 | L12: 76 | M12: 87 | N12: 86 | O12: 89 | P12: =SUM(E12:O12) -> 792 | Q12: =AVERAGE(E12:O12) -> 72 | R12: =RANK(Q12,$Q$4:$Q$58) -> 29
A13: 10 | C13: 15 | D13: F | E13: 73 | F13: 68 | G13: 38 | H13: 54 | I13: 43 | J13: 45 | K13: 52 | L13: 53 | M13: 58 | N13: 65 | O13: 80 | P13: =SUM(E13:O13) -> 629 | Q13: =AVERAGE(E13:O13) -> 57.181818 | R13: =RANK(Q13,$Q$4:$Q$58) -> 49
A14: 11 | C14: 15 | D14: F | E14: 76 | F14: 66 | G14: 52 | H14: 60 | I14: 50 | J14: 46 | K14: 60 | L14: 53 | M14: 68 | N14: 76 | O14: 82 | P14: =SUM(E14:O14) -> 689 | Q14: =AVERAGE(E14:O14) -> 62.636364 | R14: =RANK(Q14,$Q$4:$Q$58) -> 41
A15: 12 | C15: 15 | D15: F | E15: 64 | F15: 59 | G15: 46 | H15: 53 | I15: 40 | J15: 45 | K15: 50 | L15: 50 | M15: 58 | N15: 54 | O15: 76 | P15: =SUM(E15:O15) -> 595 | Q15: =AVERAGE(E15:O15) -> 54.090909 | R15: =RANK(Q15,$Q$4:$Q$58) -> 52
... A44: 41 | C44: 15 | D44: M | E44: 78 | F44: 56 | G44: 83 | H44: 82 | I44: 83 | J44: 87 | K44: 76 | L44: 85 | M44: 85 | N44: 94 | O44: 93 | P44: =SUM(E44:O44) -> 902 | Q44: =AVERAGE(E44:O44) -> 82 | R44: =RANK(Q44,$Q$4:$Q$58) -> 11
A45: 42 | C45: 16 | D45: M | P45: =SUM(E45:O45) -> 0
A46: 43 | C46: 15 | D46: F | E46: 77 | F46: 64 | G46: 48 | H46: 56 | I46: 45 | J46: 52 | K46: 45 | L46: 64 | M46: 60 | N46: 80 | O46: 84 | P46: =SUM(E46:O46) -> 675 | Q46: =AVERAGE(E46:O46) -> 61.363636 | R46: =RANK(Q46,$Q$4:$Q$58) -> 43
A47: 44 | C47: 15 | D47: F | E47: 98 | F47: 87 | G47: 90 | H47: 97 | I47: 89 | J47: 94 | K47: 97 | L47: 96 | M47: 94 | N47: 100 | O47: 100 | P47: =SUM(E47:O47) -> 1042 | Q47: =AVERAGE(E47:O47) -> 94.727273 | R47: =RANK(Q47,$Q$4:$Q$58) -> 1
A48: 45 | C48: 16 | D48: F | E48: 93 | F48: 71 | G48: 65 | H48: 83 | I48: 67 | J48: 89 | K48: 79 | L48: 79 | M48: 87 | N48: 87 | O48: 100 | P48: =SUM(E48:O48) -> 900 | Q48: =AVERAGE(E48:O48) -> 81.818182 | R48: =RANK(Q48,$Q$4:$Q$58) -> 12
A49: 46 | C49: 14 | D49: M | E49: 91 | F49: 85 | G49: 84 | H49: 90 | I49: 86 | J49: 90 | K49: 89 | L49: 88 | M49: 94 | N49: 95 | O49: 95 | P49: =SUM(E49:O49) -> 987 | Q49: =AVERAGE(E49:O49) -> 89.727273 | R49: =RANK(Q49,$Q$4:$Q$58) -> 5
A50: 47 | C50: 15 | D50: M | E50: 72 | F50: 58 | G50: 70 | H50: 66 | I50: 57 | J50: 75 | K50: 69 | L50: 68 | M50: 67 | N50: 73 | O50: 81 | P50: =SUM(E50:O50) -> 756 | Q50: =AVERAGE(E50:O50) -> 68.727273 | R50: =RANK(Q50,$Q$4:$Q$58) -> 31
A51: 48 | C51: 15 | D51: F | E51: 89 | F51: 74 | G51: 66 | H51: 74 | I51: 66 | J51: 65 | K51: 75 | L51: 59 | M51: 80 | N51: 88 | O51: 92 | P51: =SUM(E51:O51) -> 828 | Q51: =AVERAGE(E51:O51) -> 75.272727 | R51: =RANK(Q51,$Q$4:$Q$58) -> 20
A52: 49 | C52: 14 | D52: F | E52: 61 | F52: 71 | G52: 51 | H52: 63 | I52: 53 | J52: 53 | K52: 60 | L52: 65 | M52: 78 | N52: 76 | O52: 84 | P52: =SUM(E52:O52) -> 715 | Q52: =AVERAGE(E52:O52) -> 65 | R52: =RANK(Q52,$Q$4:$Q$58) -> 38
A53: 50 | C53: 15 | D53: F | E53: 88 | F53: 84 | G53: 84 | H53: 72 | I53: 80 | J53: 76 | K53: 70 | L53: 72 | M53: 81 | N53: 92 | O53: 95 | P53: =SUM(E53:O53) -> 894 | Q53: =AVERAGE(E53:O53) -> 81.272727 | R53: =RANK(Q53,$Q$4:$Q$58) -> 13
A54: 51 | C54: 15 | D54: F | E54: 79 | F54: 80 | G54: 62 | H54: 65 | I54: 61 | J54: 74 | K54: 72 | L54: 75 | M54: 81 | N54: 87 | O54: 92 | P54: =SUM(E54:O54) -> 828 | Q54: =AVERAGE(E54:O54) -> 75.272727 | R54: =RANK(Q54,$Q$4:$Q$58) -> 20
A55: 52 | C55: 16 | D55: M | E55: 83 | F55: 66 | G55: 70 | H55: 75 | I55: 77 | J55: 84 | K55: 79 | L55: 82 | M55: 82 | N55: 74 | O55: 88 | P55: =SUM(E55:O55) -> 860 | Q55: =AVERAGE(E55:O55) -> 78.181818 | R55: =RANK(Q55,$Q$4:$Q$58) -> 18
A56: 53 | C56: 16 | D56: M | E56: 80 | F56: 64 | G56: 79 | H56: 74 | I56: 66 | J56: 80 | K56: 77 | L56: 89 | M56: 83 | N56: 76 | O56: 81 | P56: =SUM(E56:O56) -> 849 | Q56: =AVERAGE(E56:O56) -> 77.181818 | R56: =RANK(Q56,$Q$4:$Q$58) -> 19
A57: 54 | C57: 14 | D57: M | E57: 64 | F57: 55 | G57: 67 | H57: 59 | I57: 63 | J57: 65 | K57: 45 | L57: 72 | M57: 67 | N57: 69 | O57: 76 | P57: =SUM(E57:O57) -> 702 | Q57: =AVERAGE(E57:O57) -> 63.818182 | R57: =RANK(Q57,$Q$4:$Q$58) -> 39
A58: 55 | C58: 15 | D58: F | E58: 78 | F58: 48 | G58: 44 | H58: 57 | I58: 61 | J58: 60 | K58: 63 | L58: 58 | M58: 60 | N58: 77 | O58: 86 | P58: =SUM(E58:O58) -> 692 | Q58: =AVERAGE(E58:O58) -> 62.909091 | R58: =RANK(Q58,$Q$4:$Q$58) -> 40

Sheet 10B Sem 2
A1: Maria Rubbato Catholic School 2015 E.C Roster Grade 10B Student's
A2: Home Room Teacher Grade 10B
A3: No | B3: Student Name | C3: Age | D3: Sex | E3: Amharic | F3: English | G3: Maths | H3: physics | I3: chemistry | J3: Biology | K3: Geography | L3: History | M3: Civics | N3: ICT | O3: H.P.E | P3: Total | Q3: Average | R3: Rank | S3: Condc. | T3: Abse.
A4: 1 | C4: 14 | D4: M | E4: 72 | F4: 84 | G4: 53 | H4: 66 | I4: 70 | J4: 78 | K4: 71 | L4: 62 | M4: 84 | N4: 86 | O4: 91 | P4: =SUM(E4:O4) -> 817 | Q4: =AVERAGE(E4:O4) -> 74.272727 | R4: =RANK(Q4,$Q$4:$Q$58) -> 26
A5: 2 | C5: 16 | D5: M | E5: 71 | F5: 62 | G5: 71 | H5: 68 | I5: 69 | J5: 67 | K5: 65 | L5: 75 | M5: 75 | N5: 77 | O5: 92 | P5: =SUM(E5:O5) -> 792 | Q5: =AVERAGE(E5:O5) -> 72 | R5: =RANK(Q5,$Q$4:$Q$58) -> 29
A6: 3 | C6: 16 | D6: F | E6: 82 | F6: 87 | G6: 81 | H6: 83 | I6: 81 | J6: 94 | K6: 92 | L6: 98 | M6: 96 | N6: 94 | O6: 95 | P6: =SUM(E6:O6) -> 983 | Q6: =AVERAGE(E6:O6) -> 89.363636 | R6: =RANK(Q6,$Q$4:$Q$58) -> 5
A7: 4 | C7: 15 | D7: F | E7: 87 | F7: 77 | G7: 83 | H7: 82 | I7: 77 | J7: 92 | K7: 91 | L7: 80 | M7: 91 | N7: 92 | O7: 100 | P7: =SUM(E7:O7) -> 952 | Q7: =AVERAGE(E7:O7) -> 86.545455 | R7: =RANK(Q7,$Q$4:$Q$58) -> 9
A8: 5 | C8: 16 | D8: M | E8: 77 | F8: 58 | G8: 51 | H8: 54 | I8: 63 | J8: 82 | K8: 78 | L8: 87 | M8: 84 | N8: 90 | O8: 95 | P8: =SUM(E8:O8) -> 819 | Q8: =AVERAGE(E8:O8) -> 74.454545 | R8: =RANK(Q8,$Q$4:$Q$58) -> 25
A9: 6 | C9: 16 | D9: F | E9: 72 | F9: 50 | G9: 41 | H9: 43 | I9: 47 | J9: 43 | K9: 51 | L9: 51 | M9: 58 | N9: 73 | O9: 90 | P9: =SUM(E9:O9) -> 619 | Q9: =AVERAGE(E9:O9) -> 56.272727 | R9: =RANK(Q9,$Q$4:$Q$58) -> 50
A10: 7 | C10: 16 | D10: F | E10: 83 | F10: 77 | G10: 92 | H10: 81 | I10: 76 | J10: 87 | K10: 86 | L10: 69 | M10: 82 | N10: 83 | O10: 97 | P10: =SUM(E10:O10) -> 913 | Q10: =AVERAGE(E10:O10) -> 83 | R10: =RANK(Q10,$Q$4:$Q$58) -> 14
A11: 8 | C11: 16 | D11: M | E11: 85 | F11: 72 | G11: 83 | H11: 77 | I11: 62 | J11: 79 | K11: 83 | L11: 92 | M11: 87 | N11: 90 | O11: 90 | P11: =SUM(E11:O11) -> 900 | Q11: =AVERAGE(E11:O11) -> 81.818182 | R11: =RANK(Q11,$Q$4:$Q$58) -> 17
A12: 9 | C12: 14 | D12: M | E12: 81 | F12: 84 | G12: 47 | H12: 45 | I12: 54 | J12: 81 | K12: 87 | L12: 79 | M12: 94 | N12: 90 | O12: 91 | P12: =SUM(E12:O12) -> 833 | Q12: =AVERAGE(E12:O12) -> 75.727273 | R12: =RANK(Q12,$Q$4:$Q$58) -> 23
A13: 10 | C13: 15 | D13: F | E13: 69 | F13: 74 | G13: 34 | H13: 29 | I13: 42 | J13: 45 | K13: 55 | L13: 50 | M13: 72 | N13: 64 | O13: 80 | P13: =SUM(E13:O13) -> 614 | Q13: =AVERAGE(E13:O13) -> 55.818182 | R13: =RANK(Q13,$Q$4:$Q$58) -> 52
A14: 11 | C14: 15 | D14: F | E14: 75 | F14: 73 | G14: 42 | H14: 52 | I14: 50 | J14: 59 | K14: 66 | L14: 53 | M14: 69 | N14: 83 | O14: 78 | P14: =SUM(E14:O14) -> 700 | Q14: =AVERAGE(E14:O14) -> 63.636364 | R14: =RANK(Q14,$Q$4:$Q$58) -> 36
A15: 12 | C15: 15 | D15: F | E15: 65 | F15: 54 | G15: 41 | H15: 38 | I15: 37 | J15: 51 | K15: 46 | L15: 50 | M15: 63 | N15: 65 | O15: 86 | P15: =SUM(E15:O15) -> 596 | Q15: =AVERAGE(E15:O15) -> 54.181818 | R15: =RANK(Q15,$Q$4:$Q$58) -> 53
... A44: 41 | C44: 15 | D44: M | E44: 77 | F44: 74 | G44: 79 | H44: 72 | I44: 70 | J44: 90 | K44: 85 | L44: 86 | M44: 83 | N44: 93 | O44: 97 | P44: =SUM(E44:O44) -> 906 | Q44: =AVERAGE(E44:O44) -> 82.363636 | R44: =RANK(Q44,$Q$4:$Q$58) -> 16
A45: 42 | C45: 16 | D45: M | P45: =SUM(E45:O45) -> 0
A46: 43 | C46: 15 | D46: F | E46: 70 | F46: 76 | G46: 49 | H46: 39 | I46: 46 | J46: 65 | K46: 65 | L46: 50 | M46: 65 | N46: 70 | O46: 80 | P46: =SUM(E46:O46) -> 675 | Q46: =AVERAGE(E46:O46) -> 61.363636 | R46: =RANK(Q46,$Q$4:$Q$58) -> 40
A47: 44 | C47: 15 | D47: F | E47: 92 | F47: 88 | G47: 90 | H47: 96 | I47: 90 | J47: 100 | K47: 96 | L47: 95 | M47: 100 | N47: 100 | O47: 100 | P47: =SUM(E47:O47) -> 1047 | Q47: =AVERAGE(E47:O47) -> 95.181818 | R47: =RANK(Q47,$Q$4:$Q$58) -> 2
A48: 45 | C48: 16 | D48: F | E48: 87 | F48: 79 | G48: 72 | H48: 73 | I48: 81 | J48: 94 | K48: 92 | L48: 91 | M48: 95 | N48: 95 | O48: 94 | P48: =SUM(E48:O48) -> 953 | Q48: =AVERAGE(E48:O48) -> 86.636364 | R48: =RANK(Q48,$Q$4:$Q$58) -> 8
A49: 46 | C49: 14 | D49: M | E49: 92 | F49: 88 | G49: 77 | H49: 65 | I49: 76 | J49: 89 | K49: 94 | L49: 94 | M49: 100 | N49: 91 | O49: 96 | P49: =SUM(E49:O49) -> 962 | Q49: =AVERAGE(E49:O49) -> 87.454545 | R49: =RANK(Q49,$Q$4:$Q$58) -> 7
A50: 47 | C50: 15 | D50: M | E50: 73 | F50: 61 | G50: 71 | H50: 56 | I50: 57 | J50: 57 | K50: 61 | L50: 73 | M50: 73 | N50: 84 | O50: 86 | P50: =SUM(E50:O50) -> 752 | Q50: =AVERAGE(E50:O50) -> 68.363636 | R50: =RANK(Q50,$Q$4:$Q$58) -> 32
A51: 48 | C51: 15 | D51: F | E51: 85 | F51: 77 | G51: 72 | H51: 64 | I51: 61 | J51: 84 | K51: 79 | L51: 68 | M51: 94 | N51: 84 | O51: 85 | P51: =SUM(E51:O51) -> 853 | Q51: =AVERAGE(E51:O51) -> 77.545455 | R51: =RANK(Q51,$Q$4:$Q$58) -> 21
A52: 49 | C52: 14 | D52: F | E52: 59 | F52: 73 | G52: 36 | H52: 50 | I52: 61 | J52: 58 | K52: 60 | L52: 55 | M52: 59 | N52: 73 | O52: 82 | P52: =SUM(E52:O52) -> 666 | Q52: =AVERAGE(E52:O52) -> 60.545455 | R52: =RANK(Q52,$Q$4:$Q$58) -> 43
A53: 50 | C53: 15 | D53: F | E53: 89 | F53: 88 | G53: 67 | H53: 61 | I53: 74 | J53: 82 | K53: 69 | L53: 83 | M53: 91 | N53: 76 | O53: 91 | P53: =SUM(E53:O53) -> 871 | Q53: =AVERAGE(E53:O53) -> 79.181818 | R53: =RANK(Q53,$Q$4:$Q$58) -> 19
A54: 51 | C54: 15 | D54: F | E54: 84 | F54: 83 | G54: 59 | H54: 70 | I54: 64 | J54: 88 | K54: 91 | L54: 87 | M54: 93 | N54: 95 | O54: 98 | P54: =SUM(E54:O54) -> 912 | Q54: =AVERAGE(E54:O54) -> 82.909091 | R54: =RANK(Q54,$Q$4:$Q$58) -> 15
A55: 52 | C55: 16 | D55: M | E55: 76 | F55: 73 | G55: 69 | H55: 71 | I55: 80 | J55: 86 | K55: 80 | L55: 87 | M55: 89 | N55: 79 | O55: 91 | P55: =SUM(E55:O55) -> 881 | Q55: =AVERAGE(E55:O55) -> 80.090909 | R55: =RANK(Q55,$Q$4:$Q$58) -> 18
A56: 53 | C56: 16 | D56: M | E56: 72 | F56: 77 | G56: 75 | H56: 72 | I56: 62 | J56: 77 | K56: 79 | L56: 78 | M56: 80 | N56: 81 | O56: 85 | P56: =SUM(E56:O56) -> 838 | Q56: =AVERAGE(E56:O56) -> 76.181818 | R56: =RANK(Q56,$Q$4:$Q$58) -> 22
A57: 54 | C57: 14 | D57: M | E57: 66 | F57: 54 | G57: 50 | H57: 51 | I57: 43 | J57: 56 | K57: 59 | L57: 58 | M57: 73 | N57: 81 | O57: 80 | P57: =SUM(E57:O57) -> 671 | Q57: =AVERAGE(E57:O57) -> 61 | R57: =RANK(Q57,$Q$4:$Q$58) -> 41
A58: 55 | C58: 15 | D58: F | E58: 77 | F58: 52 | G58: 44 | H58: 43 | I58: 54 | J58: 56 | K58: 57 | L58: 58 | M58: 73 | N58: 85 | O58: 82 | P58: =SUM(E58:O58) -> 681 | Q58: =AVERAGE(E58:O58) -> 61.909091 | R58: =RANK(Q58,$Q$4:$Q$58) -> 38

Sheet 10B Sem avr
A1: Maria Rubbato Catholic School 2015 E.C Roster Grade 10B Student's
A2: Home Room Teacher Grade 10B
A3: No | B3: Student Name | C3: Age | D3: Sex | E3: Semster 1 Average | F3: Semster 2 Average | G3: Average | H3: Rank
A4: 1 | C4: 14 | D4: M | E4: ='10B Sem 1'!Q4 -> 75 | F4: ='10B Sem 2'!Q4 -> 74.272727 | G4: =AVERAGE(E4:F4) -> 74.636364 | H4: =RANK(G4,$G$4:$G$58) -> 23
A5: 2 | C5: 16 | D5: M | E5: ='10B Sem 1'!Q5 -> 69.272727 | F5: ='10B Sem 2'!Q5 -> 72 | G5: =AVERAGE(E5:F5) -> 70.636364 | H5: =RANK(G5,$G$4:$G$58) -> 29
A6: 3 | C6: 16 | D6: F | E6: ='10B Sem 1'!Q6 -> 87.272727 | F6: ='10B Sem 2'!Q6 -> 89.363636 | G6: =AVERAGE(E6:F6) -> 88.318182 | H6: =RANK(G6,$G$4:$G$58) -> 7
A7: 4 | C7: 15 | D7: F | E7: ='10B Sem 1'!Q7 -> 85.909091 | F7: ='10B Sem 2'!Q7 -> 86.545455 | G7: =AVERAGE(E7:F7) -> 86.227273 | H7: =RANK(G7,$G$4:$G$58) -> 9
A8: 5 | C8: 16 | D8: M | E8: ='10B Sem 1'!Q8 -> 73 | F8: ='10B Sem 2'!Q8 -> 74.454545 | G8: =AVERAGE(E8:F8) -> 73.727273 | H8: =RANK(G8,$G$4:$G$58) -> 26
A9: 6 | C9: 16 | D9: F | E9: ='10B Sem 1'!Q9 -> 55.909091 | F9: ='10B Sem 2'!Q9 -> 56.272727 | G9: =AVERAGE(E9:F9) -> 56.090909 | H9: =RANK(G9,$G$4:$G$58) -> 51
A10: 7 | C10: 16 | D10: F | E10: ='10B Sem 1'!Q10 -> 79.454545 | F10: ='10B Sem 2'!Q10 -> 83 | G10: =AVERAGE(E10:F10) -> 81.227273 | H10: =RANK(G10,$G$4:$G$58) -> 15
A11: 8 | C11: 16 | D11: M | E11: ='10B Sem 1'!Q11 -> 79.090909 | F11: ='10B Sem 2'!Q11 -> 81.818182 | G11: =AVERAGE(E11:F11) -> 80.454545 | H11: =RANK(G11,$G$4:$G$58) -> 16
A12: 9 | C12: 14 | D12: M | E12: ='10B Sem 1'!Q12 -> 72 | F12: ='10B Sem 2'!Q12 -> 75.727273 | G12: =AVERAGE(E12:F12) -> 73.863636 | H12: =RANK(G12,$G$4:$G$58) -> 24
A13: 10 | C13: 15 | D13: F | E13: ='10B Sem 1'!Q13 -> 57.181818 | F13: ='10B Sem 2'!Q13 -> 55.818182 | G13: =AVERAGE(E13:F13) -> 56.5 | H13: =RANK(G13,$G$4:$G$58) -> 50
A14: 11 | C14: 15 | D14: F | E14: ='10B Sem 1'!Q14 -> 62.636364 | F14: ='10B Sem 2'!Q14 -> 63.636364 | G14: =AVERAGE(E14:F14) -> 63.136364 | H14: =RANK(G14,$G$4:$G$58) -> 38
A15: 12 | C15: 15 | D15: F | E15: ='10B Sem 1'!Q15 -> 54.090909 | F15: ='10B Sem 2'!Q15 -> 54.181818 | G15: =AVERAGE(E15:F15) -> 54.136364 | H15: =RANK(G15,$G$4:$G$58) -> 53
... A58: 55 | C58: 15 | D58: F | E58: ='10B Sem 1'!Q58 -> 62.909091 | F58: ='10B Sem 2'!Q58 -> 61.909091 | G58: =AVERAGE(E58:F58) -> 62.409091 | H58: =RANK(G58,$G$4:$G$58) -> 40

Sheet Roster 11A (NS)
A1: Maria Rubbato Catholic School 2015 E.C Roster Grade 11A (Natural Science) Student's
A2: Home Room Teacher Grade 11A(Natural Science)
