Workbook

Sheet Roster 9A
A1: Maria Rubbato Catholic School 2016 E.C Roster Grade 9A Student's
A3: Home Room Teacher Grade 9A
A5: No | B5: Student Name | C5: Age | D5: Sex | E5: Semester | F5: Amharic | G5: English | H5: Maths | I5: physics | J5: chemistry | K5: Biology | L5: History | M5: Geography | N5: Citizenship | O5: ICT | P5: Economics | Q5: H.P.E | R5: Afan Oromo | S5: Total | T5: Average | U5: Rank | V5: Condc. | W5: Abse.
A6: 1 | C6: 15 | D6: M | E6: Semister 1 | F6: ='9A Sem 1'!E4 -> 77 | G6: ='9A Sem 1'!F4 -> 68 | H6: ='9A Sem 1'!G4 -> 74 | I6: ='9A Sem 1'!H4 -> 62 | J6: ='9A Sem 1'!I4 -> 75 | K6: ='9A Sem 1'!J4 -> 74 | L6: ='9A Sem 1'!K4 -> 84 | M6: ='9A Sem 1'!L4 -> 62 | ... W6: ='9A Sem 1'!V4 -> 0
C7: 15 | D7: M | E7: Semister 2 | F7: ='9A Sem 2'!E4 -> 82 | G7: ='9A Sem 2'!F4 -> 53 | H7: ='9A Sem 2'!G4 -> 71 | I7: ='9A Sem 2'!H4 -> 62 | J7: ='9A Sem 2'!I4 -> 60 | K7: ='9A Sem 2'!J4 -> 76 | L7: ='9A Sem 2'!K4 -> 67 | M7: ='9A Sem 2'!L4 -> 73 | ... W7: ='9A Sem 2'!V4 -> 0
C8: 15 | D8: M | E8: Average | F8: =AVERAGE(F6:F7) -> 79.5 | G8: =AVERAGE(G6:G7) -> 60.5 | H8: =AVERAGE(H6:H7) -> 72.5 | I8: =AVERAGE(I6:I7) -> 62 | J8: =AVERAGE(J6:J7) -> 67.5 | K8: =AVERAGE(K6:K7) -> 75 | L8: =AVERAGE(L6:L7) -> 75.5 | M8: =AVERAGE(M6:M7) -> 67.5 | ... T8: =AVERAGE(T6:T7) -> 74.192308 | U8: ='9A Sem avr'!$H$4 -> 32 | V8: =AVERAGE(V6:V7) -> 0 | W8: =AVERAGE(W6:W7) -> 0
A9: 2 | C9: 14 | D9: F | E9: Semister 1 | F9: ='9A Sem 1'!E5 -> 80 | G9: ='9A Sem 1'!F5 -> 83 | H9: ='9A Sem 1'!G5 -> 81 | I9: ='9A Sem 1'!H5 -> 67 | J9: ='9A Sem 1'!I5 -> 71 | K9: ='9A Sem 1'!J5 -> 70 | L9: ='9A Sem 1'!K5 -> 83 | M9: ='9A Sem 1'!L5 -> 65 | ... W9: ='9A Sem 1'!V5 -> 0
C10: 14 | D10: F | E10: Semister 2 | F10: ='9A Sem 2'!E5 -> 83 | G10: ='9A Sem 2'!F5 -> 79 | H10: ='9A Sem 2'!G5 -> 84 | I10: ='9A Sem 2'!H5 -> 70 | J10: ='9A Sem 2'!I5 -> 75 | K10: ='9A Sem 2'!J5 -> 87 | L10: ='9A Sem 2'!K5 -> 81 | M10: ='9A Sem 2'!L5 -> 89 | ... W10: ='9A Sem 2'!V5 -> 0
C11: 14 | D11: F | E11: Average | F11: =AVERAGE(F9:F10) -> 81.5 | G11: =AVERAGE(G9:G10) -> 81 | H11: =AVERAGE(H9:H10) -> 82.5 | I11: =AVERAGE(I9:I10) -> 68.5 | J11: =AVERAGE(J9:J10) -> 73 | K11: =AVERAGE(K9:K10) -> 78.5 | L11: =AVERAGE(L9:L10) -> 82 | M11: =AVERAGE(M9:M10) -> 77 | ... T11: =AVERAGE(T9:T10) -> 80.038462 | U11: ='9A Sem avr'!$H$5 -> 18 | V11: =AVERAGE(V9:V10) -> 0 | W11: =AVERAGE(W9:W10) -> 0
A12: 3 | C12: 15 | D12: M | E12: Semister 1 | F12: ='9A Sem 1'!E6 -> 89 | G12: ='9A Sem 1'!F6 -> 83 | H12: ='9A Sem 1'!G6 -> 80 | I12: ='9A Sem 1'!H6 -> 70 | J12: ='9A Sem 1'!I6 -> 71 | K12: ='9A Sem 1'!J6 -> 70 | L12: ='9A Sem 1'!K6 -> 77 | M12: ='9A Sem 1'!L6 -> 66 | ... W12: ='9A Sem 1'!V6 -> 0
C13: 15 | D13: M | E13: Semister 2 | F13: ='9A Sem 2'!E6 -> 85 | G13: ='9A Sem 2'!F6 -> 80 | H13: ='9A Sem 2'!G6 -> 72 | I13: ='9A Sem 2'!H6 -> 63 | J13: ='9A Sem 2'!I6 -> 72 | K13: ='9A Sem 2'!J6 -> 81 | L13: ='9A Sem 2'!K6 -> 72 | M13: ='9A Sem 2'!L6 -> 87 | ... W13: ='9A Sem 2'!V6 -> 0
C14: 15 | D14: M | E14: Average | F14: =AVERAGE(F12:F13) -> 87 | G14: =AVERAGE(G12:G13) -> 81.5 | H14: =AVERAGE(H12:H13) -> 76 | I14: =AVERAGE(I12:I13) -> 66.5 | J14: =AVERAGE(J12:J13) -> 71.5 | K14: =AVERAGE(K12:K13) -> 75.5 | L14: =AVERAGE(L12:L13) -> 74.5 | M14: =AVERAGE(M12:M13) -> 76.5 | ... T14: =AVERAGE(T12:T13) -> 79.230769 | U14: ='9A Sem avr'!$H$6 -> 19 | V14: =AVERAGE(V12:V13) -> 0 | W14: =AVERAGE(W12:W13) -> 0
A15: 4 | C15: 15 | D15: M | E15: Semister 1 | F15: ='9A Sem 1'!E7 -> 78 | G15: ='9A Sem 1'!F7 -> 72 | H15: ='9A Sem 1'!G7 -> 51 | I15: ='9A Sem 1'!H7 -> 50 | J15: ='9A Sem 1'!I7 -> 73 | K15: ='9A Sem 1'!J7 -> 53 | L15: ='9A Sem 1'!K7 -> 68 | M15: ='9A Sem 1'!L7 -> 64 | ... W15: ='9A Sem 1'!V7 -> 0
C16: 15 | D16: M | E16: Semister 2 | F16: ='9A Sem 2'!E7 -> 81 | G16: ='9A Sem 2'!F7 -> 70 | H16: ='9A Sem 2'!G7 -> 50 | I16: ='9A Sem 2'!H7 -> 42 | J16: ='9A Sem 2'!I7 -> 47 | K16: ='9A Sem 2'!J7 -> 68 | L16: ='9A Sem 2'!K7 -> 62 | M16: ='9A Sem 2'!L7 -> 73 | ... W16: ='9A Sem 2'!V7 -> 0
C17: 15 | D17: M | E17: Average | F17: =AVERAGE(F15:F16) -> 79.5 | G17: =AVERAGE(G15:G16) -> 71 | H17: =AVERAGE(H15:H16) -> 50.5 | I17: =AVERAGE(I15:I16) -> 46 | J17: =AVERAGE(J15:J16) -> 60 | K17: =AVERAGE(K15:K16) -> 60.5 | L17: =AVERAGE(L15:L16) -> 65 | M17: =AVERAGE(M15:M16) -> 68.5 | ... T17: =AVERAGE(T15:T16) -> 66.961538 | U17: ='9A Sem avr'!$H$7 -> 44 | V17: =AVERAGE(V15:V16) -> 0 | W17: =AVERAGE(W15:W16) -> 0
A18: 5 | C18: 15 | D18: F | E18: Semister 1 | F18: ='9A Sem 1'!E8 -> 72 | G18: ='9A Sem 1'!F8 -> 89 | H18: ='9A Sem 1'!G8 -> 65 | I18: ='9A Sem 1'!H8 -> 69 | J18: ='9A Sem 1'!I8 -> 73 | K18: ='9A Sem 1'!J8 -> 67 | L18: ='9A Sem 1'!K8 -> 80 | M18: ='9A Sem 1'!L8 -> 65 | ... W18: ='9A Sem 1'!V8 -> 0
C19: 15 | D19: F | E19: Semister 2 | F19: ='9A Sem 2'!E8 -> 79 | G19: ='9A Sem 2'!F8 -> 75 | H19: ='9A Sem 2'!G8 -> 77 | I19: ='9A Sem 2'!H8 -> 72 | J19: ='9A Sem 2'!I8 -> 78 | K19: ='9A Sem 2'!J8 -> 82 | L19: ='9A Sem 2'!K8 -> 71 | M19: ='9A Sem 2'!L8 -> 83 | ... W19: ='9A Sem 2'!V8 -> 0
C20: 15 | D20: F | E20: Average | F20: =AVERAGE(F18:F19) -> 75.5 | G20: =AVERAGE(G18:G19) -> 82 | H20: =AVERAGE(H18:H19) -> 71 | I20: =AVERAGE(I18:I19) -> 70.5 | J20: =AVERAGE(J18:J19) -> 75.5 | K20: =AVERAGE(K18:K19) -> 74.5 | L20: =AVERAGE(L18:L19) -> 75.5 | M20: =AVERAGE(M18:M19) -> 74 | ... T20: =AVERAGE(T18:T19) -> 77.384615 | U20: ='9A Sem avr'!$H$8 -> 22 | V20: =AVERAGE(V18:V19) -> 0 | W20: =AVERAGE(W18:W19) -> 0
A21: 6 | C21: 14 | D21: F | E21: Semister 1 | F21: ='9A Sem 1'!E9 -> 78 | G21: ='9A Sem 1'!F9 -> 71 | H21: ='9A Sem 1'!G9 -> 75 | I21: ='9A Sem 1'!H9 -> 77 | J21: ='9A Sem 1'!I9 -> 81 | K21: ='9A Sem 1'!J9 -> 75 | L21: ='9A Sem 1'!K9 -> 82 | M21: ='9A Sem 1'!L9 -> 79 | ... W21: ='9A Sem 1'!V9 -> 0
C22: 14 | D22: F | E22: Semister 2 | F22: ='9A Sem 2'!E9 -> 86 | G22: ='9A Sem 2'!F9 -> 65 | H22: ='9A Sem 2'!G9 -> 84 | I22: ='9A Sem 2'!H9 -> 76 | J22: ='9A Sem 2'!I9 -> 72 | K22: ='9A Sem 2'!J9 -> 83 | L22: ='9A Sem 2'!K9 -> 87 | M22: ='9A Sem 2'!L9 -> 81 | ... W22: ='9A Sem 2'!V9 -> 0
C23: 14 | D23: F | E23: Average | F23: =AVERAGE(F21:F22) -> 82 | G23: =AVERAGE(G21:G22) -> 68 | H23: =AVERAGE(H21:H22) -> 79.5 | I23: =AVERAGE(I21:I22) -> 76.5 | J23: =AVERAGE(J21:J22) -> 76.5 | K23: =AVERAGE(K21:K22) -> 79 | L23: =AVERAGE(L21:L22) -> 84.5 | M23: =AVERAGE(M21:M22) -> 80 | ... T23: =AVERAGE(T21:T22) -> 81.346154 | U23: ='9A Sem avr'!$H$9 -> 15 | V23: =AVERAGE(V21:V22) -> 0 | W23: =AVERAGE(W21:W22) -> 0
A24: 7 | C24: 14 | D24: F | E24: Semister 1 | F24: ='9A Sem 1'!E10 -> 65 | G24: ='9A Sem 1'!F10 -> 50 | H24: ='9A Sem 1'!G10 -> 56 | I24: ='9A Sem 1'!H10 -> 43 | J24: ='9A Sem 1'!I10 -> 48 | K24: ='9A Sem 1'!J10 -> 35 | L24: ='9A Sem 1'!K10 -> 66 | M24: ='9A Sem 1'!L10 -> 48 | ... W24: ='9A Sem 1'!V10 -> 0
C25: 14 | D25: F | E25: Semister 2 | F25: ='9A Sem 2'!E10 -> 65 | G25: ='9A Sem 2'!F10 -> 51 | H25: ='9A Sem 2'!G10 -> 51 | I25: ='9A Sem 2'!H10 -> 52 | J25: ='9A Sem 2'!I10 -> 62 | K25: ='9A Sem 2'!J10 -> 52 | L25: ='9A Sem 2'!K10 -> 40 | M25: ='9A Sem 2'!L10 -> 69 | ... W25: ='9A Sem 2'!V10 -> 0
C26: 14 | D26: F | E26: Average | F26: =AVERAGE(F24:F25) -> 65 | G26: =AVERAGE(G24:G25) -> 50.5 | H26: =AVERAGE(H24:H25) -> 53.5 | I26: =AVERAGE(I24:I25) -> 47.5 | J26: =AVERAGE(J24:J25) -> 55 | K26: =AVERAGE(K24:K25) -> 43.5 | L26: =AVERAGE(L24:L25) -> 53 | M26: =AVERAGE(M24:M25) -> 58.5 | ... T26: =AVERAGE(T24:T25) -> 57.615385 | U26: ='9A Sem avr'!$H$10 -> 52 | V26: =AVERAGE(V24:V25) -> 0 | W26: =AVERAGE(W24:W25) -> 0
A27: 8 | C27: 15 | D27: F | E27: Semister 1 | F27: ='9A Sem 1'!E11 -> 88 | G27: ='9A Sem 1'!F11 -> 86 | H27: ='9A Sem 1'!G11 -> 75 | I27: ='9A Sem 1'!H11 -> 70 | J27: ='9A Sem 1'!I11 -> 80 | K27: ='9A Sem 1'!J11 -> 78 | L27: ='9A Sem 1'!K11 -> 78 | M27: ='9A Sem 1'!L11 -> 70 | ... W27: ='9A Sem 1'!V11 -> 0
C28: 15 | D28: F | E28: Semister 2 | F28: ='9A Sem 2'!E11 -> 89 | G28: ='9A Sem 2'!F11 -> 88 | H28: ='9A Sem 2'!G11 -> 86 | I28: ='9A Sem 2'!H11 -> 68 | J28: ='9A Sem 2'!I11 -> 71 | K28: ='9A Sem 2'!J11 -> 84 | L28: ='9A Sem 2'!K11 -> 73 | M28: ='9A Sem 2'!L11 -> 88 | ... W28: ='9A Sem 2'!V11 -> 0
C29: 15 | D29: F | E29: Average | F29: =AVERAGE(F27:F28) -> 88.5 | G29: =AVERAGE(G27:G28) -> 87 | H29: =AVERAGE(H27:H28) -> 80.5 | I29: =AVERAGE(I27:I28) -> 69 | J29: =AVERAGE(J27:J28) -> 75.5 | K29: =AVERAGE(K27:K28) -> 81 | L29: =AVERAGE(L27:L28) -> 75.5 | M29: =AVERAGE(M27:M28) -> 79 | ... T29: =AVERAGE(T27:T28) -> 80.538462 | U29: ='9A Sem avr'!$H$11 -> 16 | V29: =AVERAGE(V27:V28) -> 0 | W29: =AVERAGE(W27:W28) -> 0
A30: 9 | C30: 15 | D30: M | E30: Semister 1 | F30: ='9A Sem 1'!E12 -> 76 | G30: ='9A Sem 1'!F12 -> 73 | H30: ='9A Sem 1'!G12 -> 59 | I30: ='9A Sem 1'!H12 -> 50 | J30: ='9A Sem 1'!I12 -> 63 | K30: ='9A Sem 1'!J12 -> 50 | L30: ='9A Sem 1'!K12 -> 43 | M30: ='9A Sem 1'!L12 -> 49 | ... W30: ='9A Sem 1'!V12 -> 0
C31: 15 | D31: M | E31: Semister 2 | F31: ='9A Sem 2'!E12 -> 73 | G31: ='9A Sem 2'!F12 -> 64 | H31: ='9A Sem 2'!G12 -> 45 | I31: ='9A Sem 2'!H12 -> 47 | J31: ='9A Sem 2'!I12 -> 57 | K31: ='9A Sem 2'!J12 -> 52 | L31: ='9A Sem 2'!K12 -> 43 | M31: ='9A Sem 2'!L12 -> 64 | ... W31: ='9A Sem 2'!V12 -> 0
C32: 15 | D32: M | E32: Average | F32: =AVERAGE(F30:F31) -> 74.5 | G32: =AVERAGE(G30:G31) -> 68.5 | H32: =AVERAGE(H30:H31) -> 52 | I32: =AVERAGE(I30:I31) -> 48.5 | J32: =AVERAGE(J30:J31) -> 60 | K32: =AVERAGE(K30:K31) -> 51 | L32: =AVERAGE(L30:L31) -> 43 | M32: =AVERAGE(M30:M31) -> 56.5 | ... T32: =AVERAGE(T30:T31) -> 62.384615 | U32: ='9A Sem avr'!$H$12 -> 49 | V32: =AVERAGE(V30:V31) -> 0 | W32: =AVERAGE(W30:W31) -> 0
A33: 10 | C33: 15 | D33: F | E33: Semister 1 | F33: ='9A Sem 1'!E13 -> 89 | G33: ='9A Sem 1'!F13 -> 66 | H33: ='9A Sem 1'!G13 -> 81 | I33: ='9A Sem 1'!H13 -> 56 | J33: ='9A Sem 1'!I13 -> 66 | K33: ='9A Sem 1'!J13 -> 50 | L33: ='9A Sem 1'!K13 -> 77 | M33: ='9A Sem 1'!L13 -> 61 | ... W33: ='9A Sem 1'!V13 -> 0
C34: 15 | D34: F | E34: Semister 2 | F34: ='9A Sem 2'!E13 -> 89 | G34: ='9A Sem 2'!F13 -> 69 | H34: ='9A Sem 2'!G13 -> 93 | I34: ='9A Sem 2'!H13 -> 63 | J34: ='9A Sem 2'!I13 -> 74 | K34: ='9A Sem 2'!J13 -> 58 | L34: ='9A Sem 2'!K13 -> 78 | M34: ='9A Sem 2'!L13 -> 73 | ... W34: ='9A Sem 2'!V13 -> 0
C35: 15 | D35: F | E35: Average | F35: =AVERAGE(F33:F34) -> 89 | G35: =AVERAGE(G33:G34) -> 67.5 | H35: =AVERAGE(H33:H34) -> 87 | I35: =AVERAGE(I33:I34) -> 59.5 | J35: =AVERAGE(J33:J34) -> 70 | K35: =AVERAGE(K33:K34) -> 54 | L35: =AVERAGE(L33:L34) -> 77.5 | M35: =AVERAGE(M33:M34) -> 67 | ... T35: =AVERAGE(T33:T34) -> 74.615385 | U35: ='9A Sem avr'!$H$13 -> 30 | V35: =AVERAGE(V33:V34) -> 0 | W35: =AVERAGE(W33:W34) -> 0
A36: 11 | C36: 15 | D36: M | E36: Semister 1 | F36: ='9A Sem 1'!E14 -> 78 | G36: ='9A Sem 1'!F14 -> 60 | H36: ='9A Sem 1'!G14 -> 65 | I36: ='9A Sem 1'!H14 -> 66 | J36: ='9A Sem 1'!I14 -> 56 | K36: ='9A Sem 1'!J14 -> 55 | L36: ='9A Sem 1'!K14 -> 77 | M36: ='9A Sem 1'!L14 -> 68 | ... W36: ='9A Sem 1'!V14 -> 0
C37: 15 | D37: M | E37: Semister 2 | F37: ='9A Sem 2'!E14 -> 84 | G37: ='9A Sem 2'!F14 -> 54 | H37: ='9A Sem 2'!G14 -> 69 | I37: ='9A Sem 2'!H14 -> 62 | J37: ='9A Sem 2'!I14 -> 71 | K37: ='9A Sem 2'!J14 -> 57 | L37: ='9A Sem 2'!K14 -> 71 | M37: ='9A Sem 2'!L14 -> 76 | ... W37: ='9A Sem 2'!V14 -> 0
C38: 15 | D38: M | E38: Average | F38: =AVERAGE(F36:F37) -> 81 | G38: =AVERAGE(G36:G37) -> 57 | H38: =AVERAGE(H36:H37) -> 67 | I38: =AVERAGE(I36:I37) -> 64 | J38: =AVERAGE(J36:J37) -> 63.5 | K38: =AVERAGE(K36:K37) -> 56 | L38: =AVERAGE(L36:L37) -> 74 | M38: =AVERAGE(M36:M37) -> 72 | ... T38: =AVERAGE(T36:T37) -> 70.923077 | U38: ='9A Sem avr'!$H$14 -> 40 | V38: =AVERAGE(V36:V37) -> 0 | W38: =AVERAGE(W36:W37) -> 0
A39: 12 | C39: 15 | D39: M | E39: Semister 1 | F39: ='9A Sem 1'!E15 -> 76 | G39: ='9A Sem 1'!F15 -> 61 | H39: ='9A Sem 1'!G15 -> 59 | I39: ='9A Sem 1'!H15 -> 50 | J39: ='9A Sem 1'!I15 -> 49 | K39: ='9A Sem 1'!J15 -> 40 | L39: ='9A Sem 1'!K15 -> 56 | M39: ='9A Sem 1'!L15 -> 43 | ... W39: ='9A Sem 1'!V15 -> 0
C40: 15 | D40: M | E40: Semister 2 | F40: ='9A Sem 2'!E15 -> 72 | G40: ='9A Sem 2'!F15 -> 55 | H40: ='9A Sem 2'!G15 -> 47 | I40: ='9A Sem 2'!H15 -> 37 | J40: ='9A Sem 2'!I15 -> 51 | K40: ='9A Sem 2'!J15 -> 62 | L40: ='9A Sem 2'!K15 -> 52 | M40: ='9A Sem 2'!L15 -> 70 | ... W40: ='9A Sem 2'!V15 -> 0
C41: 15 | D41: M | E41: Average | F41: =AVERAGE(F39:F40) -> 74 | G41: =AVERAGE(G39:G40) -> 58 | H41: =AVERAGE(H39:H40) -> 53 | I41: =AVERAGE(I39:I40) -> 43.5 | J41: =AVERAGE(J39:J40) -> 50 | K41: =AVERAGE(K39:K40) -> 51 | L41: =AVERAGE(L39:L40) -> 54 | M41: =AVERAGE(M39:M40) -> 56.5 | ... T41: =AVERAGE(T39:T40) -> 62.384615 | U41: ='9A Sem avr'!$H$15 -> 49 | V41: =AVERAGE(V39:V40) -> 0 | W41: =AVERAGE(W39:W40) -> 0
A42: 13 | C42: 14 | D42: F | E42: Semister 1 | F42: ='9A Sem 1'!E16 -> 81 | G42: ='9A Sem 1'!F16 -> 67 | H42: ='9A Sem 1'!G16 -> 65 | I42: ='9A Sem 1'!H16 -> 70 | J42: ='9A Sem 1'!I16 -> 71 | K42: ='9A Sem 1'!J16 -> 69 | L42: ='9A Sem 1'!K16 -> 84 | M42: ='9A Sem 1'!L16 -> 73 | ... W42: ='9A Sem 1'!V16 -> 0
C43: 14 | D43: F | E43: Semister 2 | F43: ='9A Sem 2'!E16 -> 84 | G43: ='9A Sem 2'!F16 -> 81 | H43: ='9A Sem 2'!G16 -> 67 | I43: ='9A Sem 2'!H16 -> 68 | J43: ='9A Sem 2'!I16 -> 67 | K43: ='9A Sem 2'!J16 -> 77 | L43: ='9A Sem 2'!K16 -> 79 | M43: ='9A Sem 2'!L16 -> 92 | ... W43: ='9A Sem 2'!V16 -> 0
C44: 14 | D44: F | E44: Average | F44: =AVERAGE(F42:F43) -> 82.5 | G44: =AVERAGE(G42:G43) -> 74 | H44: =AVERAGE(H42:H43) -> 66 | I44: =AVERAGE(I42:I43) -> 69 | J44: =AVERAGE(J42:J43) -> 69 | K44: =AVERAGE(K42:K43) -> 73 | L44: =AVERAGE(L42:L43) -> 81.5 | M44: =AVERAGE(M42:M43) -> 82.5 | ... T44: =AVERAGE(T42:T43) -> 77.038462 | U44: ='9A Sem avr'!$H$16 -> 23 | V44: =AVERAGE(V42:V43) -> 0 | W44: =AVERAGE(W42:W43) -> 0
A45: 14 | C45: 14 | D45: F | E45: Semister 1 | F45: ='9A Sem 1'!E17 -> 82 | G45: ='9A Sem 1'!F17 -> 74 | H45: ='9A Sem 1'!G17 -> 74 | I45: ='9A Sem 1'!H17 -> 61 | J45: ='9A Sem 1'!I17 -> 67 | K45: ='9A Sem 1'!J17 -> 56 | L45: ='9A Sem 1'!K17 -> 69 | M45: ='9A Sem 1'!L17 -> 63 | ... W45: ='9A Sem 1'!V17 -> 0
C46: 14 | D46: F | E46: Semister 2 | F46: ='9A Sem 2'!E17 -> 70 | G46: ='9A Sem 2'!F17 -> 70 | H46: ='9A Sem 2'!G17 -> 80 | I46: ='9A Sem 2'!H17 -> 64 | J46: ='9A Sem 2'!I17 -> 71 | K46: ='9A Sem 2'!J17 -> 66 | L46: ='9A Sem 2'!K17 -> 56 | M46: ='9A Sem 2'!L17 -> 81 | ... W46: ='9A Sem 2'!V17 -> 0
C47: 14 | D47: F | E47: Average | F47: =AVERAGE(F45:F46) -> 76 | G47: =AVERAGE(G45:G46) -> 72 | H47: =AVERAGE(H45:H46) -> 77 | I47: =AVERAGE(I45:I46) -> 62.5 | J47: =AVERAGE(J45:J46) -> 69 | K47: =AVERAGE(K45:K46) -> 61 | L47: =AVERAGE(L45:L46) -> 62.5 | M47: =AVERAGE(M45:M46) -> 72 | ... T47: =AVERAGE(T45:T46) -> 72.346154 | U47: ='9A Sem avr'!$H$17 -> 36 | V47: =AVERAGE(V45:V46) -> 0 | W47: =AVERAGE(W45:W46) -> 0
A48: 15 | C48: 15 | D48: F | E48: Semister 1 | F48: ='9A Sem 1'!E18 -> 87 | G48: ='9A Sem 1'!F18 -> 80 | H48: ='9A Sem 1'!G18 -> 86 | I48: ='9A Sem 1'!H18 -> 82 | J48: ='9A Sem 1'!I18 -> 80 | K48: ='9A Sem 1'!J18 -> 84 | L48: ='9A Sem 1'!K18 -> 82 | M48: ='9A Sem 1'!L18 -> 77 | ... W48: ='9A Sem 1'!V18 -> 0
C49: 15 | D49: F | E49: Semister 2 | F49: ='9A Sem 2'!E18 -> 88 | G49: ='9A Sem 2'!F18 -> 78 | H49: ='9A Sem 2'!G18 -> 81 | I49: ='9A Sem 2'!H18 -> 74 | J49: ='9A Sem 2'!I18 -> 82 | K49: ='9A Sem 2'!J18 -> 77 | L49: ='9A Sem 2'!K18 -> 68 | M49: ='9A Sem 2'!L18 -> 88 | ... W49: ='9A Sem 2'!V18 -> 0
C50: 15 | D50: F | E50: Average | F50: =AVERAGE(F48:F49) -> 87.5 | G50: =AVERAGE(G48:G49) -> 79 | H50: =AVERAGE(H48:H49) -> 83.5 | I50: =AVERAGE(I48:I49) -> 78 | J50: =AVERAGE(J48:J49) -> 81 | K50: =AVERAGE(K48:K49) -> 80.5 | L50: =AVERAGE(L48:L49) -> 75 | M50: =AVERAGE(M48:M49) -> 82.5 | ... T50: =AVERAGE(T48:T49) -> 81.384615 | U50: ='9A Sem avr'!$H$18 -> 14 | V50: =AVERAGE(V48:V49) -> 0 | W50: =AVERAGE(W48:W49) -> 0
A51: 16 | C51: 14 | D51: M | E51: Semister 1 | F51: ='9A Sem 1'!E19 -> 78 | G51: ='9A Sem 1'!F19 -> 85 | H51: ='9A Sem 1'!G19 -> 54 | I51: ='9A Sem 1'!H19 -> 66 | J51: ='9A Sem 1'!I19 -> 58 | K51: ='9A Sem 1'!J19 -> 65 | L51: ='9A Sem 1'!K19 -> 79 | M51: ='9A Sem 1'!L19 -> 63 | ... W51: ='9A Sem 1'!V19 -> 0
C52: 14 | D52: M | E52: Semister 2 | F52: ='9A Sem 2'!E19 -> 81 | G52: ='9A Sem 2'!F19 -> 88 | H52: ='9A Sem 2'!G19 -> 67 | I52: ='9A Sem 2'!H19 -> 55 | J52: ='9A Sem 2'!I19 -> 67 | K52: ='9A Sem 2'!J19 -> 86 | L52: ='9A Sem 2'!K19 -> 88 | M52: ='9A Sem 2'!L19 -> 83 | ... W52: ='9A Sem 2'!V19 -> 0
C53: 14 | D53: M | E53: Average | F53: =AVERAGE(F51:F52) -> 79.5 | G53: =AVERAGE(G51:G52) -> 86.5 | H53: =AVERAGE(H51:H52) -> 60.5 | I53: =AVERAGE(I51:I52) -> 60.5 | J53: =AVERAGE(J51:J52) -> 62.5 | K53: =AVERAGE(K51:K52) -> 75.5 | L53: =AVERAGE(L51:L52) -> 83.5 | M53: =AVERAGE(M51:M52) -> 73 | ... T53: =AVERAGE(T51:T52) -> 75.807692 | U53: ='9A Sem avr'!$H$19 -> 26 | V53: =AVERAGE(V51:V52) -> 0 | W53: =AVERAGE(W51:W52) -> 0
A54: 17 | C54: 14 | D54: M | E54: Semister 1 | F54: ='9A Sem 1'!E20 -> 62 | G54: ='9A Sem 1'!F20 -> 45 | H54: ='9A Sem 1'!G20 -> 47 | I54: ='9A Sem 1'!H20 -> 45 | J54: ='9A Sem 1'!I20 -> 50 | K54: ='9A Sem 1'!J20 -> 43 | L54: ='9A Sem 1'!K20 -> 52 | M54: ='9A Sem 1'!L20 -> 43 | ... W54: ='9A Sem 1'!V20 -> 0
C55: 14 | D55: M | E55: Semister 2 | F55: ='9A Sem 2'!E20 -> 52 | G55: ='9A Sem 2'!F20 -> 46 | H55: ='9A Sem 2'!G20 -> 45 | I55: ='9A Sem 2'!H20 -> 32 | J55: ='9A Sem 2'!I20 -> 39 | K55: ='9A Sem 2'!J20 -> 41 | L55: ='9A Sem 2'!K20 -> 35 | M55: ='9A Sem 2'!L20 -> 52 | ... W55: ='9A Sem 2'!V20 -> 0
C56: 14 | D56: M | E56: Average | F56: =AVERAGE(F54:F55) -> 57 | G56: =AVERAGE(G54:G55) -> 45.5 | H56: =AVERAGE(H54:H55) -> 46 | I56: =AVERAGE(I54:I55) -> 38.5 | J56: =AVERAGE(J54:J55) -> 44.5 | K56: =AVERAGE(K54:K55) -> 42 | L56: =AVERAGE(L54:L55) -> 43.5 | M56: =AVERAGE(M54:M55) -> 47.5 | ... T56: =AVERAGE(T54:T55) -> 49.961538 | U56: ='9A Sem avr'!$H$20 -> 54 | V56: =AVERAGE(V54:V55) -> 0 | W56: =AVERAGE(W54:W55) -> 0
A57: 18 | C57: 15 | D57: M | E57: Semister 1 | F57: ='9A Sem 1'!E21 -> 68 | G57: ='9A Sem 1'!F21 -> 65 | H57: ='9A Sem 1'!G21 -> 68 | I57: ='9A Sem 1'!H21 -> 51 | J57: ='9A Sem 1'!I21 -> 56 | K57: ='9A Sem 1'!J21 -> 54 | L57: ='9A Sem 1'!K21 -> 56 | M57: ='9A Sem 1'!L21 -> 48 | ... W57: ='9A Sem 1'!V21 -> 0
C58: 15 | D58: M | E58: Semister 2 | F58: ='9A Sem 2'!E21 -> 74 | G58: ='9A Sem 2'!F21 -> 65 | H58: ='9A Sem 2'!G21 -> 63 | I58: ='9A Sem 2'!H21 -> 46 | J58: ='9A Sem 2'!I21 -> 49 | K58: ='9A Sem 2'!J21 -> 59 | L58: ='9A Sem 2'!K21 -> 60 | M58: ='9A Sem 2'!L21 -> 67 | ... W58: ='9A Sem 2'!V21 -> 0
C59: 15 | D59: M | E59: Average | F59: =AVERAGE(F57:F58) -> 71 | G59: =AVERAGE(G57:G58) -> 65 | H59: =AVERAGE(H57:H58) -> 65.5 | I59: =AVERAGE(I57:I58) -> 48.5 | J59: =AVERAGE(J57:J58) -> 52.5 | K59: =AVERAGE(K57:K58) -> 56.5 | L59: =AVERAGE(L57:L58) -> 58 | M59: =AVERAGE(M57:M58) -> 57.5 | ... T59: =AVERAGE(T57:T58) -> 63.076923 | U59: ='9A Sem avr'!$H$21 -> 48 | V59: =AVERAGE(V57:V58) -> 0 | W59: =AVERAGE(W57:W58) -> 0
A60: 19 | C60: 14 | D60: M | E60: Semister 1 | F60: ='9A Sem 1'!E22 -> 77 | G60: ='9A Sem 1'!F22 -> 95 | H60: ='9A Sem 1'!G22 -> 83 | I60: ='9A Sem 1'!H22 -> 83 | J60: ='9A Sem 1'!I22 -> 86 | K60: ='9A Sem 1'!J22 -> 92 | L60: ='9A Sem 1'!K22 -> 84 | M60: ='9A Sem 1'!L22 -> 78 | ... W60: ='9A Sem 1'!V22 -> 0
C61: 14 | D61: M | E61: Semister 2 | F61: ='9A Sem 2'!E22 -> 79 | G61: ='9A Sem 2'!F22 -> 90 | H61: ='9A Sem 2'!G22 -> 88 | I61: ='9A Sem 2'!H22 -> 86 | J61: ='9A Sem 2'!I22 -> 84 | K61: ='9A Sem 2'!J22 -> 96 | L61: ='9A Sem 2'!K22 -> 95 | M61: ='9A Sem 2'!L22 -> 95 | ... W61: ='9A Sem 2'!V22 -> 0
C62: 14 | D62: M | E62: Average | F62: =AVERAGE(F60:F61) -> 78 | G62: =AVERAGE(G60:G61) -> 92.5 | H62: =AVERAGE(H60:H61) -> 85.5 | I62: =AVERAGE(I60:I61) -> 84.5 | J62: =AVERAGE(J60:J61) -> 85 | K62: =AVERAGE(K60:K61) -> 94 | L62: =AVERAGE(L60:L61) -> 89.5 | M62: =AVERAGE(M60:M61) -> 86.5 | ... T62: =AVERAGE(T60:T61) -> 88.307692 | U62: ='9A Sem avr'!$H$22 -> 4 | V62: =AVERAGE(V60:V61) -> 0 | W62: =AVERAGE(W60:W61) -> 0
A63: 20 | C63: 15 | D63: M | E63: Semister 1 | F63: ='9A Sem 1'!E23 -> 86 | G63: ='9A Sem 1'!F23 -> 68 | H63: ='9A Sem 1'!G23 -> 57 | I63: ='9A Sem 1'!H23 -> 74 | J63: ='9A Sem 1'!I23 -> 65 | K63: ='9A Sem 1'!J23 -> 61 | L63: ='9A Sem 1'!K23 -> 81 | M63: ='9A Sem 1'!L23 -> 65 | ... W63: ='9A Sem 1'!V23 -> 0
C64: 15 | D64: M | E64: Semister 2 | F64: ='9A Sem 2'!E23 -> 83 | G64: ='9A Sem 2'!F23 -> 67 | H64: ='9A Sem 2'!G23 -> 67 | I64: ='9A Sem 2'!H23 -> 55 | J64: ='9A Sem 2'!I23 -> 59 | K64: ='9A Sem 2'!J23 -> 67 | L64: ='9A Sem 2'!K23 -> 64 | M64: ='9A Sem 2'!L23 -> 83 | ... W64: ='9A Sem 2'!V23 -> 0
C65: 15 | D65: M | E65: Average | F65: =AVERAGE(F63:F64) -> 84.5 | G65: =AVERAGE(G63:G64) -> 67.5 | H65: =AVERAGE(H63:H64) -> 62 | I65: =AVERAGE(I63:I64) -> 64.5 | J65: =AVERAGE(J63:J64) -> 62 | K65: =AVERAGE(K63:K64) -> 64 | L65: =AVERAGE(L63:L64) -> 72.5 | M65: =AVERAGE(M63:M64) -> 74 | ... T65: =AVERAGE(T63:T64) -> 71.846154 | U65: ='9A Sem avr'!$H$23 -> 37 | V65: =AVERAGE(V63:V64) -> 0 | W65: =AVERAGE(W63:W64) -> 0
A66: 21 | C66: 14 | D66: F | E66: Semister 1 | F66: ='9A Sem 1'!E24 -> 91 | G66: ='9A Sem 1'!F24 -> 86 | H66: ='9A Sem 1'!G24 -> 87 | I66: ='9A Sem 1'!H24 -> 84 | J66: ='9A Sem 1'!I24 -> 83 | K66: ='9A Sem 1'!J24 -> 83 | L66: ='9A Sem 1'!K24 -> 78 | M66: ='9A Sem 1'!L24 -> 87 | ... W66: ='9A Sem 1'!V24 -> 0
C67: 14 | D67: F | E67: Semister 2 | F67: ='9A Sem 2'!E24 -> 92 | G67: ='9A Sem 2'!F24 -> 89 | H67: ='9A Sem 2'!G24 -> 95 | I67: ='9A Sem 2'!H24 -> 90 | J67: ='9A Sem 2'!I24 -> 87 | K67: ='9A Sem 2'!J24 -> 94 | L67: ='9A Sem 2'!K24 -> 92 | M67: ='9A Sem 2'!L24 -> 99 | ... W67: ='9A Sem 2'!V24 -> 0
C68: 14 | D68: F | E68: Average | F68: =AVERAGE(F66:F67) -> 91.5 | G68: =AVERAGE(G66:G67) -> 87.5 | H68: =AVERAGE(H66:H67) -> 91 | I68: =AVERAGE(I66:I67) -> 87 | J68: =AVERAGE(J66:J67) -> 85 | K68: =AVERAGE(K66:K67) -> 88.5 | L68: =AVERAGE(L66:L67) -> 85 | M68: =AVERAGE(M66:M67) -> 93 | ... T68: =AVERAGE(T66:T67) -> 90.961538 | U68: ='9A Sem avr'!$H$24 -> 3 | V68: =AVERAGE(V66:V67) -> 0 | W68: =AVERAGE(W66:W67) -> 0
A69: 22 | C69: 14 | D69: M | E69: Semister 1 | F69: ='9A Sem 1'!E25 -> 73 | G69: ='9A Sem 1'!F25 -> 84 | H69: ='9A Sem 1'!G25 -> 82 | I69: ='9A Sem 1'!H25 -> 57 | J69: ='9A Sem 1'!I25 -> 72 | K69: ='9A Sem 1'!J25 -> 59 | L69: ='9A Sem 1'!K25 -> 66 | M69: ='9A Sem 1'!L25 -> 53 | ... W69: ='9A Sem 1'!V25 -> 0
C70: 14 | D70: M | E70: Semister 2 | F70: ='9A Sem 2'!E25 -> 68 | G70: ='9A Sem 2'!F25 -> 81 | H70: ='9A Sem 2'!G25 -> 92 | I70: ='9A Sem 2'!H25 -> 61 | J70: ='9A Sem 2'!I25 -> 78 | K70: ='9A Sem 2'!J25 -> 59 | L70: ='9A Sem 2'!K25 -> 52 | M70: ='9A Sem 2'!L25 -> 79 | ... W70: ='9A Sem 2'!V25 -> 0
C71: 14 | D71: M | E71: Average | F71: =AVERAGE(F69:F70) -> 70.5 | G71: =AVERAGE(G69:G70) -> 82.5 | H71: =AVERAGE(H69:H70) -> 87 | I71: =AVERAGE(I69:I70) -> 59 | J71: =AVERAGE(J69:J70) -> 75 | K71: =AVERAGE(K69:K70) -> 59 | L71: =AVERAGE(L69:L70) -> 59 | M71: =AVERAGE(M69:M70) -> 66 | ... T71: =AVERAGE(T69:T70) -> 71.307692 | U71: ='9A Sem avr'!$H$25 -> 39 | V71: =AVERAGE(V69:V70) -> 0 | W71: =AVERAGE(W69:W70) -> 0
A72: 23 | C72: 14 | D72: M | E72: Semister 1 | F72: ='9A Sem 1'!E26 -> 59 | G72: ='9A Sem 1'!F26 -> 53 | H72: ='9A Sem 1'!G26 -> 62 | I72: ='9A Sem 1'!H26 -> 53 | J72: ='9A Sem 1'!I26 -> 59 | K72: ='9A Sem 1'!J26 -> 46 | L72: ='9A Sem 1'!K26 -> 66 | M72: ='9A Sem 1'!L26 -> 50 | ... W72: ='9A Sem 1'!V26 -> 0
C73: 14 | D73: M | E73: Semister 2 | F73: ='9A Sem 2'!E26 -> 60 | G73: ='9A Sem 2'!F26 -> 58 | H73: ='9A Sem 2'!G26 -> 58 | I73: ='9A Sem 2'!H26 -> 52 | J73: ='9A Sem 2'!I26 -> 53 | K73: ='9A Sem 2'!J26 -> 77 | L73: ='9A Sem 2'!K26 -> 67 | M73: ='9A Sem 2'!L26 -> 68 | ... W73: ='9A Sem 2'!V26 -> 0
C74: 14 | D74: M | E74: Average | F74: =AVERAGE(F72:F73) -> 59.5 | G74: =AVERAGE(G72:G73) -> 55.5 | H74: =AVERAGE(H72:H73) -> 60 | I74: =AVERAGE(I72:I73) -> 52.5 | J74: =AVERAGE(J72:J73) -> 56 | K74: =AVERAGE(K72:K73) -> 61.5 | L74: =AVERAGE(L72:L73) -> 66.5 | M74: =AVERAGE(M72:M73) -> 59 | ... T74: =AVERAGE(T72:T73) -> 63.461538 | U74: ='9A Sem avr'!$H$26 -> 47 | V74: =AVERAGE(V72:V73) -> 0 | W74: =AVERAGE(W72:W73) -> 0
A75: 24 | C75: 16 | D75: M | E75: Semister 1 | F75: ='9A Sem 1'!E27 -> 81 | G75: ='9A Sem 1'!F27 -> 68 | H75: ='9A Sem 1'!G27 -> 55 | I75: ='9A Sem 1'!H27 -> 43 | J75: ='9A Sem 1'!I27 -> 53 | K75: ='9A Sem 1'!J27 -> 53 | L75: ='9A Sem 1'!K27 -> 58 | M75: ='9A Sem 1'!L27 -> 49 | ... W75: ='9A Sem 1'!V27 -> 0
C76: 16 | D76: M | E76: Semister 2 | F76: ='9A Sem 2'!E27 -> 79 | G76: ='9A Sem 2'!F27 -> 63 | H76: ='9A Sem 2'!G27 -> 52 | I76: ='9A Sem 2'!H27 -> 57 | J76: ='9A Sem 2'!I27 -> 52 | K76: ='9A Sem 2'!J27 -> 61 | L76: ='9A Sem 2'!K27 -> 65 | M76: ='9A Sem 2'!L27 -> 71 | ... W76: ='9A Sem 2'!V27 -> 0
C77: 16 | D77: M | E77: Average | F77: =AVERAGE(F75:F76) -> 80 | G77: =AVERAGE(G75:G76) -> 65.5 | H77: =AVERAGE(H75:H76) -> 53.5 | I77: =AVERAGE(I75:I76) -> 50 | J77: =AVERAGE(J75:J76) -> 52.5 | K77: =AVERAGE(K75:K76) -> 57 | L77: =AVERAGE(L75:L76) -> 61.5 | M77: =AVERAGE(M75:M76) -> 60 | ... T77: =AVERAGE(T75:T76) -> 63.730769 | U77: ='9A Sem avr'!$H$27 -> 46 | V77: =AVERAGE(V75:V76) -> 0 | W77: =AVERAGE(W75:W76) -> 0
A78: 25 | C78: 15 | D78: F | E78: Semister 1 | F78: ='9A Sem 1'!E28 -> 78 | G78: ='9A Sem 1'!F28 -> 71 | H78: ='9A Sem 1'!G28 -> 51 | I78: ='9A Sem 1'!H28 -> 65 | J78: ='9A Sem 1'!I28 -> 68 | K78: ='9A Sem 1'!J28 -> 68 | L78: ='9A Sem 1'!K28 -> 78 | M78: ='9A Sem 1'!L28 -> 70 | ... W78: ='9A Sem 1'!V28 -> 0
C79: 15 | D79: F | E79: Semister 2 | F79: ='9A Sem 2'!E28 -> 77 | G79: ='9A Sem 2'!F28 -> 71 | H79: ='9A Sem 2'!G28 -> 75 | I79: ='9A Sem 2'!H28 -> 65 | J79: ='9A Sem 2'!I28 -> 71 | K79: ='9A Sem 2'!J28 -> 79 | L79: ='9A Sem 2'!K28 -> 69 | M79: ='9A Sem 2'!L28 -> 80 | ... W79: ='9A Sem 2'!V28 -> 0
C80: 15 | D80: F | E80: Average | F80: =AVERAGE(F78:F79) -> 77.5 | G80: =AVERAGE(G78:G79) -> 71 | H80: =AVERAGE(H78:H79) -> 63 | I80: =AVERAGE(I78:I79) -> 65 | J80: =AVERAGE(J78:J79) -> 69.5 | K80: =AVERAGE(K78:K79) -> 73.5 | L80: =AVERAGE(L78:L79) -> 73.5 | M80: =AVERAGE(M78:M79) -> 75 | ... T80: =AVERAGE(T78:T79) -> 74.461538 | U80: ='9A Sem avr'!$H$28 -> 31 | V80: =AVERAGE(V78:V79) -> 0 | W80: =AVERAGE(W78:W79) -> 0
A81: 26 | C81: 14 | D81: F | E81: Semister 1 | F81: ='9A Sem 1'!E29 -> 85 | G81: ='9A Sem 1'!F29 -> 82 | H81: ='9A Sem 1'!G29 -> 79 | I81: ='9A Sem 1'!H29 -> 82 | J81: ='9A Sem 1'!I29 -> 79 | K81: ='9A Sem 1'!J29 -> 82 | L81: ='9A Sem 1'!K29 -> 81 | M81: ='9A Sem 1'!L29 -> 71 | ... W81: ='9A Sem 1'!V29 -> 0
C82: 14 | D82: F | E82: Semister 2 | F82: ='9A Sem 2'!E29 -> 91 | G82: ='9A Sem 2'!F29 -> 82 | H82: ='9A Sem 2'!G29 -> 88 | I82: ='9A Sem 2'!H29 -> 78 | J82: ='9A Sem 2'!I29 -> 90 | K82: ='9A Sem 2'!J29 -> 90 | L82: ='9A Sem 2'!K29 -> 66 | M82: ='9A Sem 2'!L29 -> 88 | ... W82: ='9A Sem 2'!V29 -> 0
C83: 14 | D83: F | E83: Average | F83: =AVERAGE(F81:F82) -> 88 | G83: =AVERAGE(G81:G82) -> 82 | H83: =AVERAGE(H81:H82) -> 83.5 | I83: =AVERAGE(I81:I82) -> 80 | J83: =AVERAGE(J81:J82) -> 84.5 | K83: =AVERAGE(K81:K82) -> 86 | L83: =AVERAGE(L81:L82) -> 73.5 | M83: =AVERAGE(M81:M82) -> 79.5 | ... T83: =AVERAGE(T81:T82) -> 83.076923 | U83: ='9A Sem avr'!$H$29 -> 9 | V83: =AVERAGE(V81:V82) -> 0 | W83: =AVERAGE(W81:W82) -> 0
A84: 27 | C84: 15 | D84: F | E84: Semister 1 | F84: ='9A Sem 1'!E30 -> 79 | G84: ='9A Sem 1'!F30 -> 62 | H84: ='9A Sem 1'!G30 -> 57 | I84: ='9A Sem 1'!H30 -> 65 | J84: ='9A Sem 1'!I30 -> 57 | K84: ='9A Sem 1'!J30 -> 50 | L84: ='9A Sem 1'!K30 -> 79 | M84: ='9A Sem 1'!L30 -> 55 | ... W84: ='9A Sem 1'!V30 -> 0
C85: 15 | D85: F | E85: Semister 2 | F85: ='9A Sem 2'!E30 -> 75 | G85: ='9A Sem 2'!F30 -> 48 | H85: ='9A Sem 2'!G30 -> 72 | I85: ='9A Sem 2'!H30 -> 68 | J85: ='9A Sem 2'!I30 -> 60 | K85: ='9A Sem 2'!J30 -> 58 | L85: ='9A Sem 2'!K30 -> 63 | M85: ='9A Sem 2'!L30 -> 68 | ... W85: ='9A Sem 2'!V30 -> 0
C86: 15 | D86: F | E86: Average | F86: =AVERAGE(F84:F85) -> 77 | G86: =AVERAGE(G84:G85) -> 55 | H86: =AVERAGE(H84:H85) -> 64.5 | I86: =AVERAGE(I84:I85) -> 66.5 | J86: =AVERAGE(J84:J85) -> 58.5 | K86: =AVERAGE(K84:K85) -> 54 | L86: =AVERAGE(L84:L85) -> 71 | M86: =AVERAGE(M84:M85) -> 61.5 | ... T86: =AVERAGE(T84:T85) -> 66.346154 | U86: ='9A Sem avr'!$H$30 -> 45 | V86: =AVERAGE(V84:V85) -> 0 | W86: =AVERAGE(W84:W85) -> 0
A87: 28 | C87: 14 | D87: M | E87: Semister 1 | F87: ='9A Sem 1'!E31 -> 93 | G87: ='9A Sem 1'!F31 -> 89 | H87: ='9A Sem 1'!G31 -> 85 | I87: ='9A Sem 1'!H31 -> 80 | J87: ='9A Sem 1'!I31 -> 85 | K87: ='9A Sem 1'!J31 -> 91 | L87: ='9A Sem 1'!K31 -> 93 | M87: ='9A Sem 1'!L31 -> 91 | ... W87: ='9A Sem 1'!V31 -> 0
C88: 14 | D88: M | E88: Semister 2 | F88: ='9A Sem 2'!E31 -> 96 | G88: ='9A Sem 2'!F31 -> 86 | H88: ='9A Sem 2'!G31 -> 94 | I88: ='9A Sem 2'!H31 -> 88 | J88: ='9A Sem 2'!I31 -> 88 | K88: ='9A Sem 2'!J31 -> 98 | L88: ='9A Sem 2'!K31 -> 99 | M88: ='9A Sem 2'!L31 -> 100 | ... W88: ='9A Sem 2'!V31 -> 0
C89: 14 | D89: M | E89: Average | F89: =AVERAGE(F87:F88) -> 94.5 | G89: =AVERAGE(G87:G88) -> 87.5 | H89: =AVERAGE(H87:H88) -> 89.5 | I89: =AVERAGE(I87:I88) -> 84 | J89: =AVERAGE(J87:J88) -> 86.5 | K89: =AVERAGE(K87:K88) -> 94.5 | L89: =AVERAGE(L87:L88) -> 96 | M89: =AVERAGE(M87:M88) -> 95.5 | ... T89: =AVERAGE(T87:T88) -> 92.384615 | U89: ='9A Sem avr'!$H$31 -> 2 | V89: =AVERAGE(V87:V88) -> 0 | W89: =AVERAGE(W87:W88) -> 0
A90: 29 | C90: 15 | D90: F | E90: Semister 1 | F90: ='9A Sem 1'!E32 -> 91 | G90: ='9A Sem 1'!F32 -> 64 | H90: ='9A Sem 1'!G32 -> 55 | I90: ='9A Sem 1'!H32 -> 70 | J90: ='9A Sem 1'!I32 -> 63 | K90: ='9A Sem 1'!J32 -> 58 | L90: ='9A Sem 1'!K32 -> 80 | M90: ='9A Sem 1'!L32 -> 72 | ... W90: ='9A Sem 1'!V32 -> 0
C91: 15 | D91: F | E91: Semister 2 | F91: ='9A Sem 2'!E32 -> 79 | G91: ='9A Sem 2'!F32 -> 61 | H91: ='9A Sem 2'!G32 -> 70 | I91: ='9A Sem 2'!H32 -> 70 | J91: ='9A Sem 2'!I32 -> 68 | K91: ='9A Sem 2'!J32 -> 78 | L91: ='9A Sem 2'!K32 -> 82 | M91: ='9A Sem 2'!L32 -> 82 | ... W91: ='9A Sem 2'!V32 -> 0
C92: 15 | D92: F | E92: Average | F92: =AVERAGE(F90:F91) -> 85 | G92: =AVERAGE(G90:G91) -> 62.5 | H92: =AVERAGE(H90:H91) -> 62.5 | I92: =AVERAGE(I90:I91) -> 70 | J92: =AVERAGE(J90:J91) -> 65.5 | K92: =AVERAGE(K90:K91) -> 68 | L92: =AVERAGE(L90:L91) -> 81 | M92: =AVERAGE(M90:M91) -> 77 | ... T92: =AVERAGE(T90:T91) -> 75.307692 | U92: ='9A Sem avr'!$H$32 -> 28 | V92: =AVERAGE(V90:V91) -> 0 | W92: =AVERAGE(W90:W91) -> 0
A93: 30 | C93: 14 | D93: F | E93: Semister 1 | F93: ='9A Sem 1'!E33 -> 85 | G93: ='9A Sem 1'!F33 -> 76 | H93: ='9A Sem 1'!G33 -> 58 | I93: ='9A Sem 1'!H33 -> 70 | J93: ='9A Sem 1'!I33 -> 70 | K93: ='9A Sem 1'!J33 -> 68 | L93: ='9A Sem 1'!K33 -> 75 | M93: ='9A Sem 1'!L33 -> 57 | ... W93: ='9A Sem 1'!V33 -> 0
C94: 14 | D94: F | E94: Semister 2 | F94: ='9A Sem 2'!E33 -> 86 | G94: ='9A Sem 2'!F33 -> 70 | H94: ='9A Sem 2'!G33 -> 72 | I94: ='9A Sem 2'!H33 -> 69 | J94: ='9A Sem 2'!I33 -> 67 | K94: ='9A Sem 2'!J33 -> 81 | L94: ='9A Sem 2'!K33 -> 80 | M94: ='9A Sem 2'!L33 -> 88 | ... W94: ='9A Sem 2'!V33 -> 0
C95: 14 | D95: F | E95: Average | F95: =AVERAGE(F93:F94) -> 85.5 | G95: =AVERAGE(G93:G94) -> 73 | H95: =AVERAGE(H93:H94) -> 65 | I95: =AVERAGE(I93:I94) -> 69.5 | J95: =AVERAGE(J93:J94) -> 68.5 | K95: =AVERAGE(K93:K94) -> 74.5 | L95: =AVERAGE(L93:L94) -> 77.5 | M95: =AVERAGE(M93:M94) -> 72.5 | ... T95: =AVERAGE(T93:T94) -> 76.346154 | U95: ='9A Sem avr'!$H$33 -> 25 | V95: =AVERAGE(V93:V94) -> 0 | W95: =AVERAGE(W93:W94) -> 0
A96: 31 | C96: 16 | D96: F | E96: Semister 1 | F96: ='9A Sem 1'!E34 -> 80 | G96: ='9A Sem 1'!F34 -> 59 | H96: ='9A Sem 1'!G34 -> 51 | I96: ='9A Sem 1'!H34 -> 66 | J96: ='9A Sem 1'!I34 -> 74 | K96: ='9A Sem 1'!J34 -> 74 | L96: ='9A Sem 1'!K34 -> 77 | M96: ='9A Sem 1'!L34 -> 73 | ... W96: ='9A Sem 1'!V34 -> 0
C97: 16 | D97: F | E97: Semister 2 | F97: ='9A Sem 2'!E34 -> 0 | G97: ='9A Sem 2'!F34 -> 0 | H97: ='9A Sem 2'!G34 -> 0 | I97: ='9A Sem 2'!H34 -> 0 | J97: ='9A Sem 2'!I34 -> 0 | K97: ='9A Sem 2'!J34 -> 0 | L97: ='9A Sem 2'!K34 -> 0 | M97: ='9A Sem 2'!L34 -> 0 | ... W97: ='9A Sem 2'!V34 -> 0
C98: 16 | D98: F | E98: Average | F98: =AVERAGE(F96:F97) -> 40 | G98: =AVERAGE(G96:G97) -> 29.5 | H98: =AVERAGE(H96:H97) -> 25.5 | I98: =AVERAGE(I96:I97) -> 33 | J98: =AVERAGE(J96:J97) -> 37 | K98: =AVERAGE(K96:K97) -> 37 | L98: =AVERAGE(L96:L97) -> 38.5 | M98: =AVERAGE(M96:M97) -> 36.5 | ... T98: =AVERAGE(T96:T97) -> 37.769231 | U98: ='9A Sem avr'!$H$34 -> 55 | V98: =AVERAGE(V96:V97) -> 0 | W98: =AVERAGE(W96:W97) -> 0
A99: 32 | C99: 15 | D99: M | E99: Semister 1 | F99: ='9A Sem 1'!E35 -> 78 | G99: ='9A Sem 1'!F35 -> 67 | H99: ='9A Sem 1'!G35 -> 43 | I99: ='9A Sem 1'!H35 -> 41 | J99: ='9A Sem 1'!I35 -> 43 | K99: ='9A Sem 1'!J35 -> 50 | L99: ='9A Sem 1'!K35 -> 54 | M99: ='9A Sem 1'!L35 -> 52 | ... W99: ='9A Sem 1'!V35 -> 0
C100: 15 | D100: M | E100: Semister 2 | F100: ='9A Sem 2'!E35 -> 68 | G100: ='9A Sem 2'!F35 -> 60 | H100: ='9A Sem 2'!G35 -> 41 | I100: ='9A Sem 2'!H35 -> 46 | J100: ='9A Sem 2'!I35 -> 41 | K100: ='9A Sem 2'!J35 -> 57 | L100: ='9A Sem 2'!K35 -> 41 | M100: ='9A Sem 2'!L35 -> 58 | ... W100: ='9A Sem 2'!V35 -> 0
C101: 15 | D101: M | E101: Average | F101: =AVERAGE(F99:F100) -> 73 | G101: =AVERAGE(G99:G100) -> 63.5 | H101: =AVERAGE(H99:H100) -> 42 | I101: =AVERAGE(I99:I100) -> 43.5 | J101: =AVERAGE(J99:J100) -> 42 | K101: =AVERAGE(K99:K100) -> 53.5 | L101: =AVERAGE(L99:L100) -> 47.5 | M101: =AVERAGE(M99:M100) -> 55 | ... T101: =AVERAGE(T99:T100) -> 58 | U101: ='9A Sem avr'!$H$35 -> 51 | V101: =AVERAGE(V99:V100) -> 0 | W101: =AVERAGE(W99:W100) -> 0
A102: 33 | C102: 14 | D102: M | E102: Semister 1 | F102: ='9A Sem 1'!E36 -> 85 | G102: ='9A Sem 1'!F36 -> 84 | H102: ='9A Sem 1'!G36 -> 87 | I102: ='9A Sem 1'!H36 -> 83 | J102: ='9A Sem 1'!I36 -> 95 | K102: ='9A Sem 1'!J36 -> 86 | L102: ='9A Sem 1'!K36 -> 84 | M102: ='9A Sem 1'!L36 -> 82 | ... W102: ='9A Sem 1'!V36 -> 0
...

Sheet 9A Sem 1
A1: Maria Rubbato Catholic School 2016 E.C Roster Grade 9A Student's
A2: Home Room Teacher Grade 9A
A3: No | B3: Student Name | C3: Age | D3: Sex | E3: Amharic | F3: English | G3: Maths | H3: physics | I3: chemistry | J3: Biology | K3: History | L3: Geography | M3: Citizenship | N3: ICT | O3: Economics | P3: H.P.E | Q3: Afan Oromo | R3: Total | S3: Average | T3: Rank | U3: Condc. | V3: Abse.
A4: 1 | C4: 15 | D4: M | E4: 77 | F4: 68 | G4: 74 | H4: 62 | I4: 75 | J4: 74 | K4: 84 | L4: 62 | M4: 78 | N4: 92 | O4: 74 | P4: 94 | Q4: 91 | R4: =SUM(E4:Q4) -> 1005 | S4: =AVERAGE(E4:Q4) -> 77.307692 | T4: =RANK(S4,$S$4:$S$58) -> 21
A5: 2 | C5: 14 | D5: F | E5: 80 | F5: 83 | G5: 81 | H5: 67 | I5: 71 | J5: 70 | K5: 83 | L5: 65 | M5: 85 | N5: 84 | O5: 80 | P5: 91 | Q5: 68 | R5: =SUM(E5:Q5) -> 1008 | S5: =AVERAGE(E5:Q5) -> 77.538462 | T5: =RANK(S5,$S$4:$S$58) -> 19
A6: 3 | C6: 15 | D6: M | E6: 89 | F6: 83 | G6: 80 | H6: 70 | I6: 71 | J6: 70 | K6: 77 | L6: 66 | M6: 91 | N6: 84 | O6: 80 | P6: 86 | Q6: 89 | R6: =SUM(E6:Q6) -> 1036 | S6: =AVERAGE(E6:Q6) -> 79.692308 | T6: =RANK(S6,$S$4:$S$58) -> 17
A7: 4 | C7: 15 | D7: M | E7: 78 | F7: 72 | G7: 51 | H7: 50 | I7: 73 | J7: 53 | K7: 68 | L7: 64 | M7: 76 | N7: 75 | O7: 63 | P7: 92 | Q7: 65 | R7: =SUM(E7:Q7) -> 880 | S7: =AVERAGE(E7:Q7) -> 67.692308 | T7: =RANK(S7,$S$4:$S$58) -> 44
A8: 5 | C8: 15 | D8: F | E8: 72 | F8: 89 | G8: 65 | H8: 69 | I8: 73 | J8: 67 | K8: 80 | L8: 65 | M8: 87 | N8: 79 | O8: 80 | P8: 98 | Q8: 71 | R8: =SUM(E8:Q8) -> 995 | S8: =AVERAGE(E8:Q8) -> 76.538462 | T8: =RANK(S8,$S$4:$S$58) -> 23
A9: 6 | C9: 14 | D9: F | E9: 78 | F9: 71 | G9: 75 | H9: 77 | I9: 81 | J9: 75 | K9: 82 | L9: 79 | M9: 80 | N9: 81 | O9: 82 | P9: 89 | Q9: 95 | R9: =SUM(E9:Q9) -> 1045 | S9: =AVERAGE(E9:Q9) -> 80.384615 | T9: =RANK(S9,$S$4:$S$58) -> 15
A10: 7 | C10: 14 | D10: F | E10: 65 | F10: 50 | G10: 56 | H10: 43 | I10: 48 | J10: 35 | K10: 66 | L10: 48 | M10: 57 | N10: 52 | O10: 56 | P10: 70 | Q10: 82 | R10: =SUM(E10:Q10) -> 728 | S10: =AVERAGE(E10:Q10) -> 56 | T10: =RANK(S10,$S$4:$S$58) -> 54
A11: 8 | C11: 15 | D11: F | E11: 88 | F11: 86 | G11: 75 | H11: 70 | I11: 80 | J11: 78 | K11: 78 | L11: 70 | M11: 87 | N11: 81 | O11: 82 | P11: 90 | Q11: 81 | R11: =SUM(E11:Q11) -> 1046 | S11: =AVERAGE(E11:Q11) -> 80.461538 | T11: =RANK(S11,$S$4:$S$58) -> 14
A12: 9 | C12: 15 | D12: M | E12: 76 | F12: 73 | G12: 59 | H12: 50 | I12: 63 | J12: 50 | K12: 43 | L12: 49 | M12: 74 | N12: 81 | O12: 67 | P12: 74 | Q12: 65 | R12: =SUM(E12:Q12) -> 824 | S12: =AVERAGE(E12:Q12) -> 63.384615 | T12: =RANK(S12,$S$4:$S$58) -> 47
A13: 10 | C13: 15 | D13: F | E13: 89 | F13: 66 | G13: 81 | H13: 56 | I13: 66 | J13: 50 | K13: 77 | L13: 61 | M13: 74 | N13: 76 | O13: 64 | P13: 82 | Q13: 93 | R13: =SUM(E13:Q13) -> 935 | S13: =AVERAGE(E13:Q13) -> 71.923077 | T13: =RANK(S13,$S$4:$S$58) -> 37
A14: 11 | C14: 15 | D14: M | E14: 78 | F14: 60 | G14: 65 | H14: 66 | I14: 56 | J14: 55 | K14: 77 | L14: 68 | M14: 71 | N14: 79 | O14: 72 | P14: 87 | Q14: 85 | R14: =SUM(E14:Q14) -> 919 | S14: =AVERAGE(E14:Q14) -> 70.692308 | T14: =RANK(S14,$S$4:$S$58) -> 41
A15: 12 | C15: 15 | D15: M | E15: 76 | F15: 61 | G15: 59 | H15: 50 | I15: 49 | J15: 40 | K15: 56 | L15: 43 | M15: 76 | N15: 82 | O15: 72 | P15: 79 | Q15: 67 | R15: =SUM(E15:Q15) -> 810 | S15: =AVERAGE(E15:Q15) -> 62.307692 | T15: =RANK(S15,$S$4:$S$58) -> 48
... A58: 55 | C58: 15 | D58: F | E58: 90 | F58: 93 | G58: 95 | H58: 97 | I58: 97 | J58: 97 | K58: 92 | L58: 95 | M58: 99 | N58: 88 | O58: 95 | P58: 98 | Q58: 93 | R58: =SUM(E58:Q58) -> 1229 | S58: =AVERAGE(E58:Q58) -> 94.538462 | T58: =RANK(S58,$S$4:$S$58) -> 1

Sheet 9A Sem 2
A1: Maria Rubbato Catholic School 2016 E.C Roster Grade 9A Student's
A2: Home Room Teacher Grade 9A
A3: No | B3: Student Name | C3: Age | D3: Sex | E3: Amharic | F3: English | G3: Maths | H3: physics | I3: chemistry | J3: Biology | K3: History | L3: Geography | M3: Citizenship | N3: ICT | O3: Economics | P3: H.P.E | Q3: Afan Oromo | R3: Total | S3: Average | T3: Rank | U3: Condc. | V3: Abse.
A4: 1 | C4: 15 | D4: M | E4: 82 | F4: 53 | G4: 71 | H4: 62 | I4: 60 | J4: 76 | K4: 67 | L4: 73 | M4: 71 | N4: 82 | O4: 80 | P4: 87 | Q4: 60 | R4: =SUM(E4:Q4) -> 924 | S4: =AVERAGE(E4:Q4) -> 71.076923 | T4: =RANK(S4,$S$4:$S$58) -> 40
A5: 2 | C5: 14 | D5: F | E5: 83 | F5: 79 | G5: 84 | H5: 70 | I5: 75 | J5: 87 | K5: 81 | L5: 89 | M5: 86 | N5: 94 | O5: 91 | P5: 90 | Q5: 64 | R5: =SUM(E5:Q5) -> 1073 | S5: =AVERAGE(E5:Q5) -> 82.538462 | T5: =RANK(S5,$S$4:$S$58) -> 11
A6: 3 | C6: 15 | D6: M | E6: 85 | F6: 80 | G6: 72 | H6: 63 | I6: 72 | J6: 81 | K6: 72 | L6: 87 | M6: 84 | N6: 92 | O6: 77 | P6: 91 | Q6: 68 | R6: =SUM(E6:Q6) -> 1024 | S6: =AVERAGE(E6:Q6) -> 78.769231 | T6: =RANK(S6,$S$4:$S$58) -> 22
A7: 4 | C7: 15 | D7: M | E7: 81 | F7: 70 | G7: 50 | H7: 42 | I7: 47 | J7: 68 | K7: 62 | L7: 73 | M7: 72 | N7: 76 | O7: 68 | P7: 85 | Q7: 67 | R7: =SUM(E7:Q7) -> 861 | S7: =AVERAGE(E7:Q7) -> 66.230769 | T7: =RANK(S7,$S$4:$S$58) -> 45
A8: 5 | C8: 15 | D8: F | E8: 79 | F8: 75 | G8: 77 | H8: 72 | I8: 78 | J8: 82 | K8: 71 | L8: 83 | M8: 76 | N8: 86 | O8: 75 | P8: 86 | Q8: 77 | R8: =SUM(E8:Q8) -> 1017 | S8: =AVERAGE(E8:Q8) -> 78.230769 | T8: =RANK(S8,$S$4:$S$58) -> 24
A9: 6 | C9: 14 | D9: F | E9: 86 | F9: 65 | G9: 84 | H9: 76 | I9: 72 | J9: 83 | K9: 87 | L9: 81 | M9: 83 | N9: 83 | O9: 81 | P9: 91 | Q9: 98 | R9: =SUM(E9:Q9) -> 1070 | S9: =AVERAGE(E9:Q9) -> 82.307692 | T9: =RANK(S9,$S$4:$S$58) -> 13
A10: 7 | C10: 14 | D10: F | E10: 65 | F10: 51 | G10: 51 | H10: 52 | I10: 62 | J10: 52 | K10: 40 | L10: 69 | M10: 62 | N10: 83 | O10: 43 | P10: 78 | Q10: 62 | R10: =SUM(E10:Q10) -> 770 | S10: =AVERAGE(E10:Q10) -> 59.230769 | T10: =RANK(S10,$S$4:$S$58) -> 51
A11: 8 | C11: 15 | D11: F | E11: 89 | F11: 88 | G11: 86 | H11: 68 | I11: 71 | J11: 84 | K11: 73 | L11: 88 | M11: 85 | N11: 87 | O11: 82 | P11: 83 | Q11: 64 | R11: =SUM(E11:Q11) -> 1048 | S11: =AVERAGE(E11:Q11) -> 80.615385 | T11: =RANK(S11,$S$4:$S$58) -> 18
A12: 9 | C12: 15 | D12: M | E12: 73 | F12: 64 | G12: 45 | H12: 47 | I12: 57 | J12: 52 | K12: 43 | L12: 64 | M12: 65 | N12: 80 | O12: 66 | P12: 82 | Q12: 60 | R12: =SUM(E12:Q12) -> 798 | S12: =AVERAGE(E12:Q12) -> 61.384615 | T12: =RANK(S12,$S$4:$S$58) -> 50
A13: 10 | C13: 15 | D13: F | E13: 89 | F13: 69 | G13: 93 | H13: 63 | I13: 74 | J13: 58 | K13: 78 | L13: 73 | M13: 78 | N13: 90 | O13: 70 | P13: 87 | Q13: 83 | R13: =SUM(E13:Q13) -> 1005 | S13: =AVERAGE(E13:Q13) -> 77.307692 | T13: =RANK(S13,$S$4:$S$58) -> 27
A14: 11 | C14: 15 | D14: M | E14: 84 | F14: 54 | G14: 69 | H14: 62 | I14: 71 | J14: 57 | K14: 71 | L14: 76 | M14: 71 | N14: 83 | O14: 67 | P14: 90 | Q14: 70 | R14: =SUM(E14:Q14) -> 925 | S14: =AVERAGE(E14:Q14) -> 71.153846 | T14: =RANK(S14,$S$4:$S$58) -> 39
A15: 12 | C15: 15 | D15: M | E15: 72 | F15: 55 | G15: 47 | H15: 37 | I15: 51 | J15: 62 | K15: 52 | L15: 70 | M15: 65 | N15: 82 | O15: 74 | P15: 83 | Q15: 62 | R15: =SUM(E15:Q15) -> 812 | S15: =AVERAGE(E15:Q15) -> 62.461538 | T15: =RANK(S15,$S$4:$S$58) -> 49
... A58: 55 | C58: 15 | D58: F | E58: 95 | F58: 92 | G58: 99 | H58: 100 | I58: 100 | J58: 100 | K58: 96 | L58: 99 | M58: 94 | N58: 94 | O58: 99 | P58: 89 | Q58: 89 | R58: =SUM(E58:Q58) -> 1246 | S58: =AVERAGE(E58:Q58) -> 95.846154 | T58: =RANK(S58,$S$4:$S$58) -> 1

Sheet 9A Sem avr
A1: Maria Rubbato Catholic School 2016E.C Roster Grade 9A Student's
A2: Home Room Teacher Grade 9A
A3: No | B3: Student Name | C3: Age | D3: Sex | E3: Semster 1 Average | F3: Semster 2 Average | G3: Average | H3: Rank
A4: 1 | C4: 15 | D4: M | E4: ='9A Sem 1'!S4 -> 77.307692 | F4: ='9A Sem 2'!S4 -> 71.076923 | G4: =AVERAGE(E4:F4) -> 74.192308 | H4: =RANK(G4,$G$4:$G$58) -> 32
A5: 2 | C5: 14 | D5: F | E5: ='9A Sem 1'!S5 -> 77.538462 | F5: ='9A Sem 2'!S5 -> 82.538462 | G5: =AVERAGE(E5:F5) -> 80.038462 | H5: =RANK(G5,$G$4:$G$58) -> 18
A6: 3 | C6: 15 | D6: M | E6: ='9A Sem 1'!S6 -> 79.692308 | F6: ='9A Sem 2'!S6 -> 78.769231 | G6: =AVERAGE(E6:F6) -> 79.230769 | H6: =RANK(G6,$G$4:$G$58) -> 19
A7: 4 | C7: 15 | D7: M | E7: ='9A Sem 1'!S7 -> 67.692308 | F7: ='9A Sem 2'!S7 -> 66.230769 | G7: =AVERAGE(E7:F7) -> 66.961538 | H7: =RANK(G7,$G$4:$G$58) -> 44
A8: 5 | C8: 15 | D8: F | E8: ='9A Sem 1'!S8 -> 76.538462 | F8: ='9A Sem 2'!S8 -> 78.230769 | G8: =AVERAGE(E8:F8) -> 77.384615 | H8: =RANK(G8,$G$4:$G$58) -> 22
A9: 6 | C9: 14 | D9: F | E9: ='9A Sem 1'!S9 -> 80.384615 | F9: ='9A Sem 2'!S9 -> 82.307692 | G9: =AVERAGE(E9:F9) -> 81.346154 | H9: =RANK(G9,$G$4:$G$58) -> 15
A10: 7 | C10: 14 | D10: F | E10: ='9A Sem 1'!S10 -> 56 | F10: ='9A Sem 2'!S10 -> 59.230769 | G10: =AVERAGE(E10:F10) -> 57.615385 | H10: =RANK(G10,$G$4:$G$58) -> 52
A11: 8 | C11: 15 | D11: F | E11: ='9A Sem 1'!S11 -> 80.461538 | F11: ='9A Sem 2'!S11 -> 80.615385 | G11: =AVERAGE(E11:F11) -> 80.538462 | H11: =RANK(G11,$G$4:$G$58) -> 16
A12: 9 | C12: 15 | D12: M | E12: ='9A Sem 1'!S12 -> 63.384615 | F12: ='9A Sem 2'!S12 -> 61.384615 | G12: =AVERAGE(E12:F12) -> 62.384615 | H12: =RANK(G12,$G$4:$G$58) -> 49
A13: 10 | C13: 15 | D13: F | E13: ='9A Sem 1'!S13 -> 71.923077 | F13: ='9A Sem 2'!S13 -> 77.307692 | G13: =AVERAGE(E13:F13) -> 74.615385 | H13: =RANK(G13,$G$4:$G$58) -> 30
A14: 11 | C14: 15 | D14: M | E14: ='9A Sem 1'!S14 -> 70.692308 | F14: ='9A Sem 2'!S14 -> 71.153846 | G14: =AVERAGE(E14:F14) -> 70.923077 | H14: =RANK(G14,$G$4:$G$58) -> 40
A15: 12 | C15: 15 | D15: M | E15: ='9A Sem 1'!S15 -> 62.307692 | F15: ='9A Sem 2'!S15 -> 62.461538 | G15: =AVERAGE(E15:F15) -> 62.384615 | H15: =RANK(G15,$G$4:$G$58) -> 49
... A58: 55 | C58: 15 | D58: F | E58: ='9A Sem 1'!S58 -> 94.538462 | F58: ='9A Sem 2'!S58 -> 95.846154 | G58: =AVERAGE(E58:F58) -> 95.192308 | H58: =RANK(G58,$G$4:$G$58) -> 1

Sheet Roster 9B
A1: Maria Rubbato Catholic School 2016 E.C Roster Grade 9B Student's
A3: Home Room Teacher Grade 9B
A5: No | B5: Student Name | C5: Age | D5: Sex | E5: Semester | F5: Amharic | G5: English | H5: Maths | I5: physics | J5: chemistry | K5: Biology | L5: History | M5: Geography | N5: Citizenship | O5: ICT | P5: Economics | Q5: H.P.E | R5: Afan Oromo | S5: Total | T5: Average | U5: Rank | V5: Condc. | W5: Abse.
A6: 1 | C6: 15 | D6: M | E6: Semister 1 | F6: ='9B Sem 1'!E4 -> 74 | G6: ='9B Sem 1'!F4 -> 67 | H6: ='9B Sem 1'!G4 -> 78 | I6: ='9B Sem 1'!H4 -> 71 | J6: ='9B Sem 1'!I4 -> 75 | K6: ='9B Sem 1'!J4 -> 64 | L6: ='9B Sem 1'!K4 -> 75 | M6: ='9B Sem 1'!L4 -> 64 | ... W6: ='9B Sem 1'!V4 -> 0
C7: 15 | D7: M | E7: Semister 2 | F7: ='9B Sem 2'!E4 -> 75 | G7: ='9B Sem 2'!F4 -> 74 | H7: ='9B Sem 2'!G4 -> 89 | I7: ='9B Sem 2'!H4 -> 77 | J7: ='9B Sem 2'!I4 -> 63 | K7: ='9B Sem 2'!J4 -> 77 | L7: ='9B Sem 2'!K4 -> 66 | M7: ='9B Sem 2'!L4 -> 81 | ... W7: ='9B Sem 2'!V4 -> 0
C8: 15 | D8: M | E8: Average | F8: =AVERAGE(F6:F7) -> 74.5 | G8: =AVERAGE(G6:G7) -> 70.5 | H8: =AVERAGE(H6:H7) -> 83.5 | I8: =AVERAGE(I6:I7) -> 74 | J8: =AVERAGE(J6:J7) -> 69 | K8: =AVERAGE(K6:K7) -> 70.5 | L8: =AVERAGE(L6:L7) -> 70.5 | M8: =AVERAGE(M6:M7) -> 72.5 | ... T8: =AVERAGE(T6:T7) -> 73.230769 | U8: ='9B Sem avr'!$H$4 -> 25 | V8: =AVERAGE(V6:V7) -> 0 | W8: =AVERAGE(W6:W7) -> 0
A9: 2 | C9: 14 | D9: M | E9: Semister 1 | F9: ='9B Sem 1'!E5 -> 63 | G9: ='9B Sem 1'!F5 -> 42 | H9: ='9B Sem 1'!G5 -> 47 | I9: ='9B Sem 1'!H5 -> 40 | J9: ='9B Sem 1'!I5 -> 50 | K9: ='9B Sem 1'!J5 -> 50 | L9: ='9B Sem 1'!K5 -> 42 | M9: ='9B Sem 1'!L5 -> 45 | ... W9: ='9B Sem 1'!V5 -> 0
C10: 14 | D10: M | E10: Semister 2 | F10: ='9B Sem 2'!E5 -> 58 | G10: ='9B Sem 2'!F5 -> 41 | H10: ='9B Sem 2'!G5 -> 39 | I10: ='9B Sem 2'!H5 -> 58 | J10: ='9B Sem 2'!I5 -> 52 | K10: ='9B Sem 2'!J5 -> 62 | L10: ='9B Sem 2'!K5 -> 60 | M10: ='9B Sem 2'!L5 -> 62 | ... W10: ='9B Sem 2'!V5 -> 0
C11: 14 | D11: M | E11: Average | F11: =AVERAGE(F9:F10) -> 60.5 | G11: =AVERAGE(G9:G10) -> 41.5 | H11: =AVERAGE(H9:H10) -> 43 | I11: =AVERAGE(I9:I10) -> 49 | J11: =AVERAGE(J9:J10) -> 51 | K11: =AVERAGE(K9:K10) -> 56 | L11: =AVERAGE(L9:L10) -> 51 | M11: =AVERAGE(M9:M10) -> 53.5 | ... T11: =AVERAGE(T9:T10) -> 54.461538 | U11: ='9B Sem avr'!$H$5 -> 50 | V11: =AVERAGE(V9:V10) -> 0 | W11: =AVERAGE(W9:W10) -> 0
A12: 3 | C12: 14 | D12: F | E12: Semister 1 | F12: ='9B Sem 1'!E6 -> 90 | G12: ='9B Sem 1'!F6 -> 93 | H12: ='9B Sem 1'!G6 -> 71 | I12: ='9B Sem 1'!H6 -> 76 | J12: ='9B Sem 1'!I6 -> 79 | K12: ='9B Sem 1'!J6 -> 87 | L12: ='9B Sem 1'!K6 -> 87 | M12: ='9B Sem 1'!L6 -> 71 | ... W12: ='9B Sem 1'!V6 -> 0
C13: 14 | D13: F | E13: Semister 2 | F13: ='9B Sem 2'!E6 -> 91 | G13: ='9B Sem 2'!F6 -> 90 | H13: ='9B Sem 2'!G6 -> 78 | I13: ='9B Sem 2'!H6 -> 85 | J13: ='9B Sem 2'!I6 -> 85 | K13: ='9B Sem 2'!J6 -> 95 | L13: ='9B Sem 2'!K6 -> 85 | M13: ='9B Sem 2'!L6 -> 92 | ... W13: ='9B Sem 2'!V6 -> 0
C14: 14 | D14: F | E14: Average | F14: =AVERAGE(F12:F13) -> 90.5 | G14: =AVERAGE(G12:G13) -> 91.5 | H14: =AVERAGE(H12:H13) -> 74.5 | I14: =AVERAGE(I12:I13) -> 80.5 | J14: =AVERAGE(J12:J13) -> 82 | K14: =AVERAGE(K12:K13) -> 91 | L14: =AVERAGE(L12:L13) -> 86 | M14: =AVERAGE(M12:M13) -> 81.5 | ... T14: =AVERAGE(T12:T13) -> 86.153846 | U14: ='9B Sem avr'!$H$6 -> 4 | V14: =AVERAGE(V12:V13) -> 0 | W14: =AVERAGE(W12:W13) -> 0
A15: 4 | C15: 15 | D15: F | E15: Semister 1 | F15: ='9B Sem 1'!E7 -> 87 | G15: ='9B Sem 1'!F7 -> 84 | H15: ='9B Sem 1'!G7 -> 61 | I15: ='9B Sem 1'!H7 -> 62 | J15: ='9B Sem 1'!I7 -> 72 | K15: ='9B Sem 1'!J7 -> 73 | L15: ='9B Sem 1'!K7 -> 80 | M15: ='9B Sem 1'!L7 -> 86 | ... W15: ='9B Sem 1'!V7 -> 0
C16: 15 | D16: F | E16: Semister 2 | F16: ='9B Sem 2'!E7 -> 91 | G16: ='9B Sem 2'!F7 -> 78 | H16: ='9B Sem 2'!G7 -> 77 | I16: ='9B Sem 2'!H7 -> 75 | J16: ='9B Sem 2'!I7 -> 77 | K16: ='9B Sem 2'!J7 -> 80 | L16: ='9B Sem 2'!K7 -> 72 | M16: ='9B Sem 2'!L7 -> 87 | ... W16: ='9B Sem 2'!V7 -> 0
C17: 15 | D17: F | E17: Average | F17: =AVERAGE(F15:F16) -> 89 | G17: =AVERAGE(G15:G16) -> 81 | H17: =AVERAGE(H15:H16) -> 69 | I17: =AVERAGE(I15:I16) -> 68.5 | J17: =AVERAGE(J15:J16) -> 74.5 | K17: =AVERAGE(K15:K16) -> 76.5 | L17: =AVERAGE(L15:L16) -> 76 | M17: =AVERAGE(M15:M16) -> 86.5 | ... T17: =AVERAGE(T15:T16) -> 80.961538 | U17: ='9B Sem avr'!$H$7 -> 11 | V17: =AVERAGE(V15:V16) -> 0 | W17: =AVERAGE(W15:W16) -> 0
A18: 5 | C18: 14 | D18: F | E18: Semister 1 | F18: ='9B Sem 1'!E8 -> 78 | G18: ='9B Sem 1'!F8 -> 80 | H18: ='9B Sem 1'!G8 -> 53 | I18: ='9B Sem 1'!H8 -> 51 | J18: ='9B Sem 1'!I8 -> 71 | K18: ='9B Sem 1'!J8 -> 66 | L18: ='9B Sem 1'!K8 -> 79 | M18: ='9B Sem 1'!L8 -> 72 | ... W18: ='9B Sem 1'!V8 -> 0
C19: 14 | D19: F | E19: Semister 2 | F19: ='9B Sem 2'!E8 -> 83 | G19: ='9B Sem 2'!F8 -> 66 | H19: ='9B Sem 2'!G8 -> 59 | I19: ='9B Sem 2'!H8 -> 61 | J19: ='9B Sem 2'!I8 -> 65 | K19: ='9B Sem 2'!J8 -> 74 | L19: ='9B Sem 2'!K8 -> 83 | M19: ='9B Sem 2'!L8 -> 61 | ... W19: ='9B Sem 2'!V8 -> 0
C20: 14 | D20: F | E20: Average | F20: =AVERAGE(F18:F19) -> 80.5 | G20: =AVERAGE(G18:G19) -> 73 | H20: =AVERAGE(H18:H19) -> 56 | I20: =AVERAGE(I18:I19) -> 56 | J20: =AVERAGE(J18:J19) -> 68 | K20: =AVERAGE(K18:K19) -> 70 | L20: =AVERAGE(L18:L19) -> 81 | M20: =AVERAGE(M18:M19) -> 66.5 | ... T20: =AVERAGE(T18:T19) -> 74.153846 | U20: ='9B Sem avr'!$H$8 -> 22 | V20: =AVERAGE(V18:V19) -> 0 | W20: =AVERAGE(W18:W19) -> 0
A21: 6 | C21: 15 | D21: M | E21: Semister 1 | F21: ='9B Sem 1'!E9 -> 75 | G21: ='9B Sem 1'!F9 -> 73 | H21: ='9B Sem 1'!G9 -> 43 | I21: ='9B Sem 1'!H9 -> 37 | J21: ='9B Sem 1'!I9 -> 44 | K21: ='9B Sem 1'!J9 -> 48 | L21: ='9B Sem 1'!K9 -> 55 | M21: ='9B Sem 1'!L9 -> 55 | ... W21: ='9B Sem 1'!V9 -> 0
C22: 15 | D22: M | E22: Semister 2 | F22: ='9B Sem 2'!E9 -> 82 | G22: ='9B Sem 2'!F9 -> 67 | H22: ='9B Sem 2'!G9 -> 44 | I22: ='9B Sem 2'!H9 -> 38 | J22: ='9B Sem 2'!I9 -> 38 | K22: ='9B Sem 2'!J9 -> 50 | L22: ='9B Sem 2'!K9 -> 46 | M22: ='9B Sem 2'!L9 -> 58 | ... W22: ='9B Sem 2'!V9 -> 0
C23: 15 | D23: M | E23: Average | F23: =AVERAGE(F21:F22) -> 78.5 | G23: =AVERAGE(G21:G22) -> 70 | H23: =AVERAGE(H21:H22) -> 43.5 | I23: =AVERAGE(I21:I22) -> 37.5 | J23: =AVERAGE(J21:J22) -> 41 | K23: =AVERAGE(K21:K22) -> 49 | L23: =AVERAGE(L21:L22) -> 50.5 | M23: =AVERAGE(M21:M22) -> 56.5 | ... T23: =AVERAGE(T21:T22) -> 58.884615 | U23: ='9B Sem avr'!$H$9 -> 43 | V23: =AVERAGE(V21:V22) -> 0 | W23: =AVERAGE(W21:W22) -> 0
A24: 7 | C24: 15 | D24: M | E24: Semister 1 | F24: ='9B Sem 1'!E10 -> 72 | G24: ='9B Sem 1'!F10 -> 59 | H24: ='9B Sem 1'!G10 -> 47 | I24: ='9B Sem 1'!H10 -> 46 | J24: ='9B Sem 1'!I10 -> 57 | K24: ='9B Sem 1'!J10 -> 53 | L24: ='9B Sem 1'!K10 -> 53 | M24: ='9B Sem 1'!L10 -> 61 | ... W24: ='9B Sem 1'!V10 -> 0
C25: 15 | D25: M | E25: Semister 2 | F25: ='9B Sem 2'!E10 -> 63 | G25: ='9B Sem 2'!F10 -> 58 | H25: ='9B Sem 2'!G10 -> 54 | I25: ='9B Sem 2'!H10 -> 52 | J25: ='9B Sem 2'!I10 -> 41 | K25: ='9B Sem 2'!J10 -> 52 | L25: ='9B Sem 2'!K10 -> 46 | M25: ='9B Sem 2'!L10 -> 50 | ... W25: ='9B Sem 2'!V10 -> 0
C26: 15 | D26: M | E26: Average | F26: =AVERAGE(F24:F25) -> 67.5 | G26: =AVERAGE(G24:G25) -> 58.5 | H26: =AVERAGE(H24:H25) -> 50.5 | I26: =AVERAGE(I24:I25) -> 49 | J26: =AVERAGE(J24:J25) -> 49 | K26: =AVERAGE(K24:K25) -> 52.5 | L26: =AVERAGE(L24:L25) -> 49.5 | M26: =AVERAGE(M24:M25) -> 55.5 | ... T26: =AVERAGE(T24:T25) -> 56.884615 | U26: ='9B Sem avr'!$H$10 -> 46 | V26: =AVERAGE(V24:V25) -> 0 | W26: =AVERAGE(W24:W25) -> 0
A27: 8 | C27: 14 | D27: M | E27: Semister 1 | F27: ='9B Sem 1'!E11 -> 64 | G27: ='9B Sem 1'!F11 -> 59 | H27: ='9B Sem 1'!G11 -> 54 | I27: ='9B Sem 1'!H11 -> 34 | J27: ='9B Sem 1'!I11 -> 37 | K27: ='9B Sem 1'!J11 -> 50 | L27: ='9B Sem 1'!K11 -> 49 | M27: ='9B Sem 1'!L11 -> 51 | ... W27: ='9B Sem 1'!V11 -> 0
C28: 14 | D28: M | E28: Semister 2 | F28: ='9B Sem 2'!E11 -> 58 | G28: ='9B Sem 2'!F11 -> 52 | H28: ='9B Sem 2'!G11 -> 45 | I28: ='9B Sem 2'!H11 -> 51 | J28: ='9B Sem 2'!I11 -> 32 | K28: ='9B Sem 2'!J11 -> 41 | L28: ='9B Sem 2'!K11 -> 45 | M28: ='9B Sem 2'!L11 -> 55 | ... W28: ='9B Sem 2'!V11 -> 0
C29: 14 | D29: M | E29: Average | F29: =AVERAGE(F27:F28) -> 61 | G29: =AVERAGE(G27:G28) -> 55.5 | H29: =AVERAGE(H27:H28) -> 49.5 | I29: =AVERAGE(I27:I28) -> 42.5 | J29: =AVERAGE(J27:J28) -> 34.5 | K29: =AVERAGE(K27:K28) -> 45.5 | L29: =AVERAGE(L27:L28) -> 47 | M29: =AVERAGE(M27:M28) -> 53 | ... T29: =AVERAGE(T27:T28) -> 53.5 | U29: ='9B Sem avr'!$H$11 -> 52 | V29: =AVERAGE(V27:V28) -> 0 | W29: =AVERAGE(W27:W28) -> 0
A30: 9 | C30: 14 | D30: M | E30: Semister 1 | F30: ='9B Sem 1'!E12 -> 73 | G30: ='9B Sem 1'!F12 -> 78 | H30: ='9B Sem 1'!G12 -> 70 | I30: ='9B Sem 1'!H12 -> 74 | J30: ='9B Sem 1'!I12 -> 69 | K30: ='9B Sem 1'!J12 -> 66 | L30: ='9B Sem 1'!K12 -> 79 | M30: ='9B Sem 1'!L12 -> 74 | ... W30: ='9B Sem 1'!V12 -> 0
C31: 14 | D31: M | E31: Semister 2 | F31: ='9B Sem 2'!E12 -> 76 | G31: ='9B Sem 2'!F12 -> 64 | H31: ='9B Sem 2'!G12 -> 82 | I31: ='9B Sem 2'!H12 -> 67 | J31: ='9B Sem 2'!I12 -> 70 | K31: ='9B Sem 2'!J12 -> 76 | L31: ='9B Sem 2'!K12 -> 87 | M31: ='9B Sem 2'!L12 -> 83 | ... W31: ='9B Sem 2'!V12 -> 0
C32: 14 | D32: M | E32: Average | F32: =AVERAGE(F30:F31) -> 74.5 | G32: =AVERAGE(G30:G31) -> 71 | H32: =AVERAGE(H30:H31) -> 76 | I32: =AVERAGE(I30:I31) -> 70.5 | J32: =AVERAGE(J30:J31) -> 69.5 | K32: =AVERAGE(K30:K31) -> 71 | L32: =AVERAGE(L30:L31) -> 83 | M32: =AVERAGE(M30:M31) -> 78.5 | ... T32: =AVERAGE(T30:T31) -> 76.115385 | U32: ='9B Sem avr'!$H$12 -> 21 | V32: =AVERAGE(V30:V31) -> 0 | W32: =AVERAGE(W30:W31) -> 0
A33: 10 | C33: 14 | D33: F | E33: Semister 1 | F33: ='9B Sem 1'!E13 -> 78 | G33: ='9B Sem 1'!F13 -> 87 | H33: ='9B Sem 1'!G13 -> 55 | I33: ='9B Sem 1'!H13 -> 54 | J33: ='9B Sem 1'!I13 -> 65 | K33: ='9B Sem 1'!J13 -> 55 | L33: ='9B Sem 1'!K13 -> 78 | M33: ='9B Sem 1'!L13 -> 58 | ... W33: ='9B Sem 1'!V13 -> 0
C34: 14 | D34: F | E34: Semister 2 | F34: ='9B Sem 2'!E13 -> 64 | G34: ='9B Sem 2'!F13 -> 82 | H34: ='9B Sem 2'!G13 -> 78 | I34: ='9B Sem 2'!H13 -> 53 | J34: ='9B Sem 2'!I13 -> 63 | K34: ='9B Sem 2'!J13 -> 71 | L34: ='9B Sem 2'!K13 -> 69 | M34: ='9B Sem 2'!L13 -> 76 | ... W34: ='9B Sem 2'!V13 -> 0
C35: 14 | D35: F | E35: Average | F35: =AVERAGE(F33:F34) -> 71 | G35: =AVERAGE(G33:G34) -> 84.5 | H35: =AVERAGE(H33:H34) -> 66.5 | I35: =AVERAGE(I33:I34) -> 53.5 | J35: =AVERAGE(J33:J34) -> 64 | K35: =AVERAGE(K33:K34) -> 63 | L35: =AVERAGE(L33:L34) -> 73.5 | M35: =AVERAGE(M33:M34) -> 67 | ... T35: =AVERAGE(T33:T34) -> 71.076923 | U35: ='9B Sem avr'!$H$13 -> 27 | V35: =AVERAGE(V33:V34) -> 0 | W35: =AVERAGE(W33:W34) -> 0
A36: 11 | C36: 15 | D36: F | E36: Semister 1 | F36: ='9B Sem 1'!E14 -> 83 | G36: ='9B Sem 1'!F14 -> 87 | H36: ='9B Sem 1'!G14 -> 81 | I36: ='9B Sem 1'!H14 -> 67 | J36: ='9B Sem 1'!I14 -> 72 | K36: ='9B Sem 1'!J14 -> 72 | L36: ='9B Sem 1'!K14 -> 79 | M36: ='9B Sem 1'!L14 -> 64 | ... W36: ='9B Sem 1'!V14 -> 0
C37: 15 | D37: F | E37: Semister 2 | F37: ='9B Sem 2'!E14 -> 78 | G37: ='9B Sem 2'!F14 -> 82 | H37: ='9B Sem 2'!G14 -> 81 | I37: ='9B Sem 2'!H14 -> 72 | J37: ='9B Sem 2'!I14 -> 81 | K37: ='9B Sem 2'!J14 -> 81 | L37: ='9B Sem 2'!K14 -> 71 | M37: ='9B Sem 2'!L14 -> 85 | ... W37: ='9B Sem 2'!V14 -> 0
C38: 15 | D38: F | E38: Average | F38: =AVERAGE(F36:F37) -> 80.5 | G38: =AVERAGE(G36:G37) -> 84.5 | H38: =AVERAGE(H36:H37) -> 81 | I38: =AVERAGE(I36:I37) -> 69.5 | J38: =AVERAGE(J36:J37) -> 76.5 | K38: =AVERAGE(K36:K37) -> 76.5 | L38: =AVERAGE(L36:L37) -> 75 | M38: =AVERAGE(M36:M37) -> 74.5 | ... T38: =AVERAGE(T36:T37) -> 79.115385 | U38: ='9B Sem avr'!$H$14 -> 15 | V38: =AVERAGE(V36:V37) -> 0 | W38: =AVERAGE(W36:W37) -> 0
A39: 12 | C39: 15 | D39: F | E39: Semister 1 | F39: ='9B Sem 1'!E15 -> 88 | G39: ='9B Sem 1'!F15 -> 82 | H39: ='9B Sem 1'!G15 -> 77 | I39: ='9B Sem 1'!H15 -> 73 | J39: ='9B Sem 1'!I15 -> 78 | K39: ='9B Sem 1'!J15 -> 87 | L39: ='9B Sem 1'!K15 -> 90 | M39: ='9B Sem 1'!L15 -> 82 | ... W39: ='9B Sem 1'!V15 -> 0
C40: 15 | D40: F | E40: Semister 2 | F40: ='9B Sem 2'!E15 -> 85 | G40: ='9B Sem 2'!F15 -> 76 | H40: ='9B Sem 2'!G15 -> 76 | I40: ='9B Sem 2'!H15 -> 72 | J40: ='9B Sem 2'!I15 -> 76 | K40: ='9B Sem 2'!J15 -> 84 | L40: ='9B Sem 2'!K15 -> 85 | M40: ='9B Sem 2'!L15 -> 91 | ... W40: ='9B Sem 2'!V15 -> 0
C41: 15 | D41: F | E41: Average | F41: =AVERAGE(F39:F40) -> 86.5 | G41: =AVERAGE(G39:G40) -> 79 | H41: =AVERAGE(H39:H40) -> 76.5 | I41: =AVERAGE(I39:I40) -> 72.5 | J41: =AVERAGE(J39:J40) -> 77 | K41: =AVERAGE(K39:K40) -> 85.5 | L41: =AVERAGE(L39:L40) -> 87.5 | M41: =AVERAGE(M39:M40) -> 86.5 | ... T41: =AVERAGE(T39:T40) -> 83.807692 | U41: ='9B Sem avr'!$H$15 -> 7 | V41: =AVERAGE(V39:V40) -> 0 | W41: =AVERAGE(W39:W40) -> 0
A42: 13 | C42: 14 | D42: F | E42: Semister 1 | F42: ='9B Sem 1'!E16 -> 89 | G42: ='9B Sem 1'!F16 -> 99 | H42: ='9B Sem 1'!G16 -> 99 | I42: ='9B Sem 1'!H16 -> 93 | J42: ='9B Sem 1'!I16 -> 100 | K42: ='9B Sem 1'!J16 -> 97 | L42: ='9B Sem 1'!K16 -> 96 | M42: ='9B Sem 1'!L16 -> 99 | ... W42: ='9B Sem 1'!V16 -> 0
C43: 14 | D43: F | E43: Semister 2 | F43: ='9B Sem 2'!E16 -> 93 | G43: ='9B Sem 2'!F16 -> 92 | H43: ='9B Sem 2'!G16 -> 100 | I43: ='9B Sem 2'!H16 -> 93 | J43: ='9B Sem 2'!I16 -> 100 | K43: ='9B Sem 2'!J16 -> 99 | L43: ='9B Sem 2'!K16 -> 95 | M43: ='9B Sem 2'!L16 -> 100 | ... W43: ='9B Sem 2'!V16 -> 0
C44: 14 | D44: F | E44: Average | F44: =AVERAGE(F42:F43) -> 91 | G44: =AVERAGE(G42:G43) -> 95.5 | H44: =AVERAGE(H42:H43) -> 99.5 | I44: =AVERAGE(I42:I43) -> 93 | J44: =AVERAGE(J42:J43) -> 100 | K44: =AVERAGE(K42:K43) -> 98 | L44: =AVERAGE(L42:L43) -> 95.5 | M44: =AVERAGE(M42:M43) -> 99.5 | ... T44: =AVERAGE(T42:T43) -> 96.846154 | U44: ='9B Sem avr'!$H$16 -> 1 | V44: =AVERAGE(V42:V43) -> 0 | W44: =AVERAGE(W42:W43) -> 0
A45: 14 | C45: 15 | D45: F | E45: Semister 1 | F45: ='9B Sem 1'!E17 -> 94 | G45: ='9B Sem 1'!F17 -> 74 | H45: ='9B Sem 1'!G17 -> 78 | I45: ='9B Sem 1'!H17 -> 70 | J45: ='9B Sem 1'!I17 -> 77 | K45: ='9B Sem 1'!J17 -> 73 | L45: ='9B Sem 1'!K17 -> 82 | M45: ='9B Sem 1'!L17 -> 67 | ... W45: ='9B Sem 1'!V17 -> 0
C46: 15 | D46: F | E46: Semister 2 | F46: ='9B Sem 2'!E17 -> 91 | G46: ='9B Sem 2'!F17 -> 71 | H46: ='9B Sem 2'!G17 -> 85 | I46: ='9B Sem 2'!H17 -> 77 | J46: ='9B Sem 2'!I17 -> 72 | K46: ='9B Sem 2'!J17 -> 75 | L46: ='9B Sem 2'!K17 -> 72 | M46: ='9B Sem 2'!L17 -> 87 | ... W46: ='9B Sem 2'!V17 -> 0
C47: 15 | D47: F | E47: Average | F47: =AVERAGE(F45:F46) -> 92.5 | G47: =AVERAGE(G45:G46) -> 72.5 | H47: =AVERAGE(H45:H46) -> 81.5 | I47: =AVERAGE(I45:I46) -> 73.5 | J47: =AVERAGE(J45:J46) -> 74.5 | K47: =AVERAGE(K45:K46) -> 74 | L47: =AVERAGE(L45:L46) -> 77 | M47: =AVERAGE(M45:M46) -> 77 | ... T47: =AVERAGE(T45:T46) -> 80.615385 | U47: ='9B Sem avr'!$H$17 -> 12 | V47: =AVERAGE(V45:V46) -> 0 | W47: =AVERAGE(W45:W46) -> 0
A48: 15 | C48: 15 | D48: F | E48: Semister 1 | F48: ='9B Sem 1'!E18 -> 83 | G48: ='9B Sem 1'!F18 -> 90 | H48: ='9B Sem 1'!G18 -> 78 | I48: ='9B Sem 1'!H18 -> 74 | J48: ='9B Sem 1'!I18 -> 79 | K48: ='9B Sem 1'!J18 -> 84 | L48: ='9B Sem 1'!K18 -> 80 | M48: ='9B Sem 1'!L18 -> 74 | ... W48: ='9B Sem 1'!V18 -> 0
C49: 15 | D49: F | E49: Semister 2 | F49: ='9B Sem 2'!E18 -> 90 | G49: ='9B Sem 2'!F18 -> 77 | H49: ='9B Sem 2'!G18 -> 82 | I49: ='9B Sem 2'!H18 -> 73 | J49: ='9B Sem 2'!I18 -> 85 | K49: ='9B Sem 2'!J18 -> 87 | L49: ='9B Sem 2'!K18 -> 85 | M49: ='9B Sem 2'!L18 -> 91 | ... W49: ='9B Sem 2'!V18 -> 0
C50: 15 | D50: F | E50: Average | F50: =AVERAGE(F48:F49) -> 86.5 | G50: =AVERAGE(G48:G49) -> 83.5 | H50: =AVERAGE(H48:H49) -> 80 | I50: =AVERAGE(I48:I49) -> 73.5 | J50: =AVERAGE(J48:J49) -> 82 | K50: =AVERAGE(K48:K49) -> 85.5 | L50: =AVERAGE(L48:L49) -> 82.5 | M50: =AVERAGE(M48:M49) -> 82.5 | ... T50: =AVERAGE(T48:T49) -> 84 | U50: ='9B Sem avr'!$H$18 -> 6 | V50: =AVERAGE(V48:V49) -> 0 | W50: =AVERAGE(W48:W49) -> 0
A51: 16 | C51: 15 | D51: M | E51: Semister 1 | F51: ='9B Sem 1'!E19 -> 83 | G51: ='9B Sem 1'!F19 -> 79 | H51: ='9B Sem 1'!G19 -> 66 | I51: ='9B Sem 1'!H19 -> 48 | J51: ='9B Sem 1'!I19 -> 58 | K51: ='9B Sem 1'!J19 -> 62 | L51: ='9B Sem 1'!K19 -> 65 | M51: ='9B Sem 1'!L19 -> 59 | ... W51: ='9B Sem 1'!V19 -> 0
C52: 15 | D52: M | E52: Semister 2 | F52: ='9B Sem 2'!E19 -> 78 | G52: ='9B Sem 2'!F19 -> 71 | H52: ='9B Sem 2'!G19 -> 69 | I52: ='9B Sem 2'!H19 -> 63 | J52: ='9B Sem 2'!I19 -> 59 | K52: ='9B Sem 2'!J19 -> 74 | L52: ='9B Sem 2'!K19 -> 72 | M52: ='9B Sem 2'!L19 -> 80 | ... W52: ='9B Sem 2'!V19 -> 0
C53: 15 | D53: M | E53: Average | F53: =AVERAGE(F51:F52) -> 80.5 | G53: =AVERAGE(G51:G52) -> 75 | H53: =AVERAGE(H51:H52) -> 67.5 | I53: =AVERAGE(I51:I52) -> 55.5 | J53: =AVERAGE(J51:J52) -> 58.5 | K53: =AVERAGE(K51:K52) -> 68 | L53: =AVERAGE(L51:L52) -> 68.5 | M53: =AVERAGE(M51:M52) -> 69.5 | ... T53: =AVERAGE(T51:T52) -> 70.076923 | U53: ='9B Sem avr'!$H$19 -> 28 | V53: =AVERAGE(V51:V52) -> 0 | W53: =AVERAGE(W51:W52) -> 0
A54: 17 | C54: 16 | D54: M | E54: Semister 1 | F54: ='9B Sem 1'!E20 -> 79 | G54: ='9B Sem 1'!F20 -> 66 | H54: ='9B Sem 1'!G20 -> 43 | I54: ='9B Sem 1'!H20 -> 48 | J54: ='9B Sem 1'!I20 -> 48 | K54: ='9B Sem 1'!J20 -> 50 | L54: ='9B Sem 1'!K20 -> 53 | M54: ='9B Sem 1'!L20 -> 50 | ... W54: ='9B Sem 1'!V20 -> 0
C55: 16 | D55: M | E55: Semister 2 | F55: ='9B Sem 2'!E20 -> 72 | G55: ='9B Sem 2'!F20 -> 43 | H55: ='9B Sem 2'!G20 -> 49 | I55: ='9B Sem 2'!H20 -> 43 | J55: ='9B Sem 2'!I20 -> 37 | K55: ='9B Sem 2'!J20 -> 43 | L55: ='9B Sem 2'!K20 -> 45 | M55: ='9B Sem 2'!L20 -> 55 | ... W55: ='9B Sem 2'!V20 -> 0
C56: 16 | D56: M | E56: Average | F56: =AVERAGE(F54:F55) -> 75.5 | G56: =AVERAGE(G54:G55) -> 54.5 | H56: =AVERAGE(H54:H55) -> 46 | I56: =AVERAGE(I54:I55) -> 45.5 | J56: =AVERAGE(J54:J55) -> 42.5 | K56: =AVERAGE(K54:K55) -> 46.5 | L56: =AVERAGE(L54:L55) -> 49 | M56: =AVERAGE(M54:M55) -> 52.5 | ... T56: =AVERAGE(T54:T55) -> 56.192308 | U56: ='9B Sem avr'!$H$20 -> 47 | V56: =AVERAGE(V54:V55) -> 0 | W56: =AVERAGE(W54:W55) -> 0
A57: 18 | C57: 15 | D57: M | E57: Semister 1 | F57: ='9B Sem 1'!E21 -> 85 | G57: ='9B Sem 1'!F21 -> 58 | H57: ='9B Sem 1'!G21 -> 66 | I57: ='9B Sem 1'!H21 -> 54 | J57: ='9B Sem 1'!I21 -> 52 | K57: ='9B Sem 1'!J21 -> 41 | L57: ='9B Sem 1'!K21 -> 56 | M57: ='9B Sem 1'!L21 -> 51 | ... W57: ='9B Sem 1'!V21 -> 0
C58: 15 | D58: M | E58: Semister 2 | F58: ='9B Sem 2'!E21 -> 83 | G58: ='9B Sem 2'!F21 -> 49 | H58: ='9B Sem 2'!G21 -> 60 | I58: ='9B Sem 2'!H21 -> 48 | J58: ='9B Sem 2'!I21 -> 52 | K58: ='9B Sem 2'!J21 -> 45 | L58: ='9B Sem 2'!K21 -> 63 | M58: ='9B Sem 2'!L21 -> 69 | ... W58: ='9B Sem 2'!V21 -> 0
C59: 15 | D59: M | E59: Average | F59: =AVERAGE(F57:F58) -> 84 | G59: =AVERAGE(G57:G58) -> 53.5 | H59: =AVERAGE(H57:H58) -> 63 | I59: =AVERAGE(I57:I58) -> 51 | J59: =AVERAGE(J57:J58) -> 52 | K59: =AVERAGE(K57:K58) -> 43 | L59: =AVERAGE(L57:L58) -> 59.5 | M59: =AVERAGE(M57:M58) -> 60 | ... T59: =AVERAGE(T57:T58) -> 61.615385 | U59: ='9B Sem avr'!$H$21 -> 41 | V59: =AVERAGE(V57:V58) -> 0 | W59: =AVERAGE(W57:W58) -> 0
A60: 19 | C60: 14 | D60: F | E60: Semister 1 | F60: ='9B Sem 1'!E22 -> 84 | G60: ='9B Sem 1'!F22 -> 76 | H60: ='9B Sem 1'!G22 -> 62 | I60: ='9B Sem 1'!H22 -> 65 | J60: ='9B Sem 1'!I22 -> 62 | K60: ='9B Sem 1'!J22 -> 60 | L60: ='9B Sem 1'!K22 -> 66 | M60: ='9B Sem 1'!L22 -> 60 | ... W60: ='9B Sem 1'!V22 -> 0
C61: 14 | D61: F | E61: Semister 2 | F61: ='9B Sem 2'!E22 -> 84 | G61: ='9B Sem 2'!F22 -> 75 | H61: ='9B Sem 2'!G22 -> 72 | I61: ='9B Sem 2'!H22 -> 65 | J61: ='9B Sem 2'!I22 -> 65 | K61: ='9B Sem 2'!J22 -> 78 | L61: ='9B Sem 2'!K22 -> 62 | M61: ='9B Sem 2'!L22 -> 81 | ... W61: ='9B Sem 2'!V22 -> 0
C62: 14 | D62: F | E62: Average | F62: =AVERAGE(F60:F61) -> 84 | G62: =AVERAGE(G60:G61) -> 75.5 | H62: =AVERAGE(H60:H61) -> 67 | I62: =AVERAGE(I60:I61) -> 65 | J62: =AVERAGE(J60:J61) -> 63.5 | K62: =AVERAGE(K60:K61) -> 69 | L62: =AVERAGE(L60:L61) -> 64 | M62: =AVERAGE(M60:M61) -> 70.5 | ... T62: =AVERAGE(T60:T61) -> 73.269231 | U62: ='9B Sem avr'!$H$22 -> 24 | V62: =AVERAGE(V60:V61) -> 0 | W62: =AVERAGE(W60:W61) -> 0
A63: 20 | C63: 14 | D63: F | E63: Semister 1 | F63: ='9B Sem 1'!E23 -> 76 | G63: ='9B Sem 1'!F23 -> 92 | H63: ='9B Sem 1'!G23 -> 52 | I63: ='9B Sem 1'!H23 -> 61 | J63: ='9B Sem 1'!I23 -> 62 | K63: ='9B Sem 1'!J23 -> 57 | L63: ='9B Sem 1'!K23 -> 67 | M63: ='9B Sem 1'!L23 -> 55 | ... W63: ='9B Sem 1'!V23 -> 0
C64: 14 | D64: F | E64: Semister 2 | F64: ='9B Sem 2'!E23 -> 76 | G64: ='9B Sem 2'!F23 -> 85 | H64: ='9B Sem 2'!G23 -> 63 | I64: ='9B Sem 2'!H23 -> 54 | J64: ='9B Sem 2'!I23 -> 62 | K64: ='9B Sem 2'!J23 -> 68 | L64: ='9B Sem 2'!K23 -> 48 | M64: ='9B Sem 2'!L23 -> 65 | ... W64: ='9B Sem 2'!V23 -> 0
C65: 14 | D65: F | E65: Average | F65: =AVERAGE(F63:F64) -> 76 | G65: =AVERAGE(G63:G64) -> 88.5 | H65: =AVERAGE(H63:H64) -> 57.5 | I65: =AVERAGE(I63:I64) -> 57.5 | J65: =AVERAGE(J63:J64) -> 62 | K65: =AVERAGE(K63:K64) -> 62.5 | L65: =AVERAGE(L63:L64) -> 57.5 | M65: =AVERAGE(M63:M64) -> 60 | ... T65: =AVERAGE(T63:T64) -> 68.346154 | U65: ='9B Sem avr'!$H$23 -> 33 | V65: =AVERAGE(V63:V64) -> 0 | W65: =AVERAGE(W63:W64) -> 0
A66: 21 | C66: 15 | D66: F | E66: Semister 1 | F66: ='9B Sem 1'!E24 -> 76 | G66: ='9B Sem 1'!F24 -> 59 | H66: ='9B Sem 1'!G24 -> 66 | I66: ='9B Sem 1'!H24 -> 57 | J66: ='9B Sem 1'!I24 -> 59 | K66: ='9B Sem 1'!J24 -> 55 | L66: ='9B Sem 1'!K24 -> 67 | M66: ='9B Sem 1'!L24 -> 60 | ... W66: ='9B Sem 1'!V24 -> 0
C67: 15 | D67: F | E67: Semister 2 | F67: ='9B Sem 2'!E24 -> 79 | G67: ='9B Sem 2'!F24 -> 60 | H67: ='9B Sem 2'!G24 -> 72 | I67: ='9B Sem 2'!H24 -> 60 | J67: ='9B Sem 2'!I24 -> 71 | K67: ='9B Sem 2'!J24 -> 74 | L67: ='9B Sem 2'!K24 -> 66 | M67: ='9B Sem 2'!L24 -> 81 | ... W67: ='9B Sem 2'!V24 -> 0
C68: 15 | D68: F | E68: Average | F68: =AVERAGE(F66:F67) -> 77.5 | G68: =AVERAGE(G66:G67) -> 59.5 | H68: =AVERAGE(H66:H67) -> 69 | I68: =AVERAGE(I66:I67) -> 58.5 | J68: =AVERAGE(J66:J67) -> 65 | K68: =AVERAGE(K66:K67) -> 64.5 | L68: =AVERAGE(L66:L67) -> 66.5 | M68: =AVERAGE(M66:M67) -> 70.5 | ... T68: =AVERAGE(T66:T67) -> 70.076923 | U68: ='9B Sem avr'!$H$24 -> 29 | V68: =AVERAGE(V66:V67) -> 0 | W68: =AVERAGE(W66:W67) -> 0
A69: 22 | C69: 15 | D69: F | E69: Semister 1 | F69: ='9B Sem 1'!E25 -> 66 | G69: ='9B Sem 1'!F25 -> 58 | H69: ='9B Sem 1'!G25 -> 46 | I69: ='9B Sem 1'!H25 -> 41 | J69: ='9B Sem 1'!I25 -> 47 | K69: ='9B Sem 1'!J25 -> 43 | L69: ='9B Sem 1'!K25 -> 58 | M69: ='9B Sem 1'!L25 -> 44 | ... W69: ='9B Sem 1'!V25 -> 0
C70: 15 | D70: F | E70: Semister 2 | F70: ='9B Sem 2'!E25 -> 72 | G70: ='9B Sem 2'!F25 -> 53 | H70: ='9B Sem 2'!G25 -> 40 | I70: ='9B Sem 2'!H25 -> 50 | J70: ='9B Sem 2'!I25 -> 40 | K70: ='9B Sem 2'!J25 -> 44 | L70: ='9B Sem 2'!K25 -> 44 | M70: ='9B Sem 2'!L25 -> 53 | ... W70: ='9B Sem 2'!V25 -> 0
C71: 15 | D71: F | E71: Average | F71: =AVERAGE(F69:F70) -> 69 | G71: =AVERAGE(G69:G70) -> 55.5 | H71: =AVERAGE(H69:H70) -> 43 | I71: =AVERAGE(I69:I70) -> 45.5 | J71: =AVERAGE(J69:J70) -> 43.5 | K71: =AVERAGE(K69:K70) -> 43.5 | L71: =AVERAGE(L69:L70) -> 51 | M71: =AVERAGE(M69:M70) -> 48.5 | ... T71: =AVERAGE(T69:T70) -> 54.5 | U71: ='9B Sem avr'!$H$25 -> 49 | V71: =AVERAGE(V69:V70) -> 0 | W71: =AVERAGE(W69:W70) -> 0
A72: 23 | C72: 15 | D72: M | E72: Semister 1 | F72: ='9B Sem 1'!E26 -> 85 | G72: ='9B Sem 1'!F26 -> 82 | H72: ='9B Sem 1'!G26 -> 69 | I72: ='9B Sem 1'!H26 -> 82 | J72: ='9B Sem 1'!I26 -> 80 | K72: ='9B Sem 1'!J26 -> 80 | L72: ='9B Sem 1'!K26 -> 92 | M72: ='9B Sem 1'!L26 -> 79 | ... W72: ='9B Sem 1'!V26 -> 0
C73: 15 | D73: M | E73: Semister 2 | F73: ='9B Sem 2'!E26 -> 81 | G73: ='9B Sem 2'!F26 -> 80 | H73: ='9B Sem 2'!G26 -> 79 | I73: ='9B Sem 2'!H26 -> 79 | J73: ='9B Sem 2'!I26 -> 75 | K73: ='9B Sem 2'!J26 -> 91 | L73: ='9B Sem 2'!K26 -> 84 | M73: ='9B Sem 2'!L26 -> 91 | ... W73: ='9B Sem 2'!V26 -> 0
C74: 15 | D74: M | E74: Average | F74: =AVERAGE(F72:F73) -> 83 | G74: =AVERAGE(G72:G73) -> 81 | H74: =AVERAGE(H72:H73) -> 74 | I74: =AVERAGE(I72:I73) -> 80.5 | J74: =AVERAGE(J72:J73) -> 77.5 | K74: =AVERAGE(K72:K73) -> 85.5 | L74: =AVERAGE(L72:L73) -> 88 | M74: =AVERAGE(M72:M73) -> 85 | ... T74: =AVERAGE(T72:T73) -> 83.269231 | U74: ='9B Sem avr'!$H$26 -> 9 | V74: =AVERAGE(V72:V73) -> 0 | W74: =AVERAGE(W72:W73) -> 0
A75: 24 | C75: 17 | D75: F | E75: Semister 1 | F75: ='9B Sem 1'!E27 -> 61 | G75: ='9B Sem 1'!F27 -> 52 | H75: ='9B Sem 1'!G27 -> 47 | I75: ='9B Sem 1'!H27 -> 41 | J75: ='9B Sem 1'!I27 -> 41 | K75: ='9B Sem 1'!J27 -> 35 | L75: ='9B Sem 1'!K27 -> 48 | M75: ='9B Sem 1'!L27 -> 42 | ... W75: ='9B Sem 1'!V27 -> 0
C76: 17 | D76: F | E76: Semister 2 | F76: ='9B Sem 2'!E27 -> 59 | G76: ='9B Sem 2'!F27 -> 49 | H76: ='9B Sem 2'!G27 -> 44 | I76: ='9B Sem 2'!H27 -> 46 | J76: ='9B Sem 2'!I27 -> 38 | K76: ='9B Sem 2'!J27 -> 38 | L76: ='9B Sem 2'!K27 -> 31 | M76: ='9B Sem 2'!L27 -> 50 | ... W76: ='9B Sem 2'!V27 -> 0
C77: 17 | D77: F | E77: Average | F77: =AVERAGE(F75:F76) -> 60 | G77: =AVERAGE(G75:G76) -> 50.5 | H77: =AVERAGE(H75:H76) -> 45.5 | I77: =AVERAGE(I75:I76) -> 43.5 | J77: =AVERAGE(J75:J76) -> 39.5 | K77: =AVERAGE(K75:K76) -> 36.5 | L77: =AVERAGE(L75:L76) -> 39.5 | M77: =AVERAGE(M75:M76) -> 46 | ... T77: =AVERAGE(T75:T76) -> 55 | U77: ='9B Sem avr'!$H$27 -> 48 | V77: =AVERAGE(V75:V76) -> 0 | W77: =AVERAGE(W75:W76) -> 0
A78: 25 | C78: 15 | D78: M | E78: Semister 1 | F78: ='9B Sem 1'!E28 -> 70 | G78: ='9B Sem 1'!F28 -> 62 | H78: ='9B Sem 1'!G28 -> 62 | I78: ='9B Sem 1'!H28 -> 49 | J78: ='9B Sem 1'!I28 -> 61 | K78: ='9B Sem 1'!J28 -> 55 | L78: ='9B Sem 1'!K28 -> 67 | M78: ='9B Sem 1'!L28 -> 57 | ... W78: ='9B Sem 1'!V28 -> 0
C79: 15 | D79: M | E79: Semister 2 | F79: ='9B Sem 2'!E28 -> 60 | G79: ='9B Sem 2'!F28 -> 58 | H79: ='9B Sem 2'!G28 -> 65 | I79: ='9B Sem 2'!H28 -> 53 | J79: ='9B Sem 2'!I28 -> 62 | K79: ='9B Sem 2'!J28 -> 66 | L79: ='9B Sem 2'!K28 -> 51 | M79: ='9B Sem 2'!L28 -> 65 | ... W79: ='9B Sem 2'!V28 -> 0
C80: 15 | D80: M | E80: Average | F80: =AVERAGE(F78:F79) -> 65 | G80: =AVERAGE(G78:G79) -> 60 | H80: =AVERAGE(H78:H79) -> 63.5 | I80: =AVERAGE(I78:I79) -> 51 | J80: =AVERAGE(J78:J79) -> 61.5 | K80: =AVERAGE(K78:K79) -> 60.5 | L80: =AVERAGE(L78:L79) -> 59 | M80: =AVERAGE(M78:M79) -> 61 | ... T80: =AVERAGE(T78:T79) -> 63.153846 | U80: ='9B Sem avr'!$H$28 -> 37 | V80: =AVERAGE(V78:V79) -> 0 | W80: =AVERAGE(W78:W79) -> 0
A81: 26 | C81: 14 | D81: M | E81: Semister 1 | F81: ='9B Sem 1'!E29 -> 72 | G81: ='9B Sem 1'!F29 -> 74 | H81: ='9B Sem 1'!G29 -> 66 | I81: ='9B Sem 1'!H29 -> 62 | J81: ='9B Sem 1'!I29 -> 60 | K81: ='9B Sem 1'!J29 -> 59 | L81: ='9B Sem 1'!K29 -> 60 | M81: ='9B Sem 1'!L29 -> 58 | ... W81: ='9B Sem 1'!V29 -> 0
C82: 14 | D82: M | E82: Semister 2 | F82: ='9B Sem 2'!E29 -> 75 | G82: ='9B Sem 2'!F29 -> 67 | H82: ='9B Sem 2'!G29 -> 61 | I82: ='9B Sem 2'!H29 -> 65 | J82: ='9B Sem 2'!I29 -> 49 | K82: ='9B Sem 2'!J29 -> 61 | L82: ='9B Sem 2'!K29 -> 54 | M82: ='9B Sem 2'!L29 -> 70 | ... W82: ='9B Sem 2'!V29 -> 0
C83: 14 | D83: M | E83: Average | F83: =AVERAGE(F81:F82) -> 73.5 | G83: =AVERAGE(G81:G82) -> 70.5 | H83: =AVERAGE(H81:H82) -> 63.5 | I83: =AVERAGE(I81:I82) -> 63.5 | J83: =AVERAGE(J81:J82) -> 54.5 | K83: =AVERAGE(K81:K82) -> 60 | L83: =AVERAGE(L81:L82) -> 57 | M83: =AVERAGE(M81:M82) -> 64 | ... T83: =AVERAGE(T81:T82) -> 65.5 | U83: ='9B Sem avr'!$H$29 -> 34 | V83: =AVERAGE(V81:V82) -> 0 | W83: =AVERAGE(W81:W82) -> 0
A84: 27 | C84: 14 | D84: M | E84: Semister 1 | F84: ='9B Sem 1'!E30 -> 90 | G84: ='9B Sem 1'!F30 -> 94 | H84: ='9B Sem 1'!G30 -> 99 | I84: ='9B Sem 1'!H30 -> 99 | J84: ='9B Sem 1'!I30 -> 97 | K84: ='9B Sem 1'!J30 -> 98 | L84: ='9B Sem 1'!K30 -> 95 | M84: ='9B Sem 1'!L30 -> 97 | ... W84: ='9B Sem 1'!V30 -> 0
C85: 14 | D85: M | E85: Semister 2 | F85: ='9B Sem 2'!E30 -> 93 | G85: ='9B Sem 2'!F30 -> 94 | H85: ='9B Sem 2'!G30 -> 99 | I85: ='9B Sem 2'!H30 -> 95 | J85: ='9B Sem 2'!I30 -> 100 | K85: ='9B Sem 2'!J30 -> 100 | L85: ='9B Sem 2'!K30 -> 91 | M85: ='9B Sem 2'!L30 -> 99 | ... W85: ='9B Sem 2'!V30 -> 0
C86: 14 | D86: M | E86: Average | F86: =AVERAGE(F84:F85) -> 91.5 | G86: =AVERAGE(G84:G85) -> 94 | H86: =AVERAGE(H84:H85) -> 99 | I86: =AVERAGE(I84:I85) -> 97 | J86: =AVERAGE(J84:J85) -> 98.5 | K86: =AVERAGE(K84:K85) -> 99 | L86: =AVERAGE(L84:L85) -> 93 | M86: =AVERAGE(M84:M85) -> 98 | ... T86: =AVERAGE(T84:T85) -> 95.961538 | U86: ='9B Sem avr'!$H$30 -> 2 | V86: =AVERAGE(V84:V85) -> 0 | W86: =AVERAGE(W84:W85) -> 0
A87: 28 | C87: 15 | D87: F | E87: Semister 1 | F87: ='9B Sem 1'!E31 -> 83 | G87: ='9B Sem 1'!F31 -> 41 | H87: ='9B Sem 1'!G31 -> 58 | I87: ='9B Sem 1'!H31 -> 40 | J87: ='9B Sem 1'!I31 -> 59 | K87: ='9B Sem 1'!J31 -> 50 | L87: ='9B Sem 1'!K31 -> 65 | M87: ='9B Sem 1'!L31 -> 60 | ... W87: ='9B Sem 1'!V31 -> 0
C88: 15 | D88: F | E88: Semister 2 | F88: ='9B Sem 2'!E31 -> 82 | G88: ='9B Sem 2'!F31 -> 49 | H88: ='9B Sem 2'!G31 -> 57 | I88: ='9B Sem 2'!H31 -> 55 | J88: ='9B Sem 2'!I31 -> 54 | K88: ='9B Sem 2'!J31 -> 67 | L88: ='9B Sem 2'!K31 -> 65 | M88: ='9B Sem 2'!L31 -> 72 | ... W88: ='9B Sem 2'!V31 -> 0
C89: 15 | D89: F | E89: Average | F89: =AVERAGE(F87:F88) -> 82.5 | G89: =AVERAGE(G87:G88) -> 45 | H89: =AVERAGE(H87:H88) -> 57.5 | I89: =AVERAGE(I87:I88) -> 47.5 | J89: =AVERAGE(J87:J88) -> 56.5 | K89: =AVERAGE(K87:K88) -> 58.5 | L89: =AVERAGE(L87:L88) -> 65 | M89: =AVERAGE(M87:M88) -> 66 | ... T89: =AVERAGE(T87:T88) -> 62.923077 | U89: ='9B Sem avr'!$H$31 -> 38 | V89: =AVERAGE(V87:V88) -> 0 | W89: =AVERAGE(W87:W88) -> 0
A90: 29 | C90: 14 | D90: F | E90: Semister 1 | F90: ='9B Sem 1'!E32 -> 69 | G90: ='9B Sem 1'!F32 -> 60 | H90: ='9B Sem 1'!G32 -> 54 | I90: ='9B Sem 1'!H32 -> 51 | J90: ='9B Sem 1'!I32 -> 49 | K90: ='9B Sem 1'!J32 -> 44 | L90: ='9B Sem 1'!K32 -> 62 | M90: ='9B Sem 1'!L32 -> 48 | ... W90: ='9B Sem 1'!V32 -> 0
C91: 14 | D91: F | E91: Semister 2 | F91: ='9B Sem 2'!E32 -> 84 | G91: ='9B Sem 2'!F32 -> 58 | H91: ='9B Sem 2'!G32 -> 62 | I91: ='9B Sem 2'!H32 -> 52 | J91: ='9B Sem 2'!I32 -> 53 | K91: ='9B Sem 2'!J32 -> 50 | L91: ='9B Sem 2'!K32 -> 54 | M91: ='9B Sem 2'!L32 -> 55 | ... W91: ='9B Sem 2'!V32 -> 0
C92: 14 | D92: F | E92: Average | F92: =AVERAGE(F90:F91) -> 76.5 | G92: =AVERAGE(G90:G91) -> 59 | H92: =AVERAGE(H90:H91) -> 58 | I92: =AVERAGE(I90:I91) -> 51.5 | J92: =AVERAGE(J90:J91) -> 51 | K92: =AVERAGE(K90:K91) -> 47 | L92: =AVERAGE(L90:L91) -> 58 | M92: =AVERAGE(M90:M91) -> 51.5 | ... T92: =AVERAGE(T90:T91) -> 60.884615 | U92: ='9B Sem avr'!$H$32 -> 42 | V92: =AVERAGE(V90:V91) -> 0 | W92: =AVERAGE(W90:W91) -> 0
A93: 30 | C93: 14 | D93: F | E93: Semister 1 | F93: ='9B Sem 1'!E33 -> 79 | G93: ='9B Sem 1'!F33 -> 61 | H93: ='9B Sem 1'!G33 -> 56 | I93: ='9B Sem 1'!H33 -> 53 | J93: ='9B Sem 1'!I33 -> 47 | K93: ='9B Sem 1'!J33 -> 50 | L93: ='9B Sem 1'!K33 -> 66 | M93: ='9B Sem 1'!L33 -> 52 | ... W93: ='9B Sem 1'!V33 -> 0
C94: 14 | D94: F | E94: Semister 2 | F94: ='9B Sem 2'!E33 -> 81 | G94: ='9B Sem 2'!F33 -> 59 | H94: ='9B Sem 2'!G33 -> 62 | I94: ='9B Sem 2'!H33 -> 50 | J94: ='9B Sem 2'!I33 -> 48 | K94: ='9B Sem 2'!J33 -> 53 | L94: ='9B Sem 2'!K33 -> 57 | M94: ='9B Sem 2'!L33 -> 59 | ... W94: ='9B Sem 2'!V33 -> 0
C95: 14 | D95: F | E95: Average | F95: =AVERAGE(F93:F94) -> 80 | G95: =AVERAGE(G93:G94) -> 60 | H95: =AVERAGE(H93:H94) -> 59 | I95: =AVERAGE(I93:I94) -> 51.5 | J95: =AVERAGE(J93:J94) -> 47.5 | K95: =AVERAGE(K93:K94) -> 51.5 | L95: =AVERAGE(L93:L94) -> 61.5 | M95: =AVERAGE(M93:M94) -> 55.5 | ... T95: =AVERAGE(T93:T94) -> 61.692308 | U95: ='9B Sem avr'!$H$33 -> 40 | V95: =AVERAGE(V93:V94) -> 0 | W95: =AVERAGE(W93:W94) -> 0
A96: 31 | C96: 15 | D96: F | E96: Semister 1 | F96: ='9B Sem 1'!E34 -> 88 | G96: ='9B Sem 1'!F34 -> 75 | H96: ='9B Sem 1'!G34 -> 70 | I96: ='9B Sem 1'!H34 -> 64 | J96: ='9B Sem 1'!I34 -> 72 | K96: ='9B Sem 1'!J34 -> 72 | L96: ='9B Sem 1'!K34 -> 88 | M96: ='9B Sem 1'!L34 -> 77 | ... W96: ='9B Sem 1'!V34 -> 0
C97: 15 | D97: F | E97: Semister 2 | F97: ='9B Sem 2'!E34 -> 91 | G97: ='9B Sem 2'!F34 -> 66 | H97: ='9B Sem 2'!G34 -> 73 | I97: ='9B Sem 2'!H34 -> 68 | J97: ='9B Sem 2'!I34 -> 74 | K97: ='9B Sem 2'!J34 -> 80 | L97: ='9B Sem 2'!K34 -> 76 | M97: ='9B Sem 2'!L34 -> 87 | ... W97: ='9B Sem 2'!V34 -> 0
C98: 15 | D98: F | E98: Average | F98: =AVERAGE(F96:F97) -> 89.5 | G98: =AVERAGE(G96:G97) -> 70.5 | H98: =AVERAGE(H96:H97) -> 71.5 | I98: =AVERAGE(I96:I97) -> 66 | J98: =AVERAGE(J96:J97) -> 73 | K98: =AVERAGE(K96:K97) -> 76 | L98: =AVERAGE(L96:L97) -> 82 | M98: =AVERAGE(M96:M97) -> 82 | ... T98: =AVERAGE(T96:T97) -> 78.615385 | U98: ='9B Sem avr'!$H$34 -> 16 | V98: =AVERAGE(V96:V97) -> 0 | W98: =AVERAGE(W96:W97) -> 0
A99: 32 | C99: 15 | D99: M | E99: Semister 1 | F99: ='9B Sem 1'!E35 -> 79 | G99: ='9B Sem 1'!F35 -> 54 | H99: ='9B Sem 1'!G35 -> 84 | I99: ='9B Sem 1'!H35 -> 62 | J99: ='9B Sem 1'!I35 -> 67 | K99: ='9B Sem 1'!J35 -> 73 | L99: ='9B Sem 1'!K35 -> 81 | M99: ='9B Sem 1'!L35 -> 71 | ... W99: ='9B Sem 1'!V35 -> 0
C100: 15 | D100: M | E100: Semister 2 | F100: ='9B Sem 2'!E35 -> 68 | G100: ='9B Sem 2'!F35 -> 61 | H100: ='9B Sem 2'!G35 -> 74 | I100: ='9B Sem 2'!H35 -> 64 | J100: ='9B Sem 2'!I35 -> 71 | K100: ='9B Sem 2'!J35 -> 60 | L100: ='9B Sem 2'!K35 -> 74 | M100: ='9B Sem 2'!L35 -> 72 | ... W100: ='9B Sem 2'!V35 -> 0
C101: 15 | D101: M | E101: Average | F101: =AVERAGE(F99:F100) -> 73.5 | G101: =AVERAGE(G99:G100) -> 57.5 | H101: =AVERAGE(H99:H100) -> 79 | I101: =AVERAGE(I99:I100) -> 63 | J101: =AVERAGE(J99:J100) -> 69 | K101: =AVERAGE(K99:K100) -> 66.5 | L101: =AVERAGE(L99:L100) -> 77.5 | M101: =AVERAGE(M99:M100) -> 71.5 | ... T101: =AVERAGE(T99:T100) -> 69.923077 | U101: ='9B Sem avr'!$H$35 -> 30 | V101: =AVERAGE(V99:V100) -> 0 | W101: =AVERAGE(W99:W100) -> 0
A102: 33 | C102: 15 | D102: F | E102: Semister 1 | F102: ='9B Sem 1'!E36 -> 85 | G102: ='9B Sem 1'!F36 -> 86 | H102: ='9B Sem 1'!G36 -> 63 | I102: ='9B Sem 1'!H36 -> 72 | J102: ='9B Sem 1'!I36 -> 67 | K102: ='9B Sem 1'!J36 -> 73 | L102: ='9B Sem 1'!K36 -> 86 | M102: ='9B Sem 1'!L36 -> 76 | ... W102: ='9B Sem 1'!V36 -> 0
...

Sheet 9B Sem 1
A1: Maria Rubbato Catholic School 2016 E.C Roster Grade 9B Student's
A2: Home Room Teacher Grade 9B
A3: No | B3: Student Name | C3: Age | D3: Sex | E3: Amharic | F3: English | G3: Maths | H3: physics | I3: chemistry | J3: Biology | K3: History | L3: Geography | M3: Citizenship | N3: ICT | O3: Economics | P3: H.P.E | Q3: Afan Oromo | R3: Total | S3: Average | T3: Rank | U3: Condc. | V3: Abse.
A4: 1 | C4: 15 | D4: M | E4: 74 | F4: 67 | G4: 78 | H4: 71 | I4: 75 | J4: 64 | K4: 75 | L4: 64 | M4: 72 | N4: 89 | O4: 70 | P4: 81 | Q4: 54 | R4: =SUM(E4:Q4) -> 934 | S4: =AVERAGE(E4:Q4) -> 71.846154 | T4: =RANK(S4,$S$4:$S$59) -> 25
A5: 2 | C5: 14 | D5: M | E5: 63 | F5: 42 | G5: 47 | H5: 40 | I5: 50 | J5: 50 | K5: 42 | L5: 45 | M5: 54 | N5: 52 | O5: 51 | P5: 70 | Q5: 61 | R5: =SUM(E5:Q5) -> 667 | S5: =AVERAGE(E5:Q5) -> 51.307692 | T5: =RANK(S5,$S$4:$S$59) -> 54
A6: 3 | C6: 14 | D6: F | E6: 90 | F6: 93 | G6: 71 | H6: 76 | I6: 79 | J6: 87 | K6: 87 | L6: 71 | M6: 95 | N6: 89 | O6: 84 | P6: 96 | Q6: 78 | R6: =SUM(E6:Q6) -> 1096 | S6: =AVERAGE(E6:Q6) -> 84.307692 | T6: =RANK(S6,$S$4:$S$59) -> 7
A7: 4 | C7: 15 | D7: F | E7: 87 | F7: 84 | G7: 61 | H7: 62 | I7: 72 | J7: 73 | K7: 80 | L7: 86 | M7: 87 | N7: 87 | O7: 82 | P7: 96 | Q7: 93 | R7: =SUM(E7:Q7) -> 1050 | S7: =AVERAGE(E7:Q7) -> 80.769231 | T7: =RANK(S7,$S$4:$S$59) -> 12
A8: 5 | C8: 14 | D8: F | E8: 78 | F8: 80 | G8: 53 | H8: 51 | I8: 71 | J8: 66 | K8: 79 | L8: 72 | M8: 86 | N8: 77 | O8: 75 | P8: 92 | Q8: 90 | R8: =SUM(E8:Q8) -> 970 | S8: =AVERAGE(E8:Q8) -> 74.615385 | T8: =RANK(S8,$S$4:$S$59) -> 22
A9: 6 | C9: 15 | D9: M | E9: 75 | F9: 73 | G9: 43 | H9: 37 | I9: 44 | J9: 48 | K9: 55 | L9: 55 | M9: 70 | N9: 77 | O9: 65 | P9: 80 | Q9: 55 | R9: =SUM(E9:Q9) -> 777 | S9: =AVERAGE(E9:Q9) -> 59.769231 | T9: =RANK(S9,$S$4:$S$59) -> 44
A10: 7 | C10: 15 | D10: M | E10: 72 | F10: 59 | G10: 47 | H10: 46 | I10: 57 | J10: 53 | K10: 53 | L10: 61 | M10: 56 | N10: 56 | O10: 55 | P10: 85 | Q10: 50 | R10: =SUM(E10:Q10) -> 750 | S10: =AVERAGE(E10:Q10) -> 57.692308 | T10: =RANK(S10,$S$4:$S$59) -> 48
A11: 8 | C11: 14 | D11: M | E11: 64 | F11: 59 | G11: 54 | H11: 34 | I11: 37 | J11: 50 | K11: 49 | L11: 51 | M11: 60 | N11: 49 | O11: 44 | P11: 80 | Q11: 51 | R11: =SUM(E11:Q11) -> 682 | S11: =AVERAGE(E11:Q11) -> 52.461538 | T11: =RANK(S11,$S$4:$S$59) -> 53
A12: 9 | C12: 14 | D12: M | E12: 73 | F12: 78 | G12: 70 | H12: 74 | I12: 69 | J12: 66 | K12: 79 | L12: 74 | M12: 79 | N12: 76 | O12: 77 | P12: 90 | Q12: 72 | R12: =SUM(E12:Q12) -> 977 | S12: =AVERAGE(E12:Q12) -> 75.153846 | T12: =RANK(S12,$S$4:$S$59) -> 20
A13: 10 | C13: 14 | D13: F | E13: 78 | F13: 87 | G13: 55 | H13: 54 | I13: 65 | J13: 55 | K13: 78 | L13: 58 | M13: 80 | N13: 66 | O13: 77 | P13: 84 | Q13: 66 | R13: =SUM(E13:Q13) -> 903 | S13: =AVERAGE(E13:Q13) -> 69.461538 | T13: =RANK(S13,$S$4:$S$59) -> 28
A14: 11 | C14: 15 | D14: F | E14: 83 | F14: 87 | G14: 81 | H14: 67 | I14: 72 | J14: 72 | K14: 79 | L14: 64 | M14: 90 | N14: 81 | O14: 79 | P14: 84 | Q14: 69 | R14: =SUM(E14:Q14) -> 1008 | S14: =AVERAGE(E14:Q14) -> 77.538462 | T14: =RANK(S14,$S$4:$S$59) -> 18
A15: 12 | C15: 15 | D15: F | E15: 88 | F15: 82 | G15: 77 | H15: 73 | I15: 78 | J15: 87 | K15: 90 | L15: 82 | M15: 95 | N15: 88 | O15: 80 | P15: 96 | Q15: 91 | R15: =SUM(E15:Q15) -> 1107 | S15: =AVERAGE(E15:Q15) -> 85.153846 | T15: =RANK(S15,$S$4:$S$59) -> 6
... A57: 54 | C57: 15 | D57: M | E57: 81 | F57: 79 | G57: 81 | H57: 87 | I57: 84 | J57: 88 | K57: 87 | L57: 84 | M57: 91 | N57: 86 | O57: 84 | P57: 100 | Q57: 81 | R57: =SUM(E57:Q57) -> 1113 | S57: =AVERAGE(E57:Q57) -> 85.615385 | T57: =RANK(S57,$S$4:$S$59) -> 4
A58: 55 | C58: 15 | D58: M | R58: =SUM(E58:Q58) -> 0 | S58: 0 | T58: =RANK(S58,$S$4:$S$59) -> 56
A59: 56 | C59: 15 | D59: F | E59: 75 | F59: 57 | G59: 57 | H59: 44 | I59: 54 | J59: 48 | K59: 67 | L59: 53 | M59: 64 | N59: 70 | O59: 63 | P59: 82 | Q59: 62 | R59: =SUM(E59:Q59) -> 796 | S59: =AVERAGE(E59:Q59) -> 61.230769 | T59: =RANK(S59,$S$4:$S$59) -> 39

Sheet 9B Sem avr
A1: Maria Rubbato Catholic School 2016 E.C Roster Grade 9A Student's
A2: Home Room Teacher Grade 9B
A3: No | B3: Student Name | C3: Age | D3: Sex | E3: Semster 1 Average | F3: Semster 2 Average | G3: Average | H3: Rank
A4: 1 | C4: 15 | D4: M | E4: ='9B Sem 1'!S4 -> 71.846154 | F4: ='9B Sem 2'!S4 -> 74.615385 | G4: =AVERAGE(E4:F4) -> 73.230769 | H4: =RANK(G4,$G$4:$G$57) -> 25
A5: 2 | C5: 14 | D5: M | E5: ='9B Sem 1'!S5 -> 51.307692 | F5: ='9B Sem 2'!S5 -> 57.615385 | G5: =AVERAGE(E5:F5) -> 54.461538 | H5: =RANK(G5,$G$4:$G$57) -> 50
A6: 3 | C6: 14 | D6: F | E6: ='9B Sem 1'!S6 -> 84.307692 | F6: ='9B Sem 2'!S6 -> 88 | G6: =AVERAGE(E6:F6) -> 86.153846 | H6: =RANK(G6,$G$4:$G$57) -> 4
A7: 4 | C7: 15 | D7: F | E7: ='9B Sem 1'!S7 -> 80.769231 | F7: ='9B Sem 2'!S7 -> 81.153846 | G7: =AVERAGE(E7:F7) -> 80.961538 | H7: =RANK(G7,$G$4:$G$57) -> 11
A8: 5 | C8: 14 | D8: F | E8: ='9B Sem 1'!S8 -> 74.615385 | F8: ='9B Sem 2'!S8 -> 73.692308 | G8: =AVERAGE(E8:F8) -> 74.153846 | H8: =RANK(G8,$G$4:$G$57) -> 22
A9: 6 | C9: 15 | D9: M | E9: ='9B Sem 1'!S9 -> 59.769231 | F9: ='9B Sem 2'!S9 -> 58 | G9: =AVERAGE(E9:F9) -> 58.884615 | H9: =RANK(G9,$G$4:$G$57) -> 43
A10: 7 | C10: 15 | D10: M | E10: ='9B Sem 1'!S10 -> 57.692308 | F10: ='9B Sem 2'!S10 -> 56.076923 | G10: =AVERAGE(E10:F10) -> 56.884615 | H10: =RANK(G10,$G$4:$G$57) -> 46
A11: 8 | C11: 14 | D11: M | E11: ='9B Sem 1'!S11 -> 52.461538 | F11: ='9B Sem 2'!S11 -> 54.538462 | G11: =AVERAGE(E11:F11) -> 53.5 | H11: =RANK(G11,$G$4:$G$57) -> 52
A12: 9 | C12: 14 | D12: M | E12: ='9B Sem 1'!S12 -> 75.153846 | F12: ='9B Sem 2'!S12 -> 77.076923 | G12: =AVERAGE(E12:F12) -> 76.115385 | H12: =RANK(G12,$G$4:$G$57) -> 21
A13: 10 | C13: 14 | D13: F | E13: ='9B Sem 1'!S13 -> 69.461538 | F13: ='9B Sem 2'!S13 -> 72.692308 | G13: =AVERAGE(E13:F13) -> 71.076923 | H13: =RANK(G13,$G$4:$G$57) -> 27
A14: 11 | C14: 15 | D14: F | E14: ='9B Sem 1'!S14 -> 77.538462 | F14: ='9B Sem 2'!S14 -> 80.692308 | G14: =AVERAGE(E14:F14) -> 79.115385 | H14: =RANK(G14,$G$4:$G$57) -> 15
A15: 12 | C15: 15 | D15: F | E15: ='9B Sem 1'!S15 -> 85.153846 | F15: ='9B Sem 2'!S15 -> 82.461538 | G15: =AVERAGE(E15:F15) -> 83.807692 | H15: =RANK(G15,$G$4:$G$57) -> 7
... A57: 54 | C57: 15 | D57: M | E57: ='9B Sem 1'!S57 -> 85.615385 | F57: ='9B Sem 2'!S57 -> 85.538462 | G57: =AVERAGE(E57:F57) -> 85.576923 | H57: =RANK(G57,$G$4:$G$57) -> 5
A58: 55 | C58: 15 | D58: M | E58: ='9B Sem 1'!S58 -> 0 | F58: ='9B Sem 2'!S58 -> 0 | G58: =AVERAGE(E58:F58) -> 0
A59: 56 | C59: 15 | D59: F

Sheet 9B Sem 2
A1: Maria Rubbato Catholic School 2016 E.C Roster Grade 9B Student's
A2: Home Room Teacher Grade 9B
A3: No | B3: Student Name | C3: Age | D3: Sex | E3: Amharic | F3: English | G3: Maths | H3: physics | I3: chemistry | J3: Biology | K3: History | L3: Geography | M3: Citizenship | N3: ICT | O3: Economics | P3: H.P.E | Q3: Afan Oromo | R3: Total | S3: Average | T3: Rank | U3: Condc. | V3: Abse.
A4: 1 | C4: 15 | D4: M | E4: 75 | F4: 74 | G4: 89 | H4: 77 | I4: 63 | J4: 77 | K4: 66 | L4: 81 | M4: 66 | N4: 84 | O4: 64 | P4: 91 | Q4: 63 | R4: =SUM(E4:Q4) -> 970 | S4: =AVERAGE(E4:Q4) -> 74.615385 | T4: =RANK(S4,$S$4:$S$59) -> 24
A5: 2 | C5: 14 | D5: M | E5: 58 | F5: 41 | G5: 39 | H5: 58 | I5: 52 | J5: 62 | K5: 60 | L5: 62 | M5: 58 | N5: 72 | O5: 48 | P5: 76 | Q5: 63 | R5: =SUM(E5:Q5) -> 749 | S5: =AVERAGE(E5:Q5) -> 57.615385 | T5: =RANK(S5,$S$4:$S$59) -> 46
A6: 3 | C6: 14 | D6: F | E6: 91 | F6: 90 | G6: 78 | H6: 85 | I6: 85 | J6: 95 | K6: 85 | L6: 92 | M6: 93 | N6: 96 | O6: 97 | P6: 94 | Q6: 63 | R6: =SUM(E6:Q6) -> 1144 | S6: =AVERAGE(E6:Q6) -> 88 | T6: =RANK(S6,$S$4:$S$59) -> 3
A7: 4 | C7: 15 | D7: F | E7: 91 | F7: 78 | G7: 77 | H7: 75 | I7: 77 | J7: 80 | K7: 72 | L7: 87 | M7: 87 | N7: 85 | O7: 89 | P7: 93 | Q7: 64 | R7: =SUM(E7:Q7) -> 1055 | S7: =AVERAGE(E7:Q7) -> 81.153846 | T7: =RANK(S7,$S$4:$S$59) -> 12
A8: 5 | C8: 14 | D8: F | E8: 83 | F8: 66 | G8: 59 | H8: 61 | I8: 65 | J8: 74 | K8: 83 | L8: 61 | M8: 85 | N8: 85 | O8: 78 | P8: 94 | Q8: 64 | R8: =SUM(E8:Q8) -> 958 | S8: =AVERAGE(E8:Q8) -> 73.692308 | T8: =RANK(S8,$S$4:$S$59) -> 25
A9: 6 | C9: 15 | D9: M | E9: 82 | F9: 67 | G9: 44 | H9: 38 | I9: 38 | J9: 50 | K9: 46 | L9: 58 | M9: 68 | N9: 70 | O9: 54 | P9: 73 | Q9: 66 | R9: =SUM(E9:Q9) -> 754 | S9: =AVERAGE(E9:Q9) -> 58 | T9: =RANK(S9,$S$4:$S$59) -> 45
A10: 7 | C10: 15 | D10: M | E10: 63 | F10: 58 | G10: 54 | H10: 52 | I10: 41 | J10: 52 | K10: 46 | L10: 50 | M10: 54 | N10: 66 | O10: 48 | P10: 76 | Q10: 69 | R10: =SUM(E10:Q10) -> 729 | S10: =AVERAGE(E10:Q10) -> 56.076923 | T10: =RANK(S10,$S$4:$S$59) -> 48
A11: 8 | C11: 14 | D11: M | E11: 58 | F11: 52 | G11: 45 | H11: 51 | I11: 32 | J11: 41 | K11: 45 | L11: 55 | M11: 57 | N11: 63 | O11: 68 | P11: 73 | Q11: 69 | R11: =SUM(E11:Q11) -> 709 | S11: =AVERAGE(E11:Q11) -> 54.538462 | T11: =RANK(S11,$S$4:$S$59) -> 49
A12: 9 | C12: 14 | D12: M | E12: 76 | F12: 64 | G12: 82 | H12: 67 | I12: 70 | J12: 76 | K12: 87 | L12: 83 | M12: 73 | N12: 84 | O12: 76 | P12: 94 | Q12: 70 | R12: =SUM(E12:Q12) -> 1002 | S12: =AVERAGE(E12:Q12) -> 77.076923 | T12: =RANK(S12,$S$4:$S$59) -> 20
A13: 10 | C13: 14 | D13: F | E13: 64 | F13: 82 | G13: 78 | H13: 53 | I13: 63 | J13: 71 | K13: 69 | L13: 76 | M13: 76 | N13: 77 | O13: 85 | P13: 90 | Q13: 61 | R13: =SUM(E13:Q13) -> 945 | S13: =AVERAGE(E13:Q13) -> 72.692308 | T13: =RANK(S13,$S$4:$S$59) -> 28
A14: 11 | C14: 15 | D14: F | E14: 78 | F14: 82 | G14: 81 | H14: 72 | I14: 81 | J14: 81 | K14: 71 | L14: 85 | M14: 84 | N14: 91 | O14: 81 | P14: 87 | Q14: 75 | R14: =SUM(E14:Q14) -> 1049 | S14: =AVERAGE(E14:Q14) -> 80.692308 | T14: =RANK(S14,$S$4:$S$59) -> 14
A15: 12 | C15: 15 | D15: F | E15: 85 | F15: 76 | G15: 76 | H15: 72 | I15: 76 | J15: 84 | K15: 85 | L15: 91 | M15: 85 | N15: 94 | O15: 87 | P15: 90 | Q15: 71 | R15: =SUM(E15:Q15) -> 1072 | S15: =AVERAGE(E15:Q15) -> 82.461538 | T15: =RANK(S15,$S$4:$S$59) -> 9
... A59: 56 | C59: 15 | D59: F | E59: 81 | F59: 44 | G59: 52 | H59: 53 | I59: 55 | J59: 64 | K59: 63 | L59: 67 | M59: 62 | N59: 77 | O59: 73 | P59: 87 | Q59: 85 | R59: =SUM(E59:Q59) -> 863 | S59: =AVERAGE(E59:Q59) -> 66.384615 | T59: =RANK(S59,$S$4:$S$59) -> 35

Sheet Roster 10A
A1: Maria Rubbato Catholic School 2016 E.C Roster Grade 10A Student's
A3: Home Room Teacher Grade 10A
A5: No | B5: Student Name | C5: Age | D5: Sex | E5: Semester | F5: Amharic | G5: English | H5: Maths | I5: physics | J5: chemistry | K5: Biology | L5: History | M5: Geography | N5: Civics | O5: ICT | P5: Economics | Q5: H.P.E | R5: Afan Oromo | S5: Total | T5: Average | U5: Rank | V5: Condc. | W5: Abse.
A6: 1 | C6: 15 | D6: F | E6: Semister 1 | F6: ='10A Sem 1'!E4 -> 79 | G6: ='10A Sem 1'!F4 -> 78 | H6: ='10A Sem 1'!G4 -> 64 | I6: ='10A Sem 1'!H4 -> 64 | J6: ='10A Sem 1'!I4 -> 56 | K6: ='10A Sem 1'!J4 -> 68 | L6: ='10A Sem 1'!K4 -> 64 | M6: ='10A Sem 1'!L4 -> 66 | ... W6: ='10A Sem 1'!V4 -> 0
C7: 15 | D7: F | E7: Semister 2 | F7: ='10A Sem 2'!E4 -> 67 | G7: ='10A Sem 2'!F4 -> 74 | H7: ='10A Sem 2'!G4 -> 48 | I7: ='10A Sem 2'!H4 -> 61 | J7: ='10A Sem 2'!I4 -> 55 | K7: ='10A Sem 2'!J4 -> 69 | L7: ='10A Sem 2'!K4 -> 69 | M7: ='10A Sem 2'!L4 -> 69 | ... W7: ='10A Sem 2'!V4 -> 0
C8: 15 | D8: F | E8: Average | F8: =AVERAGE(F6:F7) -> 73 | G8: =AVERAGE(G6:G7) -> 76 | H8: =AVERAGE(H6:H7) -> 56 | I8: =AVERAGE(I6:I7) -> 62.5 | J8: =AVERAGE(J6:J7) -> 55.5 | K8: =AVERAGE(K6:K7) -> 68.5 | L8: =AVERAGE(L6:L7) -> 66.5 | M8: =AVERAGE(M6:M7) -> 67.5 | ... T8: =AVERAGE(T6:T7) -> 71 | U8: ='10A Sem avr'!$H$4 -> 29 | V8: =AVERAGE(V6:V7) -> 0 | W8: =AVERAGE(W6:W7) -> 0
A9: 2 | C9: 15 | D9: F | E9: Semister 1 | F9: ='10A Sem 1'!E5 -> 71 | G9: ='10A Sem 1'!F5 -> 52 | H9: ='10A Sem 1'!G5 -> 70 | I9: ='10A Sem 1'!H5 -> 55 | J9: ='10A Sem 1'!I5 -> 48 | K9: ='10A Sem 1'!J5 -> 58 | L9: ='10A Sem 1'!K5 -> 56 | M9: ='10A Sem 1'!L5 -> 58 | ... W9: ='10A Sem 1'!V5 -> 0
C10: 15 | D10: F | E10: Semister 2 | F10: ='10A Sem 2'!E5 -> 70 | G10: ='10A Sem 2'!F5 -> 64 | H10: ='10A Sem 2'!G5 -> 54 | I10: ='10A Sem 2'!H5 -> 61 | J10: ='10A Sem 2'!I5 -> 42 | K10: ='10A Sem 2'!J5 -> 48 | L10: ='10A Sem 2'!K5 -> 48 | M10: ='10A Sem 2'!L5 -> 76 | ... W10: ='10A Sem 2'!V5 -> 0
C11: 15 | D11: F | E11: Average | F11: =AVERAGE(F9:F10) -> 70.5 | G11: =AVERAGE(G9:G10) -> 58 | H11: =AVERAGE(H9:H10) -> 62 | I11: =AVERAGE(I9:I10) -> 58 | J11: =AVERAGE(J9:J10) -> 45 | K11: =AVERAGE(K9:K10) -> 53 | L11: =AVERAGE(L9:L10) -> 52 | M11: =AVERAGE(M9:M10) -> 67 | ... T11: =AVERAGE(T9:T10) -> 62.961538 | U11: ='10A Sem avr'!$H$5 -> 40 | V11: =AVERAGE(V9:V10) -> 0 | W11: =AVERAGE(W9:W10) -> 0
A12: 3 | C12: 17 | D12: M | E12: Semister 1 | F12: ='10A Sem 1'!E6 -> 96 | G12: ='10A Sem 1'!F6 -> 94 | H12: ='10A Sem 1'!G6 -> 100 | I12: ='10A Sem 1'!H6 -> 100 | J12: ='10A Sem 1'!I6 -> 96 | K12: ='10A Sem 1'!J6 -> 97 | L12: ='10A Sem 1'!K6 -> 90 | M12: ='10A Sem 1'!L6 -> 96 | ... W12: ='10A Sem 1'!V6 -> 0
C13: 17 | D13: M | E13: Semister 2 | F13: ='10A Sem 2'!E6 -> 91 | G13: ='10A Sem 2'!F6 -> 91 | H13: ='10A Sem 2'!G6 -> 95 | I13: ='10A Sem 2'!H6 -> 100 | J13: ='10A Sem 2'!I6 -> 96 | K13: ='10A Sem 2'!J6 -> 98 | L13: ='10A Sem 2'!K6 -> 88 | M13: ='10A Sem 2'!L6 -> 97 | ... W13: ='10A Sem 2'!V6 -> 0
C14: 17 | D14: M | E14: Average | F14: =AVERAGE(F12:F13) -> 93.5 | G14: =AVERAGE(G12:G13) -> 92.5 | H14: =AVERAGE(H12:H13) -> 97.5 | I14: =AVERAGE(I12:I13) -> 100 | J14: =AVERAGE(J12:J13) -> 96 | K14: =AVERAGE(K12:K13) -> 97.5 | L14: =AVERAGE(L12:L13) -> 89 | M14: =AVERAGE(M12:M13) -> 96.5 | ... T14: =AVERAGE(T12:T13) -> 95.076923 | U14: ='10A Sem avr'!$H$6 -> 1 | V14: =AVERAGE(V12:V13) -> 0 | W14: =AVERAGE(W12:W13) -> 0
A15: 4 | C15: 15 | D15: F | E15: Semister 1 | F15: ='10A Sem 1'!E7 -> 81 | G15: ='10A Sem 1'!F7 -> 90 | H15: ='10A Sem 1'!G7 -> 98 | I15: ='10A Sem 1'!H7 -> 98 | J15: ='10A Sem 1'!I7 -> 85 | K15: ='10A Sem 1'!J7 -> 95 | L15: ='10A Sem 1'!K7 -> 95 | M15: ='10A Sem 1'!L7 -> 99 | ... W15: ='10A Sem 1'!V7 -> 0
C16: 15 | D16: F | E16: Semister 2 | F16: ='10A Sem 2'!E7 -> 85 | G16: ='10A Sem 2'!F7 -> 94 | H16: ='10A Sem 2'!G7 -> 90 | I16: ='10A Sem 2'!H7 -> 93 | J16: ='10A Sem 2'!I7 -> 92 | K16: ='10A Sem 2'!J7 -> 92 | L16: ='10A Sem 2'!K7 -> 91 | M16: ='10A Sem 2'!L7 -> 97 | ... W16: ='10A Sem 2'!V7 -> 0
C17: 15 | D17: F | E17: Average | F17: =AVERAGE(F15:F16) -> 83 | G17: =AVERAGE(G15:G16) -> 92 | H17: =AVERAGE(H15:H16) -> 94 | I17: =AVERAGE(I15:I16) -> 95.5 | J17: =AVERAGE(J15:J16) -> 88.5 | K17: =AVERAGE(K15:K16) -> 93.5 | L17: =AVERAGE(L15:L16) -> 93 | M17: =AVERAGE(M15:M16) -> 98 | ... T17: =AVERAGE(T15:T16) -> 93.346154 | U17: ='10A Sem avr'!$H$7 -> 2 | V17: =AVERAGE(V15:V16) -> 0 | W17: =AVERAGE(W15:W16) -> 0
A18: 5 | C18: 14 | D18: M | E18: Semister 1 | F18: ='10A Sem 1'!E8 -> 80 | G18: ='10A Sem 1'!F8 -> 80 | H18: ='10A Sem 1'!G8 -> 88 | I18: ='10A Sem 1'!H8 -> 67 | J18: ='10A Sem 1'!I8 -> 76 | K18: ='10A Sem 1'!J8 -> 78 | L18: ='10A Sem 1'!K8 -> 78 | M18: ='10A Sem 1'!L8 -> 68 | ... W18: ='10A Sem 1'!V8 -> 0
C19: 14 | D19: M | E19: Semister 2 | F19: ='10A Sem 2'!E8 -> 80 | G19: ='10A Sem 2'!F8 -> 80 | H19: ='10A Sem 2'!G8 -> 88 | I19: ='10A Sem 2'!H8 -> 75 | J19: ='10A Sem 2'!I8 -> 79 | K19: ='10A Sem 2'!J8 -> 83 | L19: ='10A Sem 2'!K8 -> 63 | M19: ='10A Sem 2'!L8 -> 85 | ... W19: ='10A Sem 2'!V8 -> 0
C20: 14 | D20: M | E20: Average | F20: =AVERAGE(F18:F19) -> 80 | G20: =AVERAGE(G18:G19) -> 80 | H20: =AVERAGE(H18:H19) -> 88 | I20: =AVERAGE(I18:I19) -> 71 | J20: =AVERAGE(J18:J19) -> 77.5 | K20: =AVERAGE(K18:K19) -> 80.5 | L20: =AVERAGE(L18:L19) -> 70.5 | M20: =AVERAGE(M18:M19) -> 76.5 | ... T20: =AVERAGE(T18:T19) -> 78 | U20: ='10A Sem avr'!$H$8 -> 17 | V20: =AVERAGE(V18:V19) -> 0 | W20: =AVERAGE(W18:W19) -> 0
A21: 6 | C21: 16 | D21: M | E21: Semister 1 | F21: ='10A Sem 1'!E9 -> 85 | G21: ='10A Sem 1'!F9 -> 73 | H21: ='10A Sem 1'!G9 -> 66 | I21: ='10A Sem 1'!H9 -> 63 | J21: ='10A Sem 1'!I9 -> 67 | K21: ='10A Sem 1'!J9 -> 79 | L21: ='10A Sem 1'!K9 -> 76 | M21: ='10A Sem 1'!L9 -> 80 | ... W21: ='10A Sem 1'!V9 -> 0
C22: 16 | D22: M | E22: Semister 2 | F22: ='10A Sem 2'!E9 -> 81 | G22: ='10A Sem 2'!F9 -> 72 | H22: ='10A Sem 2'!G9 -> 61 | I22: ='10A Sem 2'!H9 -> 64 | J22: ='10A Sem 2'!I9 -> 69 | K22: ='10A Sem 2'!J9 -> 73 | L22: ='10A Sem 2'!K9 -> 79 | M22: ='10A Sem 2'!L9 -> 97 | ... W22: ='10A Sem 2'!V9 -> 0
C23: 16 | D23: M | E23: Average | F23: =AVERAGE(F21:F22) -> 83 | G23: =AVERAGE(G21:G22) -> 72.5 | H23: =AVERAGE(H21:H22) -> 63.5 | I23: =AVERAGE(I21:I22) -> 63.5 | J23: =AVERAGE(J21:J22) -> 68 | K23: =AVERAGE(K21:K22) -> 76 | L23: =AVERAGE(L21:L22) -> 77.5 | M23: =AVERAGE(M21:M22) -> 88.5 | ... T23: =AVERAGE(T21:T22) -> 77.5 | U23: ='10A Sem avr'!$H$9 -> 18 | V23: =AVERAGE(V21:V22) -> 0 | W23: =AVERAGE(W21:W22) -> 0
A24: 7 | C24: 15 | D24: F | E24: Semister 1 | F24: ='10A Sem 1'!E10 -> 88 | G24: ='10A Sem 1'!F10 -> 95 | H24: ='10A Sem 1'!G10 -> 97 | I24: ='10A Sem 1'!H10 -> 95 | J24: ='10A Sem 1'!I10 -> 79 | K24: ='10A Sem 1'!J10 -> 93 | L24: ='10A Sem 1'!K10 -> 93 | M24: ='10A Sem 1'!L10 -> 82 | ... W24: ='10A Sem 1'!V10 -> 0
C25: 15 | D25: F | E25: Semister 2 | F25: ='10A Sem 2'!E10 -> 89 | G25: ='10A Sem 2'!F10 -> 91 | H25: ='10A Sem 2'!G10 -> 92 | I25: ='10A Sem 2'!H10 -> 88 | J25: ='10A Sem 2'!I10 -> 91 | K25: ='10A Sem 2'!J10 -> 96 | L25: ='10A Sem 2'!K10 -> 91 | M25: ='10A Sem 2'!L10 -> 98 | ... W25: ='10A Sem 2'!V10 -> 0
C26: 15 | D26: F | E26: Average | F26: =AVERAGE(F24:F25) -> 88.5 | G26: =AVERAGE(G24:G25) -> 93 | H26: =AVERAGE(H24:H25) -> 94.5 | I26: =AVERAGE(I24:I25) -> 91.5 | J26: =AVERAGE(J24:J25) -> 85 | K26: =AVERAGE(K24:K25) -> 94.5 | L26: =AVERAGE(L24:L25) -> 92 | M26: =AVERAGE(M24:M25) -> 90 | ... T26: =AVERAGE(T24:T25) -> 92.423077 | U26: ='10A Sem avr'!$H$10 -> 3 | V26: =AVERAGE(V24:V25) -> 0 | W26: =AVERAGE(W24:W25) -> 0
A27: 8 | C27: 15 | D27: F | E27: Semister 1 | F27: ='10A Sem 1'!E11 -> 73 | G27: ='10A Sem 1'!F11 -> 76 | H27: ='10A Sem 1'!G11 -> 61 | I27: ='10A Sem 1'!H11 -> 43 | J27: ='10A Sem 1'!I11 -> 50 | K27: ='10A Sem 1'!J11 -> 69 | L27: ='10A Sem 1'!K11 -> 52 | M27: ='10A Sem 1'!L11 -> 65 | ... W27: ='10A Sem 1'!V11 -> 0
C28: 15 | D28: F | E28: Semister 2 | F28: ='10A Sem 2'!E11 -> 73 | G28: ='10A Sem 2'!F11 -> 77 | H28: ='10A Sem 2'!G11 -> 48 | I28: ='10A Sem 2'!H11 -> 52 | J28: ='10A Sem 2'!I11 -> 54 | K28: ='10A Sem 2'!J11 -> 75 | L28: ='10A Sem 2'!K11 -> 58 | M28: ='10A Sem 2'!L11 -> 82 | ... W28: ='10A Sem 2'!V11 -> 0
C29: 15 | D29: F | E29: Average | F29: =AVERAGE(F27:F28) -> 73 | G29: =AVERAGE(G27:G28) -> 76.5 | H29: =AVERAGE(H27:H28) -> 54.5 | I29: =AVERAGE(I27:I28) -> 47.5 | J29: =AVERAGE(J27:J28) -> 52 | K29: =AVERAGE(K27:K28) -> 72 | L29: =AVERAGE(L27:L28) -> 55 | M29: =AVERAGE(M27:M28) -> 73.5 | ... T29: =AVERAGE(T27:T28) -> 69.5 | U29: ='10A Sem avr'!$H$11 -> 32 | V29: =AVERAGE(V27:V28) -> 0 | W29: =AVERAGE(W27:W28) -> 0
A30: 9 | C30: 16 | D30: F | E30: Semister 1 | F30: ='10A Sem 1'!E11 -> 73 | G30: ='10A Sem 1'!F11 -> 76 | H30: ='10A Sem 1'!G11 -> 61 | I30: ='10A Sem 1'!H11 -> 43 | J30: ='10A Sem 1'!I11 -> 50 | K30: ='10A Sem 1'!J11 -> 69 | L30: ='10A Sem 1'!K11 -> 52 | M30: ='10A Sem 1'!L11 -> 65 | ... W30: ='10A Sem 1'!V11 -> 0
C31: 16 | D31: F | E31: Semister 2 | F31: ='10A Sem 2'!E12 -> 66 | G31: ='10A Sem 2'!F12 -> 71 | H31: ='10A Sem 2'!G12 -> 61 | I31: ='10A Sem 2'!H12 -> 57 | J31: ='10A Sem 2'!I12 -> 59 | K31: ='10A Sem 2'!J12 -> 71 | L31: ='10A Sem 2'!K12 -> 73 | M31: ='10A Sem 2'!L12 -> 86 | ... W31: ='10A Sem 2'!V12 -> 0
C32: 16 | D32: F | E32: Average | F32: =AVERAGE(F30:F31) -> 69.5 | G32: =AVERAGE(G30:G31) -> 73.5 | H32: =AVERAGE(H30:H31) -> 61 | I32: =AVERAGE(I30:I31) -> 50 | J32: =AVERAGE(J30:J31) -> 54.5 | K32: =AVERAGE(K30:K31) -> 70 | L32: =AVERAGE(L30:L31) -> 62.5 | M32: =AVERAGE(M30:M31) -> 75.5 | ... T32: =AVERAGE(T30:T31) -> 68.192308 | U32: ='10A Sem avr'!$H$12 -> 36 | V32: =AVERAGE(V30:V31) -> 0 | W32: =AVERAGE(W30:W31) -> 0
A33: 10 | C33: 16 | D33: M | E33: Semister 1 | F33: ='10A Sem 1'!E13 -> 63 | G33: ='10A Sem 1'!F13 -> 45 | H33: ='10A Sem 1'!G13 -> 61 | I33: ='10A Sem 1'!H13 -> 53 | J33: ='10A Sem 1'!I13 -> 47 | K33: ='10A Sem 1'!J13 -> 58 | L33: ='10A Sem 1'!K13 -> 56 | M33: ='10A Sem 1'!L13 -> 52 | ... W33: ='10A Sem 1'!V13 -> 0
C34: 16 | D34: M | E34: Semister 2 | F34: ='10A Sem 2'!E13 -> 61 | G34: ='10A Sem 2'!F13 -> 61 | H34: ='10A Sem 2'!G13 -> 39 | I34: ='10A Sem 2'!H13 -> 51 | J34: ='10A Sem 2'!I13 -> 48 | K34: ='10A Sem 2'!J13 -> 58 | L34: ='10A Sem 2'!K13 -> 51 | M34: ='10A Sem 2'!L13 -> 63 | ... W34: ='10A Sem 2'!V13 -> 0
C35: 16 | D35: M | E35: Average | F35: =AVERAGE(F33:F34) -> 62 | G35: =AVERAGE(G33:G34) -> 53 | H35: =AVERAGE(H33:H34) -> 50 | I35: =AVERAGE(I33:I34) -> 52 | J35: =AVERAGE(J33:J34) -> 47.5 | K35: =AVERAGE(K33:K34) -> 58 | L35: =AVERAGE(L33:L34) -> 53.5 | M35: =AVERAGE(M33:M34) -> 57.5 | ... T35: =AVERAGE(T33:T34) -> 58.384615 | U35: ='10A Sem avr'!$H$13 -> 50 | V35: =AVERAGE(V33:V34) -> 0 | W35: =AVERAGE(W33:W34) -> 0
A36: 11 | C36: 15 | D36: F | E36: Semister 1 | F36: ='10A Sem 1'!E14 -> 77 | G36: ='10A Sem 1'!F14 -> 81 | H36: ='10A Sem 1'!G14 -> 60 | I36: ='10A Sem 1'!H14 -> 61 | J36: ='10A Sem 1'!I14 -> 62 | K36: ='10A Sem 1'!J14 -> 80 | L36: ='10A Sem 1'!K14 -> 82 | M36: ='10A Sem 1'!L14 -> 71 | ... W36: ='10A Sem 1'!V14 -> 0
C37: 15 | D37: F | E37: Semister 2 | F37: ='10A Sem 2'!E14 -> 80 | G37: ='10A Sem 2'!F14 -> 80 | H37: ='10A Sem 2'!G14 -> 63 | I37: ='10A Sem 2'!H14 -> 64 | J37: ='10A Sem 2'!I14 -> 62 | K37: ='10A Sem 2'!J14 -> 77 | L37: ='10A Sem 2'!K14 -> 78 | M37: ='10A Sem 2'!L14 -> 86 | ... W37: ='10A Sem 2'!V14 -> 0
C38: 15 | D38: F | E38: Average | F38: =AVERAGE(F36:F37) -> 78.5 | G38: =AVERAGE(G36:G37) -> 80.5 | H38: =AVERAGE(H36:H37) -> 61.5 | I38: =AVERAGE(I36:I37) -> 62.5 | J38: =AVERAGE(J36:J37) -> 62 | K38: =AVERAGE(K36:K37) -> 78.5 | L38: =AVERAGE(L36:L37) -> 80 | M38: =AVERAGE(M36:M37) -> 78.5 | ... T38: =AVERAGE(T36:T37) -> 77.115385 | U38: ='10A Sem avr'!$H$14 -> 19 | V38: =AVERAGE(V36:V37) -> 0 | W38: =AVERAGE(W36:W37) -> 0
A39: 12 | C39: 15 | D39: M | E39: Semister 1 | F39: ='10A Sem 1'!E15 -> 66 | G39: ='10A Sem 1'!F15 -> 53 | H39: ='10A Sem 1'!G15 -> 63 | I39: ='10A Sem 1'!H15 -> 45 | J39: ='10A Sem 1'!I15 -> 40 | K39: ='10A Sem 1'!J15 -> 55 | L39: ='10A Sem 1'!K15 -> 54 | M39: ='10A Sem 1'!L15 -> 52 | ... W39: ='10A Sem 1'!V15 -> 0
C40: 15 | D40: M | E40: Semister 2 | F40: ='10A Sem 2'!E15 -> 64 | G40: ='10A Sem 2'!F15 -> 62 | H40: ='10A Sem 2'!G15 -> 50 | I40: ='10A Sem 2'!H15 -> 55 | J40: ='10A Sem 2'!I15 -> 43 | K40: ='10A Sem 2'!J15 -> 57 | L40: ='10A Sem 2'!K15 -> 57 | M40: ='10A Sem 2'!L15 -> 72 | ... W40: ='10A Sem 2'!V15 -> 0
C41: 15 | D41: M | E41: Average | F41: =AVERAGE(F39:F40) -> 65 | G41: =AVERAGE(G39:G40) -> 57.5 | H41: =AVERAGE(H39:H40) -> 56.5 | I41: =AVERAGE(I39:I40) -> 50 | J41: =AVERAGE(J39:J40) -> 41.5 | K41: =AVERAGE(K39:K40) -> 56 | L41: =AVERAGE(L39:L40) -> 55.5 | M41: =AVERAGE(M39:M40) -> 62 | ... T41: =AVERAGE(T39:T40) -> 60.615385 | U41: ='10A Sem avr'!$H$15 -> 44 | V41: =AVERAGE(V39:V40) -> 0 | W41: =AVERAGE(W39:W40) -> 0
A42: 13 | C42: 16 | D42: F | E42: Semister 1 | F42: ='10A Sem 1'!E16 -> 84 | G42: ='10A Sem 1'!F16 -> 62 | H42: ='10A Sem 1'!G16 -> 65 | I42: ='10A Sem 1'!H16 -> 62 | J42: ='10A Sem 1'!I16 -> 54 | K42: ='10A Sem 1'!J16 -> 67 | L42: ='10A Sem 1'!K16 -> 64 | M42: ='10A Sem 1'!L16 -> 66 | ... W42: ='10A Sem 1'!V16 -> 0
C43: 16 | D43: F | E43: Semister 2 | F43: ='10A Sem 2'!E16 -> 82 | G43: ='10A Sem 2'!F16 -> 63 | H43: ='10A Sem 2'!G16 -> 60 | I43: ='10A Sem 2'!H16 -> 58 | J43: ='10A Sem 2'!I16 -> 54 | K43: ='10A Sem 2'!J16 -> 60 | L43: ='10A Sem 2'!K16 -> 69 | M43: ='10A Sem 2'!L16 -> 84 | ... W43: ='10A Sem 2'!V16 -> 0
C44: 16 | D44: F | E44: Average | F44: =AVERAGE(F42:F43) -> 83 | G44: =AVERAGE(G42:G43) -> 62.5 | H44: =AVERAGE(H42:H43) -> 62.5 | I44: =AVERAGE(I42:I43) -> 60 | J44: =AVERAGE(J42:J43) -> 54 | K44: =AVERAGE(K42:K43) -> 63.5 | L44: =AVERAGE(L42:L43) -> 66.5 | M44: =AVERAGE(M42:M43) -> 75 | ... T44: =AVERAGE(T42:T43) -> 71.730769 | U44: ='10A Sem avr'!$H$16 -> 28 | V44: =AVERAGE(V42:V43) -> 0 | W44: =AVERAGE(W42:W43) -> 0
A45: 14 | C45: 16 | D45: M | E45: Semister 1 | F45: ='10A Sem 1'!E17 -> 87 | G45: ='10A Sem 1'!F17 -> 63 | H45: ='10A Sem 1'!G17 -> 62 | I45: ='10A Sem 1'!H17 -> 58 | J45: ='10A Sem 1'!I17 -> 53 | K45: ='10A Sem 1'!J17 -> 76 | L45: ='10A Sem 1'!K17 -> 81 | M45: ='10A Sem 1'!L17 -> 66 | ... W45: ='10A Sem 1'!V17 -> 0
C46: 16 | D46: M | E46: Semister 2 | F46: ='10A Sem 2'!E17 -> 84 | G46: ='10A Sem 2'!F17 -> 61 | H46: ='10A Sem 2'!G17 -> 48 | I46: ='10A Sem 2'!H17 -> 68 | J46: ='10A Sem 2'!I17 -> 57 | K46: ='10A Sem 2'!J17 -> 72 | L46: ='10A Sem 2'!K17 -> 87 | M46: ='10A Sem 2'!L17 -> 90 | ... W46: ='10A Sem 2'!V17 -> 0
C47: 16 | D47: M | E47: Average | F47: =AVERAGE(F45:F46) -> 85.5 | G47: =AVERAGE(G45:G46) -> 62 | H47: =AVERAGE(H45:H46) -> 55 | I47: =AVERAGE(I45:I46) -> 63 | J47: =AVERAGE(J45:J46) -> 55 | K47: =AVERAGE(K45:K46) -> 74 | L47: =AVERAGE(L45:L46) -> 84 | M47: =AVERAGE(M45:M46) -> 78 | ... T47: =AVERAGE(T45:T46) -> 73.961538 | U47: ='10A Sem avr'!$H$17 -> 25 | V47: =AVERAGE(V45:V46) -> 0 | W47: =AVERAGE(W45:W46) -> 0
A48: 15 | C48: 15 | D48: F | E48: Semister 1 | F48: ='10A Sem 1'!E18 -> 79 | G48: ='10A Sem 1'!F18 -> 78 | H48: ='10A Sem 1'!G18 -> 81 | I48: ='10A Sem 1'!H18 -> 78 | J48: ='10A Sem 1'!I18 -> 65 | K48: ='10A Sem 1'!J18 -> 72 | L48: ='10A Sem 1'!K18 -> 69 | M48: ='10A Sem 1'!L18 -> 63 | ... W48: ='10A Sem 1'!V18 -> 0
C49: 15 | D49: F | E49: Semister 2 | F49: ='10A Sem 2'!E18 -> 80 | G49: ='10A Sem 2'!F18 -> 82 | H49: ='10A Sem 2'!G18 -> 74 | I49: ='10A Sem 2'!H18 -> 74 | J49: ='10A Sem 2'!I18 -> 73 | K49: ='10A Sem 2'!J18 -> 75 | L49: ='10A Sem 2'!K18 -> 74 | M49: ='10A Sem 2'!L18 -> 98 | ... W49: ='10A Sem 2'!V18 -> 0
C50: 15 | D50: F | E50: Average | F50: =AVERAGE(F48:F49) -> 79.5 | G50: =AVERAGE(G48:G49) -> 80 | H50: =AVERAGE(H48:H49) -> 77.5 | I50: =AVERAGE(I48:I49) -> 76 | J50: =AVERAGE(J48:J49) -> 69 | K50: =AVERAGE(K48:K49) -> 73.5 | L50: =AVERAGE(L48:L49) -> 71.5 | M50: =AVERAGE(M48:M49) -> 80.5 | ... T50: =AVERAGE(T48:T49) -> 78.692308 | U50: ='10A Sem avr'!$H$18 -> 16 | V50: =AVERAGE(V48:V49) -> 0 | W50: =AVERAGE(W48:W49) -> 0
A51: 16 | C51: 15 | D51: F | E51: Semister 1 | F51: ='10A Sem 1'!E19 -> 74 | G51: ='10A Sem 1'!F19 -> 61 | H51: ='10A Sem 1'!G19 -> 51 | I51: ='10A Sem 1'!H19 -> 57 | J51: ='10A Sem 1'!I19 -> 55 | K51: ='10A Sem 1'!J19 -> 64 | L51: ='10A Sem 1'!K19 -> 62 | M51: ='10A Sem 1'!L19 -> 65 | ... W51: ='10A Sem 1'!V19 -> 0
C52: 15 | D52: F | E52: Semister 2 | F52: ='10A Sem 2'!E19 -> 73 | G52: ='10A Sem 2'!F19 -> 67 | H52: ='10A Sem 2'!G19 -> 72 | I52: ='10A Sem 2'!H19 -> 49 | J52: ='10A Sem 2'!I19 -> 61 | K52: ='10A Sem 2'!J19 -> 59 | L52: ='10A Sem 2'!K19 -> 55 | M52: ='10A Sem 2'!L19 -> 68 | ... W52: ='10A Sem 2'!V19 -> 0
C53: 15 | D53: F | E53: Average | F53: =AVERAGE(F51:F52) -> 73.5 | G53: =AVERAGE(G51:G52) -> 64 | H53: =AVERAGE(H51:H52) -> 61.5 | I53: =AVERAGE(I51:I52) -> 53 | J53: =AVERAGE(J51:J52) -> 58 | K53: =AVERAGE(K51:K52) -> 61.5 | L53: =AVERAGE(L51:L52) -> 58.5 | M53: =AVERAGE(M51:M52) -> 66.5 | ... T53: =AVERAGE(T51:T52) -> 66.307692 | U53: ='10A Sem avr'!$H$19 -> 37 | V53: =AVERAGE(V51:V52) -> 0 | W53: =AVERAGE(W51:W52) -> 0
A54: 17 | C54: 16 | D54: F | E54: Semister 1 | F54: ='10A Sem 1'!E20 -> 89 | G54: ='10A Sem 1'!F20 -> 81 | H54: ='10A Sem 1'!G20 -> 93 | I54: ='10A Sem 1'!H20 -> 96 | J54: ='10A Sem 1'!I20 -> 89 | K54: ='10A Sem 1'!J20 -> 95 | L54: ='10A Sem 1'!K20 -> 94 | M54: ='10A Sem 1'!L20 -> 99 | ... W54: ='10A Sem 1'!V20 -> 0
C55: 16 | D55: F | E55: Semister 2 | F55: ='10A Sem 2'!E20 -> 72 | G55: ='10A Sem 2'!F20 -> 78 | H55: ='10A Sem 2'!G20 -> 90 | I55: ='10A Sem 2'!H20 -> 83 | J55: ='10A Sem 2'!I20 -> 95 | K55: ='10A Sem 2'!J20 -> 97 | L55: ='10A Sem 2'!K20 -> 95 | M55: ='10A Sem 2'!L20 -> 100 | ... W55: ='10A Sem 2'!V20 -> 0
C56: 16 | D56: F | E56: Average | F56: =AVERAGE(F54:F55) -> 80.5 | G56: =AVERAGE(G54:G55) -> 79.5 | H56: =AVERAGE(H54:H55) -> 91.5 | I56: =AVERAGE(I54:I55) -> 89.5 | J56: =AVERAGE(J54:J55) -> 92 | K56: =AVERAGE(K54:K55) -> 96 | L56: =AVERAGE(L54:L55) -> 94.5 | M56: =AVERAGE(M54:M55) -> 99.5 | ... T56: =AVERAGE(T54:T55) -> 90.730769 | U56: ='10A Sem avr'!$H$20 -> 4 | V56: =AVERAGE(V54:V55) -> 0 | W56: =AVERAGE(W54:W55) -> 0
A57: 18 | C57: 16 | D57: M | E57: Semister 1 | F57: ='10A Sem 1'!E21 -> 83 | G57: ='10A Sem 1'!F21 -> 84 | H57: ='10A Sem 1'!G21 -> 89 | I57: ='10A Sem 1'!H21 -> 90 | J57: ='10A Sem 1'!I21 -> 87 | K57: ='10A Sem 1'!J21 -> 89 | L57: ='10A Sem 1'!K21 -> 77 | M57: ='10A Sem 1'!L21 -> 83 | ... W57: ='10A Sem 1'!V21 -> 0
C58: 16 | D58: M | E58: Semister 2 | F58: ='10A Sem 2'!E21 -> 69 | G58: ='10A Sem 2'!F21 -> 80 | H58: ='10A Sem 2'!G21 -> 77 | I58: ='10A Sem 2'!H21 -> 74 | J58: ='10A Sem 2'!I21 -> 91 | K58: ='10A Sem 2'!J21 -> 86 | L58: ='10A Sem 2'!K21 -> 82 | M58: ='10A Sem 2'!L21 -> 90 | ... W58: ='10A Sem 2'!V21 -> 0
C59: 16 | D59: M | E59: Average | F59: =AVERAGE(F57:F58) -> 76 | G59: =AVERAGE(G57:G58) -> 82 | H59: =AVERAGE(H57:H58) -> 83 | I59: =AVERAGE(I57:I58) -> 82 | J59: =AVERAGE(J57:J58) -> 89 | K59: =AVERAGE(K57:K58) -> 87.5 | L59: =AVERAGE(L57:L58) -> 79.5 | M59: =AVERAGE(M57:M58) -> 86.5 | ... T59: =AVERAGE(T57:T58) -> 83.192308 | U59: ='10A Sem avr'!$H$21 -> 9 | V59: =AVERAGE(V57:V58) -> 0 | W59: =AVERAGE(W57:W58) -> 0
A60: 19 | C60: 16 | D60: F | E60: Semister 1 | F60: ='10A Sem 1'!E22 -> 77 | G60: ='10A Sem 1'!F22 -> 79 | H60: ='10A Sem 1'!G22 -> 72 | I60: ='10A Sem 1'!H22 -> 66 | J60: ='10A Sem 1'!I22 -> 59 | K60: ='10A Sem 1'!J22 -> 64 | L60: ='10A Sem 1'!K22 -> 75 | M60: ='10A Sem 1'!L22 -> 71 | ... W60: ='10A Sem 1'!V22 -> 0
C61: 16 | D61: F | E61: Semister 2 | F61: ='10A Sem 2'!E22 -> 74 | G61: ='10A Sem 2'!F22 -> 81 | H61: ='10A Sem 2'!G22 -> 70 | I61: ='10A Sem 2'!H22 -> 72 | J61: ='10A Sem 2'!I22 -> 62 | K61: ='10A Sem 2'!J22 -> 66 | L61: ='10A Sem 2'!K22 -> 73 | M61: ='10A Sem 2'!L22 -> 87 | ... W61: ='10A Sem 2'!V22 -> 0
C62: 16 | D62: F | E62: Average | F62: =AVERAGE(F60:F61) -> 75.5 | G62: =AVERAGE(G60:G61) -> 80 | H62: =AVERAGE(H60:H61) -> 71 | I62: =AVERAGE(I60:I61) -> 69 | J62: =AVERAGE(J60:J61) -> 60.5 | K62: =AVERAGE(K60:K61) -> 65 | L62: =AVERAGE(L60:L61) -> 74 | M62: =AVERAGE(M60:M61) -> 79 | ... T62: =AVERAGE(T60:T61) -> 75.5 | U62: ='10A Sem avr'!$H$22 -> 23 | V62: =AVERAGE(V60:V61) -> 0 | W62: =AVERAGE(W60:W61) -> 0
A63: 20 | C63: 15 | D63: F | E63: Semister 1 | F63: ='10A Sem 1'!E23 -> 88 | G63: ='10A Sem 1'!F23 -> 81 | H63: ='10A Sem 1'!G23 -> 87 | I63: ='10A Sem 1'!H23 -> 81 | J63: ='10A Sem 1'!I23 -> 70 | K63: ='10A Sem 1'!J23 -> 82 | L63: ='10A Sem 1'!K23 -> 74 | M63: ='10A Sem 1'!L23 -> 81 | ... W63: ='10A Sem 1'!V23 -> 0
C64: 15 | D64: F | E64: Semister 2 | F64: ='10A Sem 2'!E23 -> 83 | G64: ='10A Sem 2'!F23 -> 72 | H64: ='10A Sem 2'!G23 -> 68 | I64: ='10A Sem 2'!H23 -> 77 | J64: ='10A Sem 2'!I23 -> 79 | K64: ='10A Sem 2'!J23 -> 73 | L64: ='10A Sem 2'!K23 -> 76 | M64: ='10A Sem 2'!L23 -> 96 | ... W64: ='10A Sem 2'!V23 -> 0
C65: 15 | D65: F | E65: Average | F65: =AVERAGE(F63:F64) -> 85.5 | G65: =AVERAGE(G63:G64) -> 76.5 | H65: =AVERAGE(H63:H64) -> 77.5 | I65: =AVERAGE(I63:I64) -> 79 | J65: =AVERAGE(J63:J64) -> 74.5 | K65: =AVERAGE(K63:K64) -> 77.5 | L65: =AVERAGE(L63:L64) -> 75 | M65: =AVERAGE(M63:M64) -> 88.5 | ... T65: =AVERAGE(T63:T64) -> 81.653846 | U65: ='10A Sem avr'!$H$23 -> 10 | V65: =AVERAGE(V63:V64) -> 0 | W65: =AVERAGE(W63:W64) -> 0
A66: 21 | C66: 16 | D66: M | E66: Semister 1 | F66: ='10A Sem 1'!E24 -> 64 | G66: ='10A Sem 1'!F24 -> 57 | H66: ='10A Sem 1'!G24 -> 63 | I66: ='10A Sem 1'!H24 -> 52 | J66: ='10A Sem 1'!I24 -> 58 | K66: ='10A Sem 1'!J24 -> 70 | L66: ='10A Sem 1'!K24 -> 58 | M66: ='10A Sem 1'!L24 -> 69 | ... W66: ='10A Sem 1'!V24 -> 0
C67: 16 | D67: M | E67: Semister 2 | F67: ='10A Sem 2'!E24 -> 69 | G67: ='10A Sem 2'!F24 -> 62 | H67: ='10A Sem 2'!G24 -> 57 | I67: ='10A Sem 2'!H24 -> 59 | J67: ='10A Sem 2'!I24 -> 50 | K67: ='10A Sem 2'!J24 -> 71 | L67: ='10A Sem 2'!K24 -> 65 | M67: ='10A Sem 2'!L24 -> 82 | ... W67: ='10A Sem 2'!V24 -> 0
C68: 16 | D68: M | E68: Average | F68: =AVERAGE(F66:F67) -> 66.5 | G68: =AVERAGE(G66:G67) -> 59.5 | H68: =AVERAGE(H66:H67) -> 60 | I68: =AVERAGE(I66:I67) -> 55.5 | J68: =AVERAGE(J66:J67) -> 54 | K68: =AVERAGE(K66:K67) -> 70.5 | L68: =AVERAGE(L66:L67) -> 61.5 | M68: =AVERAGE(M66:M67) -> 75.5 | ... T68: =AVERAGE(T66:T67) -> 66 | U68: ='10A Sem avr'!$H$24 -> 38 | V68: =AVERAGE(V66:V67) -> 0 | W68: =AVERAGE(W66:W67) -> 0
A69: 22 | C69: 15 | D69: F | E69: Semister 1 | F69: ='10A Sem 1'!E25 -> 89 | G69: ='10A Sem 1'!F25 -> 85 | H69: ='10A Sem 1'!G25 -> 86 | I69: ='10A Sem 1'!H25 -> 82 | J69: ='10A Sem 1'!I25 -> 81 | K69: ='10A Sem 1'!J25 -> 86 | L69: ='10A Sem 1'!K25 -> 88 | M69: ='10A Sem 1'!L25 -> 87 | ... W69: ='10A Sem 1'!V25 -> 0
C70: 15 | D70: F | E70: Semister 2 | F70: ='10A Sem 2'!E25 -> 85 | G70: ='10A Sem 2'!F25 -> 87 | H70: ='10A Sem 2'!G25 -> 74 | I70: ='10A Sem 2'!H25 -> 79 | J70: ='10A Sem 2'!I25 -> 88 | K70: ='10A Sem 2'!J25 -> 88 | L70: ='10A Sem 2'!K25 -> 92 | M70: ='10A Sem 2'!L25 -> 96 | ... W70: ='10A Sem 2'!V25 -> 0
C71: 15 | D71: F | E71: Average | F71: =AVERAGE(F69:F70) -> 87 | G71: =AVERAGE(G69:G70) -> 86 | H71: =AVERAGE(H69:H70) -> 80 | I71: =AVERAGE(I69:I70) -> 80.5 | J71: =AVERAGE(J69:J70) -> 84.5 | K71: =AVERAGE(K69:K70) -> 87 | L71: =AVERAGE(L69:L70) -> 90 | M71: =AVERAGE(M69:M70) -> 91.5 | ... T71: =AVERAGE(T69:T70) -> 87.923077 | U71: ='10A Sem avr'!$H$25 -> 5 | V71: =AVERAGE(V69:V70) -> 0 | W71: =AVERAGE(W69:W70) -> 0
A72: 23 | C72: 16 | D72: M | E72: Semister 1 | F72: ='10A Sem 1'!E26 -> 77 | G72: ='10A Sem 1'!F26 -> 84 | H72: ='10A Sem 1'!G26 -> 90 | I72: ='10A Sem 1'!H26 -> 91 | J72: ='10A Sem 1'!I26 -> 79 | K72: ='10A Sem 1'!J26 -> 85 | L72: ='10A Sem 1'!K26 -> 90 | M72: ='10A Sem 1'!L26 -> 87 | ... W72: ='10A Sem 1'!V26 -> 0
C73: 16 | D73: M | E73: Semister 2 | F73: ='10A Sem 2'!E26 -> 72 | G73: ='10A Sem 2'!F26 -> 85 | H73: ='10A Sem 2'!G26 -> 83 | I73: ='10A Sem 2'!H26 -> 81 | J73: ='10A Sem 2'!I26 -> 89 | K73: ='10A Sem 2'!J26 -> 91 | L73: ='10A Sem 2'!K26 -> 92 | M73: ='10A Sem 2'!L26 -> 97 | ... W73: ='10A Sem 2'!V26 -> 0
C74: 16 | D74: M | E74: Average | F74: =AVERAGE(F72:F73) -> 74.5 | G74: =AVERAGE(G72:G73) -> 84.5 | H74: =AVERAGE(H72:H73) -> 86.5 | I74: =AVERAGE(I72:I73) -> 86 | J74: =AVERAGE(J72:J73) -> 84 | K74: =AVERAGE(K72:K73) -> 88 | L74: =AVERAGE(L72:L73) -> 91 | M74: =AVERAGE(M72:M73) -> 92 | ... T74: =AVERAGE(T72:T73) -> 87.807692 | U74: ='10A Sem avr'!$H$26 -> 6 | V74: =AVERAGE(V72:V73) -> 0 | W74: =AVERAGE(W72:W73) -> 0
A75: 24 | C75: 15 | D75: F | E75: Semister 1 | F75: ='10A Sem 1'!E27 -> 82 | G75: ='10A Sem 1'!F27 -> 77 | H75: ='10A Sem 1'!G27 -> 73 | I75: ='10A Sem 1'!H27 -> 73 | J75: ='10A Sem 1'!I27 -> 62 | K75: ='10A Sem 1'!J27 -> 70 | L75: ='10A Sem 1'!K27 -> 66 | M75: ='10A Sem 1'!L27 -> 76 | ... W75: ='10A Sem 1'!V27 -> 0
C76: 15 | D76: F | E76: Semister 2 | F76: ='10A Sem 2'!E27 -> 86 | G76: ='10A Sem 2'!F27 -> 81 | H76: ='10A Sem 2'!G27 -> 56 | I76: ='10A Sem 2'!H27 -> 70 | J76: ='10A Sem 2'!I27 -> 65 | K76: ='10A Sem 2'!J27 -> 78 | L76: ='10A Sem 2'!K27 -> 71 | M76: ='10A Sem 2'!L27 -> 94 | ... W76: ='10A Sem 2'!V27 -> 0
C77: 15 | D77: F | E77: Average | F77: =AVERAGE(F75:F76) -> 84 | G77: =AVERAGE(G75:G76) -> 79 | H77: =AVERAGE(H75:H76) -> 64.5 | I77: =AVERAGE(I75:I76) -> 71.5 | J77: =AVERAGE(J75:J76) -> 63.5 | K77: =AVERAGE(K75:K76) -> 74 | L77: =AVERAGE(L75:L76) -> 68.5 | M77: =AVERAGE(M75:M76) -> 85 | ... T77: =AVERAGE(T75:T76) -> 76.807692 | U77: ='10A Sem avr'!$H$27 -> 20 | V77: =AVERAGE(V75:V76) -> 0 | W77: =AVERAGE(W75:W76) -> 0
A78: 25 | C78: 15 | D78: F | E78: Semister 1 | F78: ='10A Sem 1'!E28 -> 89 | G78: ='10A Sem 1'!F28 -> 74 | H78: ='10A Sem 1'!G28 -> 91 | I78: ='10A Sem 1'!H28 -> 80 | J78: ='10A Sem 1'!I28 -> 76 | K78: ='10A Sem 1'!J28 -> 90 | L78: ='10A Sem 1'!K28 -> 82 | M78: ='10A Sem 1'!L28 -> 83 | ... W78: ='10A Sem 1'!V28 -> 0
C79: 15 | D79: F | E79: Semister 2 | F79: ='10A Sem 2'!E28 -> 81 | G79: ='10A Sem 2'!F28 -> 77 | H79: ='10A Sem 2'!G28 -> 87 | I79: ='10A Sem 2'!H28 -> 88 | J79: ='10A Sem 2'!I28 -> 72 | K79: ='10A Sem 2'!J28 -> 91 | L79: ='10A Sem 2'!K28 -> 84 | M79: ='10A Sem 2'!L28 -> 94 | ... W79: ='10A Sem 2'!V28 -> 0
C80: 15 | D80: F | E80: Average | F80: =AVERAGE(F78:F79) -> 85 | G80: =AVERAGE(G78:G79) -> 75.5 | H80: =AVERAGE(H78:H79) -> 89 | I80: =AVERAGE(I78:I79) -> 84 | J80: =AVERAGE(J78:J79) -> 74 | K80: =AVERAGE(K78:K79) -> 90.5 | L80: =AVERAGE(L78:L79) -> 83 | M80: =AVERAGE(M78:M79) -> 88.5 | ... T80: =AVERAGE(T78:T79) -> 84.615385 | U80: ='10A Sem avr'!$H$28 -> 7 | V80: =AVERAGE(V78:V79) -> 0 | W80: =AVERAGE(W78:W79) -> 0
A81: 26 | C81: 16 | D81: M | E81: Semister 1 | F81: ='10A Sem 1'!E29 -> 90 | G81: ='10A Sem 1'!F29 -> 85 | H81: ='10A Sem 1'!G29 -> 79 | I81: ='10A Sem 1'!H29 -> 80 | J81: ='10A Sem 1'!I29 -> 72 | K81: ='10A Sem 1'!J29 -> 84 | L81: ='10A Sem 1'!K29 -> 79 | M81: ='10A Sem 1'!L29 -> 78 | ... W81: ='10A Sem 1'!V29 -> 0
C82: 16 | D82: M | E82: Semister 2 | F82: ='10A Sem 2'!E29 -> 87 | G82: ='10A Sem 2'!F29 -> 87 | H82: ='10A Sem 2'!G29 -> 65 | I82: ='10A Sem 2'!H29 -> 72 | J82: ='10A Sem 2'!I29 -> 77 | K82: ='10A Sem 2'!J29 -> 84 | L82: ='10A Sem 2'!K29 -> 81 | M82: ='10A Sem 2'!L29 -> 95 | ... W82: ='10A Sem 2'!V29 -> 0
C83: 16 | D83: M | E83: Average | F83: =AVERAGE(F81:F82) -> 88.5 | G83: =AVERAGE(G81:G82) -> 86 | H83: =AVERAGE(H81:H82) -> 72 | I83: =AVERAGE(I81:I82) -> 76 | J83: =AVERAGE(J81:J82) -> 74.5 | K83: =AVERAGE(K81:K82) -> 84 | L83: =AVERAGE(L81:L82) -> 80 | M83: =AVERAGE(M81:M82) -> 86.5 | ... T83: =AVERAGE(T81:T82) -> 80.846154 | U83: ='10A Sem avr'!$H$29 -> 11 | V83: =AVERAGE(V81:V82) -> 0 | W83: =AVERAGE(W81:W82) -> 0
A84: 27 | C84: 15 | D84: M | E84: Semister 1 | F84: ='10A Sem 1'!E30 -> 88 | G84: ='10A Sem 1'!F30 -> 71 | H84: ='10A Sem 1'!G30 -> 87 | I84: ='10A Sem 1'!H30 -> 68 | J84: ='10A Sem 1'!I30 -> 65 | K84: ='10A Sem 1'!J30 -> 73 | L84: ='10A Sem 1'!K30 -> 62 | M84: ='10A Sem 1'!L30 -> 68 | ... W84: ='10A Sem 1'!V30 -> 0
C85: 15 | D85: M | E85: Semister 2 | F85: ='10A Sem 2'!E30 -> 83 | G85: ='10A Sem 2'!F30 -> 80 | H85: ='10A Sem 2'!G30 -> 67 | I85: ='10A Sem 2'!H30 -> 65 | J85: ='10A Sem 2'!I30 -> 59 | K85: ='10A Sem 2'!J30 -> 78 | L85: ='10A Sem 2'!K30 -> 57 | M85: ='10A Sem 2'!L30 -> 73 | ... W85: ='10A Sem 2'!V30 -> 0
C86: 15 | D86: M | E86: Average | F86: =AVERAGE(F84:F85) -> 85.5 | G86: =AVERAGE(G84:G85) -> 75.5 | H86: =AVERAGE(H84:H85) -> 77 | I86: =AVERAGE(I84:I85) -> 66.5 | J86: =AVERAGE(J84:J85) -> 62 | K86: =AVERAGE(K84:K85) -> 75.5 | L86: =AVERAGE(L84:L85) -> 59.5 | M86: =AVERAGE(M84:M85) -> 70.5 | ... T86: =AVERAGE(T84:T85) -> 75.230769 | U86: ='10A Sem avr'!$H$30 -> 24 | V86: =AVERAGE(V84:V85) -> 0 | W86: =AVERAGE(W84:W85) -> 0
A87: 28 | C87: 16 | D87: F | E87: Semister 1 | F87: ='10A Sem 1'!E31 -> 70 | G87: ='10A Sem 1'!F31 -> 47 | H87: ='10A Sem 1'!G31 -> 60 | I87: ='10A Sem 1'!H31 -> 53 | J87: ='10A Sem 1'!I31 -> 51 | K87: ='10A Sem 1'!J31 -> 58 | L87: ='10A Sem 1'!K31 -> 70 | M87: ='10A Sem 1'!L31 -> 55 | ... W87: ='10A Sem 1'!V31 -> 0
C88: 16 | D88: F | E88: Semister 2 | F88: ='10A Sem 2'!E31 -> 64 | G88: ='10A Sem 2'!F31 -> 66 | H88: ='10A Sem 2'!G31 -> 50 | I88: ='10A Sem 2'!H31 -> 54 | J88: ='10A Sem 2'!I31 -> 39 | K88: ='10A Sem 2'!J31 -> 54 | L88: ='10A Sem 2'!K31 -> 63 | M88: ='10A Sem 2'!L31 -> 67 | ... W88: ='10A Sem 2'!V31 -> 0
C89: 16 | D89: F | E89: Average | F89: =AVERAGE(F87:F88) -> 67 | G89: =AVERAGE(G87:G88) -> 56.5 | H89: =AVERAGE(H87:H88) -> 55 | I89: =AVERAGE(I87:I88) -> 53.5 | J89: =AVERAGE(J87:J88) -> 45 | K89: =AVERAGE(K87:K88) -> 56 | L89: =AVERAGE(L87:L88) -> 66.5 | M89: =AVERAGE(M87:M88) -> 61 | ... T89: =AVERAGE(T87:T88) -> 62.269231 | U89: ='10A Sem avr'!$H$31 -> 41 | V89: =AVERAGE(V87:V88) -> 0 | W89: =AVERAGE(W87:W88) -> 0
A90: 29 | C90: 15 | D90: F | E90: Semister 1 | F90: ='10A Sem 1'!E32 -> 77 | G90: ='10A Sem 1'!F32 -> 86 | H90: ='10A Sem 1'!G32 -> 76 | I90: ='10A Sem 1'!H32 -> 60 | J90: ='10A Sem 1'!I32 -> 71 | K90: ='10A Sem 1'!J32 -> 86 | L90: ='10A Sem 1'!K32 -> 82 | M90: ='10A Sem 1'!L32 -> 77 | ... W90: ='10A Sem 1'!V32 -> 0
C91: 15 | D91: F | E91: Semister 2 | F91: ='10A Sem 2'!E32 -> 77 | G91: ='10A Sem 2'!F32 -> 86 | H91: ='10A Sem 2'!G32 -> 76 | I91: ='10A Sem 2'!H32 -> 71 | J91: ='10A Sem 2'!I32 -> 80 | K91: ='10A Sem 2'!J32 -> 83 | L91: ='10A Sem 2'!K32 -> 77 | M91: ='10A Sem 2'!L32 -> 95 | ... W91: ='10A Sem 2'!V32 -> 0
C92: 15 | D92: F | E92: Average | F92: =AVERAGE(F90:F91) -> 77 | G92: =AVERAGE(G90:G91) -> 86 | H92: =AVERAGE(H90:H91) -> 76 | I92: =AVERAGE(I90:I91) -> 65.5 | J92: =AVERAGE(J90:J91) -> 75.5 | K92: =AVERAGE(K90:K91) -> 84.5 | L92: =AVERAGE(L90:L91) -> 79.5 | M92: =AVERAGE(M90:M91) -> 86 | ... T92: =AVERAGE(T90:T91) -> 83.730769 | U92: ='10A Sem avr'!$H$32 -> 8 | V92: =AVERAGE(V90:V91) -> 0 | W92: =AVERAGE(W90:W91) -> 0
A93: 30 | C93: 15 | D93: F | E93: Semister 1 | F93: ='10A Sem 1'!E33 -> 84 | G93: ='10A Sem 1'!F33 -> 56 | H93: ='10A Sem 1'!G33 -> 54 | I93: ='10A Sem 1'!H33 -> 50 | J93: ='10A Sem 1'!I33 -> 53 | K93: ='10A Sem 1'!J33 -> 52 | L93: ='10A Sem 1'!K33 -> 58 | M93: ='10A Sem 1'!L33 -> 57 | ... W93: ='10A Sem 1'!V33 -> 0
C94: 15 | D94: F | E94: Semister 2 | F94: ='10A Sem 2'!E33 -> 70 | G94: ='10A Sem 2'!F33 -> 57 | H94: ='10A Sem 2'!G33 -> 46 | I94: ='10A Sem 2'!H33 -> 57 | J94: ='10A Sem 2'!I33 -> 48 | K94: ='10A Sem 2'!J33 -> 50 | L94: ='10A Sem 2'!K33 -> 44 | M94: ='10A Sem 2'!L33 -> 71 | ... W94: ='10A Sem 2'!V33 -> 0
C95: 15 | D95: F | E95: Average | F95: =AVERAGE(F93:F94) -> 77 | G95: =AVERAGE(G93:G94) -> 56.5 | H95: =AVERAGE(H93:H94) -> 50 | I95: =AVERAGE(I93:I94) -> 53.5 | J95: =AVERAGE(J93:J94) -> 50.5 | K95: =AVERAGE(K93:K94) -> 51 | L95: =AVERAGE(L93:L94) -> 51 | M95: =AVERAGE(M93:M94) -> 64 | ... T95: =AVERAGE(T93:T94) -> 62 | U95: ='10A Sem avr'!$H$33 -> 42 | V95: =AVERAGE(V93:V94) -> 0 | W95: =AVERAGE(W93:W94) -> 0
A96: 31 | C96: 15 | D96: F | E96: Semister 1 | F96: ='10A Sem 1'!E34 -> 83 | G96: ='10A Sem 1'!F34 -> 61 | H96: ='10A Sem 1'!G34 -> 53 | I96: ='10A Sem 1'!H34 -> 56 | J96: ='10A Sem 1'!I34 -> 56 | K96: ='10A Sem 1'!J34 -> 69 | L96: ='10A Sem 1'!K34 -> 68 | M96: ='10A Sem 1'!L34 -> 65 | ... W96: ='10A Sem 1'!V34 -> 0
C97: 15 | D97: F | E97: Semister 2 | F97: ='10A Sem 2'!E34 -> 87 | G97: ='10A Sem 2'!F34 -> 65 | H97: ='10A Sem 2'!G34 -> 52 | I97: ='10A Sem 2'!H34 -> 58 | J97: ='10A Sem 2'!I34 -> 52 | K97: ='10A Sem 2'!J34 -> 62 | L97: ='10A Sem 2'!K34 -> 56 | M97: ='10A Sem 2'!L34 -> 73 | ... W97: ='10A Sem 2'!V34 -> 0
C98: 15 | D98: F | E98: Average | F98: =AVERAGE(F96:F97) -> 85 | G98: =AVERAGE(G96:G97) -> 63 | H98: =AVERAGE(H96:H97) -> 52.5 | I98: =AVERAGE(I96:I97) -> 57 | J98: =AVERAGE(J96:J97) -> 54 | K98: =AVERAGE(K96:K97) -> 65.5 | L98: =AVERAGE(L96:L97) -> 62 | M98: =AVERAGE(M96:M97) -> 69 | ... T98: =AVERAGE(T96:T97) -> 69.230769 | U98: ='10A Sem avr'!$H$34 -> 33 | V98: =AVERAGE(V96:V97) -> 0 | W98: =AVERAGE(W96:W97) -> 0
A99: 32 | C99: 18 | D99: F | E99: Semister 1 | F99: ='10A Sem 1'!E35 -> 85 | G99: ='10A Sem 1'!F35 -> 86 | H99: ='10A Sem 1'!G35 -> 79 | I99: ='10A Sem 1'!H35 -> 79 | J99: ='10A Sem 1'!I35 -> 70 | K99: ='10A Sem 1'!J35 -> 84 | L99: ='10A Sem 1'!K35 -> 74 | M99: ='10A Sem 1'!L35 -> 76 | ... W99: ='10A Sem 1'!V35 -> 0
C100: 18 | D100: F | E100: Semister 2 | F100: ='10A Sem 2'!E35 -> 80 | G100: ='10A Sem 2'!F35 -> 87 | H100: ='10A Sem 2'!G35 -> 76 | I100: ='10A Sem 2'!H35 -> 69 | J100: ='10A Sem 2'!I35 -> 73 | K100: ='10A Sem 2'!J35 -> 80 | L100: ='10A Sem 2'!K35 -> 71 | M100: ='10A Sem 2'!L35 -> 87 | ... W100: ='10A Sem 2'!V35 -> 0
C101: 18 | D101: F | E101: Average | F101: =AVERAGE(F99:F100) -> 82.5 | G101: =AVERAGE(G99:G100) -> 86.5 | H101: =AVERAGE(H99:H100) -> 77.5 | I101: =AVERAGE(I99:I100) -> 74 | J101: =AVERAGE(J99:J100) -> 71.5 | K101: =AVERAGE(K99:K100) -> 82 | L101: =AVERAGE(L99:L100) -> 72.5 | M101: =AVERAGE(M99:M100) -> 81.5 | ... T101: =AVERAGE(T99:T100) -> 79.346154 | U101: ='10A Sem avr'!$H$35 -> 14 | V101: =AVERAGE(V99:V100) -> 0 | W101: =AVERAGE(W99:W100) -> 0
A102: 33 | C102: 17 | D102: F | E102: Semister 1 | F102: ='10A Sem 1'!E36 -> 91 | G102: ='10A Sem 1'!F36 -> 80 | H102: ='10A Sem 1'!G36 -> 82 | I102: ='10A Sem 1'!H36 -> 73 | J102: ='10A Sem 1'!I36 -> 75 | K102: ='10A Sem 1'!J36 -> 76 | L102: ='10A Sem 1'!K36 -> 75 | M102: ='10A Sem 1'!L36 -> 74 | ... W102: ='10A Sem 1'!V36 -> 0
...

Sheet 10A Sem 1
A1: Maria Rubbato Catholic School 2016 E.C Roster Grade 10A Student's
A2: Home Room Teacher Grade 10A
A3: No | B3: Student Name | C3: Age | D3: Sex | E3: Amharic | F3: English | G3: Maths | H3: physics | I3: chemistry | J3: Biology | K3: History | L3: Geography | M3: Citizenship | N3: ICT | O3: Economics | P3: H.P.E | Q3: Afan Oromo | R3: Total | S3: Average | T3: Rank | U3: Condc. | V3: Abse.
A4: 1 | C4: 15 | D4: F | E4: 79 | F4: 78 | G4: 64 | H4: 64 | I4: 56 | J4: 68 | K4: 64 | L4: 66 | M4: 73 | N4: 87 | O4: 68 | P4: 93 | Q4: 87 | R4: =SUM(E4:Q4) -> 947 | S4: =AVERAGE(E4:Q4) -> 72.846154 | T4: =RANK(S4,$S$4:$S$54) -> 28
A5: 2 | C5: 15 | D5: F | E5: 71 | F5: 52 | G5: 70 | H5: 55 | I5: 48 | J5: 58 | K5: 56 | L5: 58 | M5: 63 | N5: 88 | O5: 56 | P5: 80 | Q5: 72 | R5: =SUM(E5:Q5) -> 827 | S5: =AVERAGE(E5:Q5) -> 63.615385 | T5: =RANK(S5,$S$4:$S$54) -> 42
A6: 3 | C6: 17 | D6: M | E6: 96 | F6: 94 | G6: 100 | H6: 100 | I6: 96 | J6: 97 | K6: 90 | L6: 96 | M6: 93 | N6: 100 | O6: 98 | P6: 96 | Q6: 98 | R6: =SUM(E6:Q6) -> 1254 | S6: =AVERAGE(E6:Q6) -> 96.461538 | T6: =RANK(S6,$S$4:$S$54) -> 1
A7: 4 | C7: 15 | D7: F | E7: 81 | F7: 90 | G7: 98 | H7: 98 | I7: 85 | J7: 95 | K7: 95 | L7: 99 | M7: 99 | N7: 100 | O7: 95 | P7: 95 | Q7: 95 | R7: =SUM(E7:Q7) -> 1225 | S7: =AVERAGE(E7:Q7) -> 94.230769 | T7: =RANK(S7,$S$4:$S$54) -> 2
A8: 5 | C8: 14 | D8: M | E8: 80 | F8: 80 | G8: 88 | H8: 67 | I8: 76 | J8: 78 | K8: 78 | L8: 68 | M8: 79 | N8: 92 | O8: 83 | P8: 67 | Q8: 87 | R8: =SUM(E8:Q8) -> 1023 | S8: =AVERAGE(E8:Q8) -> 78.692308 | T8: =RANK(S8,$S$4:$S$54) -> 17
A9: 6 | C9: 16 | D9: M | E9: 85 | F9: 73 | G9: 66 | H9: 63 | I9: 67 | J9: 79 | K9: 76 | L9: 80 | M9: 85 | N9: 75 | O9: 92 | P9: 92 | Q9: 81 | R9: =SUM(E9:Q9) -> 1014 | S9: =AVERAGE(E9:Q9) -> 78 | T9: =RANK(S9,$S$4:$S$54) -> 18
A10: 7 | C10: 15 | D10: F | E10: 88 | F10: 95 | G10: 97 | H10: 95 | I10: 79 | J10: 93 | K10: 93 | L10: 82 | M10: 96 | N10: 100 | O10: 92 | P10: 97 | Q10: 91 | R10: =SUM(E10:Q10) -> 1198 | S10: =AVERAGE(E10:Q10) -> 92.153846 | T10: =RANK(S10,$S$4:$S$54) -> 4
A11: 8 | C11: 15 | D11: F | E11: 73 | F11: 76 | G11: 61 | H11: 43 | I11: 50 | J11: 69 | K11: 52 | L11: 65 | M11: 82 | N11: 72 | O11: 82 | P11: 95 | Q11: 60 | R11: =SUM(E11:Q11) -> 880 | S11: =AVERAGE(E11:Q11) -> 67.692308 | T11: =RANK(S11,$S$4:$S$54) -> 33
A12: 9 | C12: 16 | D12: F | E12: 70 | F12: 66 | G12: 74 | H12: 51 | I12: 55 | J12: 66 | K12: 63 | L12: 65 | M12: 75 | N12: 74 | O12: 66 | P12: 81 | Q12: 60 | R12: =SUM(E12:Q12) -> 866 | S12: =AVERAGE(E12:Q12) -> 66.615385 | T12: =RANK(S12,$S$4:$S$54) -> 36
A13: 10 | C13: 16 | D13: M | E13: 63 | F13: 45 | G13: 61 | H13: 53 | I13: 47 | J13: 58 | K13: 56 | L13: 52 | M13: 51 | N13: 58 | O13: 59 | P13: 79 | Q13: 59 | R13: =SUM(E13:Q13) -> 741 | S13: =AVERAGE(E13:Q13) -> 57 | T13: =RANK(S13,$S$4:$S$54) -> 49
A14: 11 | C14: 15 | D14: F | E14: 77 | F14: 81 | G14: 60 | H14: 61 | I14: 62 | J14: 80 | K14: 82 | L14: 71 | M14: 89 | N14: 75 | O14: 79 | P14: 78 | Q14: 100 | R14: =SUM(E14:Q14) -> 995 | S14: =AVERAGE(E14:Q14) -> 76.538462 | T14: =RANK(S14,$S$4:$S$54) -> 21
A15: 12 | C15: 15 | D15: M | E15: 66 | F15: 53 | G15: 63 | H15: 45 | I15: 40 | J15: 55 | K15: 54 | L15: 52 | M15: 61 | N15: 74 | O15: 60 | P15: 86 | Q15: 65 | R15: =SUM(E15:Q15) -> 774 | S15: =AVERAGE(E15:Q15) -> 59.538462 | T15: =RANK(S15,$S$4:$S$54) -> 44
... A54: 51 | C54: 16 | D54: M | E54: 70 | F54: 56 | G54: 49 | H54: 44 | I54: 36 | J54: 45 | K54: 41 | L54: 45 | M54: 51 | N54: 60 | O54: 56 | P54: 75 | Q54: 52 | R54: =SUM(E54:Q54) -> 680 | S54: =AVERAGE(E54:Q54) -> 52.307692 | T54: =RANK(S54,$S$4:$S$54) -> 51
A55: 52
A56: 53
A57: 54
A58: 55

Sheet 10A Sem 2
A1: Maria Rubbato Catholic School 2016 E.C Roster Grade 10A Student's
A2: Home Room Teacher Grade 10A
A3: No | B3: Student Name | C3: Age | D3: Sex | E3: Amharic | F3: English | G3: Maths | H3: physics | I3: chemistry | J3: Biology | K3: History | L3: Geography | M3: Citizeaship | N3: ICT | O3: Economics | P3: H.P.E | Q3: Afan Oromo | R3: Total | S3: Average | T3: Rank | U3: Condc. | V3: Abse.
A4: 1 | C4: 15 | D4: F | E4: 67 | F4: 74 | G4: 48 | H4: 61 | I4: 55 | J4: 69 | K4: 69 | L4: 69 | M4: 70 | N4: 94 | O4: 71 | P4: 90 | Q4: 62 | R4: =SUM(E4:Q4) -> 899 | S4: =AVERAGE(E4:Q4) -> 69.153846 | T4: =RANK(S4,$S$4:$S$54) -> 32
A5: 2 | C5: 15 | D5: F | E5: 70 | F5: 64 | G5: 54 | H5: 61 | I5: 42 | J5: 48 | K5: 48 | L5: 76 | M5: 63 | N5: 76 | O5: 60 | P5: 87 | Q5: 61 | R5: =SUM(E5:Q5) -> 810 | S5: =AVERAGE(E5:Q5) -> 62.307692 | T5: =RANK(S5,$S$4:$S$54) -> 41
A6: 3 | C6: 17 | D6: M | E6: 91 | F6: 91 | G6: 95 | H6: 100 | I6: 96 | J6: 98 | K6: 88 | L6: 97 | M6: 94 | N6: 100 | O6: 88 | P6: 92 | Q6: 88 | R6: =SUM(E6:Q6) -> 1218 | S6: =AVERAGE(E6:Q6) -> 93.692308 | T6: =RANK(S6,$S$4:$S$54) -> 1
A7: 4 | C7: 15 | D7: F | E7: 85 | F7: 94 | G7: 90 | H7: 93 | I7: 92 | J7: 92 | K7: 91 | L7: 97 | M7: 96 | N7: 100 | O7: 93 | P7: 95 | Q7: 84 | R7: =SUM(E7:Q7) -> 1202 | S7: =AVERAGE(E7:Q7) -> 92.461538 | T7: =RANK(S7,$S$4:$S$54) -> 3
A8: 5 | C8: 14 | D8: M | E8: 80 | F8: 80 | G8: 88 | H8: 75 | I8: 79 | J8: 83 | K8: 63 | L8: 85 | M8: 68 | N8: 96 | O8: 68 | P8: 84 | Q8: 56 | R8: =SUM(E8:Q8) -> 1005 | S8: =AVERAGE(E8:Q8) -> 77.307692 | T8: =RANK(S8,$S$4:$S$54) -> 17
A9: 6 | C9: 16 | D9: M | E9: 81 | F9: 72 | G9: 61 | H9: 64 | I9: 69 | J9: 73 | K9: 79 | L9: 97 | M9: 85 | N9: 89 | O9: 81 | P9: 97 | Q9: 53 | R9: =SUM(E9:Q9) -> 1001 | S9: =AVERAGE(E9:Q9) -> 77 | T9: =RANK(S9,$S$4:$S$54) -> 20
A10: 7 | C10: 15 | D10: F | E10: 89 | F10: 91 | G10: 92 | H10: 88 | I10: 91 | J10: 96 | K10: 91 | L10: 98 | M10: 91 | N10: 100 | O10: 93 | P10: 99 | Q10: 86 | R10: =SUM(E10:Q10) -> 1205 | S10: =AVERAGE(E10:Q10) -> 92.692308 | T10: =RANK(S10,$S$4:$S$54) -> 2
A11: 8 | C11: 15 | D11: F | E11: 73 | F11: 77 | G11: 48 | H11: 52 | I11: 54 | J11: 75 | K11: 58 | L11: 82 | M11: 84 | N11: 98 | O11: 83 | P11: 90 | Q11: 53 | R11: =SUM(E11:Q11) -> 927 | S11: =AVERAGE(E11:Q11) -> 71.307692 | T11: =RANK(S11,$S$4:$S$54) -> 28
A12: 9 | C12: 16 | D12: F | E12: 66 | F12: 71 | G12: 61 | H12: 57 | I12: 59 | J12: 71 | K12: 73 | L12: 86 | M12: 65 | N12: 87 | O12: 63 | P12: 77 | Q12: 57 | R12: =SUM(E12:Q12) -> 893 | S12: =AVERAGE(E12:Q12) -> 68.692308 | T12: =RANK(S12,$S$4:$S$54) -> 35
A13: 10 | C13: 16 | D13: M | E13: 61 | F13: 61 | G13: 39 | H13: 51 | I13: 48 | J13: 58 | K13: 51 | L13: 63 | M13: 67 | N13: 85 | O13: 49 | P13: 86 | Q13: 58 | R13: =SUM(E13:Q13) -> 777 | S13: =AVERAGE(E13:Q13) -> 59.769231 | T13: =RANK(S13,$S$4:$S$54) -> 48
A14: 11 | C14: 15 | D14: F | E14: 80 | F14: 80 | G14: 63 | H14: 64 | I14: 62 | J14: 77 | K14: 78 | L14: 86 | M14: 83 | N14: 92 | O14: 70 | P14: 80 | Q14: 95 | R14: =SUM(E14:Q14) -> 1010 | S14: =AVERAGE(E14:Q14) -> 77.692308 | T14: =RANK(S14,$S$4:$S$54) -> 16
A15: 12 | C15: 15 | D15: M | E15: 64 | F15: 62 | G15: 50 | H15: 55 | I15: 43 | J15: 57 | K15: 57 | L15: 72 | M15: 67 | N15: 80 | O15: 50 | P15: 86 | Q15: 59 | R15: =SUM(E15:Q15) -> 802 | S15: =AVERAGE(E15:Q15) -> 61.692308 | T15: =RANK(S15,$S$4:$S$54) -> 43
... A54: 51 | C54: 16 | D54: M | E54: 66 | F54: 63 | G54: 43 | H54: 42 | I54: 38 | J54: 50 | K54: 41 | L54: 58 | M54: 46 | N54: 70 | O54: 38 | P54: 81 | Q54: 57 | R54: =SUM(E54:Q54) -> 693 | S54: =AVERAGE(E54:Q54) -> 53.307692 | T54: =RANK(S54,$S$4:$S$54) -> 51
A55: 52
A56: 53
A57: 54
A58: 55

Sheet 10A Sem avr
A1: Maria Rubbato Catholic School 2016 E.C Roster Grade 10A Student's
A2: Home Room Teacher Grade 10A
A3: No | B3: Student Name | C3: Age | D3: Sex | E3: Semster 1 Average | F3: Semster 2 Average | G3: Average | H3: Rank
A4: 1 | C4: 15 | D4: F | E4: ='10A Sem 1'!S4 -> 72.846154 | F4: ='10A Sem 2'!S4 -> 69.153846 | G4: =AVERAGE(E4:F4) -> 71 | H4: =RANK(G4,$G$4:$G$54) -> 29
A5: 2 | C5: 15 | D5: F | E5: ='10A Sem 1'!S5 -> 63.615385 | F5: ='10A Sem 2'!S5 -> 62.307692 | G5: =AVERAGE(E5:F5) -> 62.961538 | H5: =RANK(G5,$G$4:$G$54) -> 40
A6: 3 | C6: 17 | D6: M | E6: ='10A Sem 1'!S6 -> 96.461538 | F6: ='10A Sem 2'!S6 -> 93.692308 | G6: =AVERAGE(E6:F6) -> 95.076923 | H6: =RANK(G6,$G$4:$G$54) -> 1
A7: 4 | C7: 15 | D7: F | E7: ='10A Sem 1'!S7 -> 94.230769 | F7: ='10A Sem 2'!S7 -> 92.461538 | G7: =AVERAGE(E7:F7) -> 93.346154 | H7: =RANK(G7,$G$4:$G$54) -> 2
A8: 5 | C8: 14 | D8: M | E8: ='10A Sem 1'!S8 -> 78.692308 | F8: ='10A Sem 2'!S8 -> 77.307692 | G8: =AVERAGE(E8:F8) -> 78 | H8: =RANK(G8,$G$4:$G$54) -> 17
A9: 6 | C9: 16 | D9: M | E9: ='10A Sem 1'!S9 -> 78 | F9: ='10A Sem 2'!S9 -> 77 | G9: =AVERAGE(E9:F9) -> 77.5 | H9: =RANK(G9,$G$4:$G$54) -> 18
A10: 7 | C10: 15 | D10: F | E10: ='10A Sem 1'!S10 -> 92.153846 | F10: ='10A Sem 2'!S10 -> 92.692308 | G10: =AVERAGE(E10:F10) -> 92.423077 | H10: =RANK(G10,$G$4:$G$54) -> 3
A11: 8 | C11: 15 | D11: F | E11: ='10A Sem 1'!S11 -> 67.692308 | F11: ='10A Sem 2'!S11 -> 71.307692 | G11: =AVERAGE(E11:F11) -> 69.5 | H11: =RANK(G11,$G$4:$G$54) -> 32
A12: 9 | C12: 16 | D12: F | E12: ='10A Sem 1'!S12 -> 66.615385 | F12: ='10A Sem 2'!S12 -> 68.692308 | G12: =AVERAGE(E12:F12) -> 67.653846 | H12: =RANK(G12,$G$4:$G$54) -> 36
A13: 10 | C13: 16 | D13: M | E13: ='10A Sem 1'!S13 -> 57 | F13: ='10A Sem 2'!S13 -> 59.769231 | G13: =AVERAGE(E13:F13) -> 58.384615 | H13: =RANK(G13,$G$4:$G$54) -> 50
A14: 11 | C14: 15 | D14: F | E14: ='10A Sem 1'!S14 -> 76.538462 | F14: ='10A Sem 2'!S14 -> 77.692308 | G14: =AVERAGE(E14:F14) -> 77.115385 | H14: =RANK(G14,$G$4:$G$54) -> 19
A15: 12 | C15: 15 | D15: M | E15: ='10A Sem 1'!S15 -> 59.538462 | F15: ='10A Sem 2'!S15 -> 61.692308 | G15: =AVERAGE(E15:F15) -> 60.615385 | H15: =RANK(G15,$G$4:$G$54) -> 44
... A54: 51 | C54: 16 | D54: M | E54: ='10A Sem 1'!S54 -> 52.307692 | F54: ='10A Sem 2'!S54 -> 53.307692 | G54: =AVERAGE(E54:F54) -> 52.807692 | H54: =RANK(G54,$G$4:$G$54) -> 51

Sheet Roster 10B
A1: Maria Rubbato Catholic School 2016 E.C Roster Grade 10B Student's
A3: Home Room Teacher Grade 10B
A5: No | B5: Student Name | C5: Age | D5: Sex | E5: Semester | F5: Amharic | G5: English | H5: Maths | I5: physics | J5: chemistry | K5: Biology | L5: History | M5: Geography | N5: Civics | O5: ICT | P5: Economics | Q5: H.P.E | R5: Afan Oromo | S5: Total | T5: Average | U5: Rank | V5: Condc. | W5: Abse.
A6: 1 | C6: 16 | D6: M | E6: Semister 1 | F6: ='10B Sem 1'!E4 -> 76 | G6: ='10B Sem 1'!F4 -> 53 | H6: ='10B Sem 1'!G4 -> 83 | I6: ='10B Sem 1'!H4 -> 48 | J6: ='10B Sem 1'!I4 -> 52 | K6: ='10B Sem 1'!J4 -> 61 | L6: ='10B Sem 1'!K4 -> 72 | M6: ='10B Sem 1'!L4 -> 60 | ... W6: ='10B Sem 1'!V4 -> 0
C7: 16 | D7: M | E7: Semister 2 | F7: ='10B Sem 2'!E4 -> 80 | G7: ='10B Sem 2'!F4 -> 62 | H7: ='10B Sem 2'!G4 -> 69 | I7: ='10B Sem 2'!H4 -> 64 | J7: ='10B Sem 2'!I4 -> 50 | K7: ='10B Sem 2'!J4 -> 58 | L7: ='10B Sem 2'!K4 -> 70 | M7: ='10B Sem 2'!L4 -> 79 | ... W7: ='10B Sem 2'!V4 -> 0
C8: 16 | D8: M | E8: Average | F8: =AVERAGE(F6:F7) -> 78 | G8: =AVERAGE(G6:G7) -> 57.5 | H8: =AVERAGE(H6:H7) -> 76 | I8: =AVERAGE(I6:I7) -> 56 | J8: =AVERAGE(J6:J7) -> 51 | K8: =AVERAGE(K6:K7) -> 59.5 | L8: =AVERAGE(L6:L7) -> 71 | M8: =AVERAGE(M6:M7) -> 69.5 | ... T8: =AVERAGE(T6:T7) -> 66.192308 | U8: ='10B Sem avr'!$H$4 -> 43 | V8: =AVERAGE(V6:V7) -> 0 | W8: =AVERAGE(W6:W7) -> 0
A9: 2 | C9: 16 | D9: M | E9: Semister 1 | F9: ='10B Sem 1'!E5 -> 81 | G9: ='10B Sem 1'!F5 -> 73 | H9: ='10B Sem 1'!G5 -> 82 | I9: ='10B Sem 1'!H5 -> 55 | J9: ='10B Sem 1'!I5 -> 68 | K9: ='10B Sem 1'!J5 -> 73 | L9: ='10B Sem 1'!K5 -> 72 | M9: ='10B Sem 1'!L5 -> 69 | ... W9: ='10B Sem 1'!V5 -> 0
C10: 16 | D10: M | E10: Semister 2 | F10: ='10B Sem 2'!E5 -> 71 | G10: ='10B Sem 2'!F5 -> 76 | H10: ='10B Sem 2'!G5 -> 57 | I10: ='10B Sem 2'!H5 -> 57 | J10: ='10B Sem 2'!I5 -> 62 | K10: ='10B Sem 2'!J5 -> 63 | L10: ='10B Sem 2'!K5 -> 58 | M10: ='10B Sem 2'!L5 -> 87 | ... W10: ='10B Sem 2'!V5 -> 0
C11: 16 | D11: M | E11: Average | F11: =AVERAGE(F9:F10) -> 76 | G11: =AVERAGE(G9:G10) -> 74.5 | H11: =AVERAGE(H9:H10) -> 69.5 | I11: =AVERAGE(I9:I10) -> 56 | J11: =AVERAGE(J9:J10) -> 65 | K11: =AVERAGE(K9:K10) -> 68 | L11: =AVERAGE(L9:L10) -> 65 | M11: =AVERAGE(M9:M10) -> 78 | ... T11: =AVERAGE(T9:T10) -> 72.692308 | U11: ='10B Sem avr'!$H$5 -> 35 | V11: =AVERAGE(V9:V10) -> 0 | W11: =AVERAGE(W9:W10) -> 0
A12: 3 | C12: 16 | D12: F | E12: Semister 1 | F12: ='10B Sem 1'!E6 -> 74 | G12: ='10B Sem 1'!F6 -> 47 | H12: ='10B Sem 1'!G6 -> 47 | I12: ='10B Sem 1'!H6 -> 44 | J12: ='10B Sem 1'!I6 -> 33 | K12: ='10B Sem 1'!J6 -> 41 | L12: ='10B Sem 1'!K6 -> 45 | M12: ='10B Sem 1'!L6 -> 42 | ... W12: ='10B Sem 1'!V6 -> 0
C13: 16 | D13: F | E13: Semister 2 | F13: ='10B Sem 2'!E6 -> 70 | G13: ='10B Sem 2'!F6 -> 63 | H13: ='10B Sem 2'!G6 -> 49 | I13: ='10B Sem 2'!H6 -> 46 | J13: ='10B Sem 2'!I6 -> 31 | K13: ='10B Sem 2'!J6 -> 36 | L13: ='10B Sem 2'!K6 -> 31 | M13: ='10B Sem 2'!L6 -> 63 | ... W13: ='10B Sem 2'!V6 -> 0
C14: 16 | D14: F | E14: Average | F14: =AVERAGE(F12:F13) -> 72 | G14: =AVERAGE(G12:G13) -> 55 | H14: =AVERAGE(H12:H13) -> 48 | I14: =AVERAGE(I12:I13) -> 45 | J14: =AVERAGE(J12:J13) -> 32 | K14: =AVERAGE(K12:K13) -> 38.5 | L14: =AVERAGE(L12:L13) -> 38 | M14: =AVERAGE(M12:M13) -> 52.5 | ... T14: =AVERAGE(T12:T13) -> 51.653846 | U14: ='10B Sem avr'!$H$6 -> 55 | V14: =AVERAGE(V12:V13) -> 0 | W14: =AVERAGE(W12:W13) -> 0
A15: 4 | C15: 16 | D15: F | E15: Semister 1 | F15: ='10B Sem 1'!E7 -> 84 | G15: ='10B Sem 1'!F7 -> 63 | H15: ='10B Sem 1'!G7 -> 68 | I15: ='10B Sem 1'!H7 -> 51 | J15: ='10B Sem 1'!I7 -> 54 | K15: ='10B Sem 1'!J7 -> 71 | L15: ='10B Sem 1'!K7 -> 69 | M15: ='10B Sem 1'!L7 -> 60 | ... W15: ='10B Sem 1'!V7 -> 0
C16: 16 | D16: F | E16: Semister 2 | F16: ='10B Sem 2'!E7 -> 85 | G16: ='10B Sem 2'!F7 -> 61 | H16: ='10B Sem 2'!G7 -> 49 | I16: ='10B Sem 2'!H7 -> 52 | J16: ='10B Sem 2'!I7 -> 57 | K16: ='10B Sem 2'!J7 -> 61 | L16: ='10B Sem 2'!K7 -> 85 | M16: ='10B Sem 2'!L7 -> 87 | ... W16: ='10B Sem 2'!V7 -> 0
C17: 16 | D17: F | E17: Average | F17: =AVERAGE(F15:F16) -> 84.5 | G17: =AVERAGE(G15:G16) -> 62 | H17: =AVERAGE(H15:H16) -> 58.5 | I17: =AVERAGE(I15:I16) -> 51.5 | J17: =AVERAGE(J15:J16) -> 55.5 | K17: =AVERAGE(K15:K16) -> 66 | L17: =AVERAGE(L15:L16) -> 77 | M17: =AVERAGE(M15:M16) -> 73.5 | ... T17: =AVERAGE(T15:T16) -> 70.538462 | U17: ='10B Sem avr'!$H$7 -> 38 | V17: =AVERAGE(V15:V16) -> 0 | W17: =AVERAGE(W15:W16) -> 0
A18: 5 | C18: 15 | D18: M | E18: Semister 1 | F18: ='10B Sem 1'!E8 -> 77 | G18: ='10B Sem 1'!F8 -> 71 | H18: ='10B Sem 1'!G8 -> 55 | I18: ='10B Sem 1'!H8 -> 37 | J18: ='10B Sem 1'!I8 -> 48 | K18: ='10B Sem 1'!J8 -> 45 | L18: ='10B Sem 1'!K8 -> 45 | M18: ='10B Sem 1'!L8 -> 53 | ... W18: ='10B Sem 1'!V8 -> 0
C19: 15 | D19: M | E19: Semister 2 | F19: ='10B Sem 2'!E8 -> 82 | G19: ='10B Sem 2'!F8 -> 74 | H19: ='10B Sem 2'!G8 -> 44 | I19: ='10B Sem 2'!H8 -> 48 | J19: ='10B Sem 2'!I8 -> 40 | K19: ='10B Sem 2'!J8 -> 52 | L19: ='10B Sem 2'!K8 -> 39 | M19: ='10B Sem 2'!L8 -> 70 | ... W19: ='10B Sem 2'!V8 -> 0
C20: 15 | D20: M | E20: Average | F20: =AVERAGE(F18:F19) -> 79.5 | G20: =AVERAGE(G18:G19) -> 72.5 | H20: =AVERAGE(H18:H19) -> 49.5 | I20: =AVERAGE(I18:I19) -> 42.5 | J20: =AVERAGE(J18:J19) -> 44 | K20: =AVERAGE(K18:K19) -> 48.5 | L20: =AVERAGE(L18:L19) -> 42 | M20: =AVERAGE(M18:M19) -> 61.5 | ... T20: =AVERAGE(T18:T19) -> 61 | U20: ='10B Sem avr'!$H$8 -> 51 | V20: =AVERAGE(V18:V19) -> 0 | W20: =AVERAGE(W18:W19) -> 0
A21: 6 | C21: 16 | D21: M | E21: Semister 1 | F21: ='10B Sem 1'!E9 -> 78 | G21: ='10B Sem 1'!F9 -> 62 | H21: ='10B Sem 1'!G9 -> 89 | I21: ='10B Sem 1'!H9 -> 73 | J21: ='10B Sem 1'!I9 -> 61 | K21: ='10B Sem 1'!J9 -> 79 | L21: ='10B Sem 1'!K9 -> 63 | M21: ='10B Sem 1'!L9 -> 65 | ... W21: ='10B Sem 1'!V9 -> 0
C22: 16 | D22: M | E22: Semister 2 | F22: ='10B Sem 2'!E9 -> 76 | G22: ='10B Sem 2'!F9 -> 67 | H22: ='10B Sem 2'!G9 -> 86 | I22: ='10B Sem 2'!H9 -> 78 | J22: ='10B Sem 2'!I9 -> 71 | K22: ='10B Sem 2'!J9 -> 84 | L22: ='10B Sem 2'!K9 -> 78 | M22: ='10B Sem 2'!L9 -> 89 | ... W22: ='10B Sem 2'!V9 -> 0
C23: 16 | D23: M | E23: Average | F23: =AVERAGE(F21:F22) -> 77 | G23: =AVERAGE(G21:G22) -> 64.5 | H23: =AVERAGE(H21:H22) -> 87.5 | I23: =AVERAGE(I21:I22) -> 75.5 | J23: =AVERAGE(J21:J22) -> 66 | K23: =AVERAGE(K21:K22) -> 81.5 | L23: =AVERAGE(L21:L22) -> 70.5 | M23: =AVERAGE(M21:M22) -> 77 | ... T23: =AVERAGE(T21:T22) -> 78.269231 | U23: ='10B Sem avr'!$H$9 -> 23 | V23: =AVERAGE(V21:V22) -> 0 | W23: =AVERAGE(W21:W22) -> 0
A24: 7 | C24: 14 | D24: F | E24: Semister 1 | F24: ='10B Sem 1'!E10 -> 82 | G24: ='10B Sem 1'!F10 -> 71 | H24: ='10B Sem 1'!G10 -> 70 | I24: ='10B Sem 1'!H10 -> 40 | J24: ='10B Sem 1'!I10 -> 41 | K24: ='10B Sem 1'!J10 -> 64 | L24: ='10B Sem 1'!K10 -> 66 | M24: ='10B Sem 1'!L10 -> 64 | ... W24: ='10B Sem 1'!V10 -> 0
C25: 14 | D25: F | E25: Semister 2 | F25: ='10B Sem 2'!E10 -> 79 | G25: ='10B Sem 2'!F10 -> 65 | H25: ='10B Sem 2'!G10 -> 62 | I25: ='10B Sem 2'!H10 -> 56 | J25: ='10B Sem 2'!I10 -> 52 | K25: ='10B Sem 2'!J10 -> 66 | L25: ='10B Sem 2'!K10 -> 65 | M25: ='10B Sem 2'!L10 -> 84 | ... W25: ='10B Sem 2'!V10 -> 0
C26: 14 | D26: F | E26: Average | F26: =AVERAGE(F24:F25) -> 80.5 | G26: =AVERAGE(G24:G25) -> 68 | H26: =AVERAGE(H24:H25) -> 66 | I26: =AVERAGE(I24:I25) -> 48 | J26: =AVERAGE(J24:J25) -> 46.5 | K26: =AVERAGE(K24:K25) -> 65 | L26: =AVERAGE(L24:L25) -> 65.5 | M26: =AVERAGE(M24:M25) -> 74 | ... T26: =AVERAGE(T24:T25) -> 66.384615 | U26: ='10B Sem avr'!$H$10 -> 42 | V26: =AVERAGE(V24:V25) -> 0 | W26: =AVERAGE(W24:W25) -> 0
A27: 8 | C27: 15 | D27: M | E27: Semister 1 | F27: ='10B Sem 1'!E11 -> 82 | G27: ='10B Sem 1'!F11 -> 63 | H27: ='10B Sem 1'!G11 -> 52 | I27: ='10B Sem 1'!H11 -> 50 | J27: ='10B Sem 1'!I11 -> 63 | K27: ='10B Sem 1'!J11 -> 79 | L27: ='10B Sem 1'!K11 -> 62 | M27: ='10B Sem 1'!L11 -> 65 | ... W27: ='10B Sem 1'!V11 -> 0
C28: 15 | D28: M | E28: Semister 2 | F28: ='10B Sem 2'!E11 -> 72 | G28: ='10B Sem 2'!F11 -> 57 | H28: ='10B Sem 2'!G11 -> 50 | I28: ='10B Sem 2'!H11 -> 48 | J28: ='10B Sem 2'!I11 -> 57 | K28: ='10B Sem 2'!J11 -> 68 | L28: ='10B Sem 2'!K11 -> 66 | M28: ='10B Sem 2'!L11 -> 81 | ... W28: ='10B Sem 2'!V11 -> 0
C29: 15 | D29: M | E29: Average | F29: =AVERAGE(F27:F28) -> 77 | G29: =AVERAGE(G27:G28) -> 60 | H29: =AVERAGE(H27:H28) -> 51 | I29: =AVERAGE(I27:I28) -> 49 | J29: =AVERAGE(J27:J28) -> 60 | K29: =AVERAGE(K27:K28) -> 73.5 | L29: =AVERAGE(L27:L28) -> 64 | M29: =AVERAGE(M27:M28) -> 73 | ... T29: =AVERAGE(T27:T28) -> 65.923077 | U29: ='10B Sem avr'!$H$11 -> 44 | V29: =AVERAGE(V27:V28) -> 0 | W29: =AVERAGE(W27:W28) -> 0
A30: 9 | C30: 15 | D30: F | E30: Semister 1 | F30: ='10B Sem 1'!E12 -> 90 | G30: ='10B Sem 1'!F12 -> 78 | H30: ='10B Sem 1'!G12 -> 91 | I30: ='10B Sem 1'!H12 -> 77 | J30: ='10B Sem 1'!I12 -> 66 | K30: ='10B Sem 1'!J12 -> 82 | L30: ='10B Sem 1'!K12 -> 86 | M30: ='10B Sem 1'!L12 -> 84 | ... W30: ='10B Sem 1'!V12 -> 0
C31: 15 | D31: F | E31: Semister 2 | F31: ='10B Sem 2'!E12 -> 84 | G31: ='10B Sem 2'!F12 -> 74 | H31: ='10B Sem 2'!G12 -> 76 | I31: ='10B Sem 2'!H12 -> 77 | J31: ='10B Sem 2'!I12 -> 68 | K31: ='10B Sem 2'!J12 -> 75 | L31: ='10B Sem 2'!K12 -> 69 | M31: ='10B Sem 2'!L12 -> 98 | ... W31: ='10B Sem 2'!V12 -> 0
C32: 15 | D32: F | E32: Average | F32: =AVERAGE(F30:F31) -> 87 | G32: =AVERAGE(G30:G31) -> 76 | H32: =AVERAGE(H30:H31) -> 83.5 | I32: =AVERAGE(I30:I31) -> 77 | J32: =AVERAGE(J30:J31) -> 67 | K32: =AVERAGE(K30:K31) -> 78.5 | L32: =AVERAGE(L30:L31) -> 77.5 | M32: =AVERAGE(M30:M31) -> 91 | ... T32: =AVERAGE(T30:T31) -> 80.307692 | U32: ='10B Sem avr'!$H$12 -> 18 | V32: =AVERAGE(V30:V31) -> 0 | W32: =AVERAGE(W30:W31) -> 0
A33: 10 | C33: 15 | D33: F | E33: Semister 1 | F33: ='10B Sem 1'!E13 -> 89 | G33: ='10B Sem 1'!F13 -> 70 | H33: ='10B Sem 1'!G13 -> 88 | I33: ='10B Sem 1'!H13 -> 83 | J33: ='10B Sem 1'!I13 -> 78 | K33: ='10B Sem 1'!J13 -> 80 | L33: ='10B Sem 1'!K13 -> 78 | M33: ='10B Sem 1'!L13 -> 79 | ... W33: ='10B Sem 1'!V13 -> 0
C34: 15 | D34: F | E34: Semister 2 | F34: ='10B Sem 2'!E13 -> 86 | G34: ='10B Sem 2'!F13 -> 68 | H34: ='10B Sem 2'!G13 -> 74 | I34: ='10B Sem 2'!H13 -> 71 | J34: ='10B Sem 2'!I13 -> 70 | K34: ='10B Sem 2'!J13 -> 77 | L34: ='10B Sem 2'!K13 -> 80 | M34: ='10B Sem 2'!L13 -> 94 | ... W34: ='10B Sem 2'!V13 -> 0
C35: 15 | D35: F | E35: Average | F35: =AVERAGE(F33:F34) -> 87.5 | G35: =AVERAGE(G33:G34) -> 69 | H35: =AVERAGE(H33:H34) -> 81 | I35: =AVERAGE(I33:I34) -> 77 | J35: =AVERAGE(J33:J34) -> 74 | K35: =AVERAGE(K33:K34) -> 78.5 | L35: =AVERAGE(L33:L34) -> 79 | M35: =AVERAGE(M33:M34) -> 86.5 | ... T35: =AVERAGE(T33:T34) -> 80.615385 | U35: ='10B Sem avr'!$H$13 -> 15 | V35: =AVERAGE(V33:V34) -> 0 | W35: =AVERAGE(W33:W34) -> 0
A36: 11 | C36: 15 | D36: F | E36: Semister 1 | F36: ='10B Sem 1'!E14 -> 91 | G36: ='10B Sem 1'!F14 -> 79 | H36: ='10B Sem 1'!G14 -> 76 | I36: ='10B Sem 1'!H14 -> 65 | J36: ='10B Sem 1'!I14 -> 63 | K36: ='10B Sem 1'!J14 -> 79 | L36: ='10B Sem 1'!K14 -> 91 | M36: ='10B Sem 1'!L14 -> 78 | ... W36: ='10B Sem 1'!V14 -> 0
C37: 15 | D37: F | E37: Semister 2 | F37: ='10B Sem 2'!E14 -> 84 | G37: ='10B Sem 2'!F14 -> 78 | H37: ='10B Sem 2'!G14 -> 53 | I37: ='10B Sem 2'!H14 -> 51 | J37: ='10B Sem 2'!I14 -> 56 | K37: ='10B Sem 2'!J14 -> 63 | L37: ='10B Sem 2'!K14 -> 86 | M37: ='10B Sem 2'!L14 -> 96 | ... W37: ='10B Sem 2'!V14 -> 0
C38: 15 | D38: F | E38: Average | F38: =AVERAGE(F36:F37) -> 87.5 | G38: =AVERAGE(G36:G37) -> 78.5 | H38: =AVERAGE(H36:H37) -> 64.5 | I38: =AVERAGE(I36:I37) -> 58 | J38: =AVERAGE(J36:J37) -> 59.5 | K38: =AVERAGE(K36:K37) -> 71 | L38: =AVERAGE(L36:L37) -> 88.5 | M38: =AVERAGE(M36:M37) -> 87 | ... T38: =AVERAGE(T36:T37) -> 77.807692 | U38: ='10B Sem avr'!$H$14 -> 25 | V38: =AVERAGE(V36:V37) -> 0 | W38: =AVERAGE(W36:W37) -> 0
A39: 12 | C39: 15 | D39: F | E39: Semister 1 | F39: ='10B Sem 1'!E15 -> 81 | G39: ='10B Sem 1'!F15 -> 69 | H39: ='10B Sem 1'!G15 -> 78 | I39: ='10B Sem 1'!H15 -> 67 | J39: ='10B Sem 1'!I15 -> 62 | K39: ='10B Sem 1'!J15 -> 66 | L39: ='10B Sem 1'!K15 -> 75 | M39: ='10B Sem 1'!L15 -> 71 | ... W39: ='10B Sem 1'!V15 -> 0
C40: 15 | D40: F | E40: Semister 2 | F40: ='10B Sem 2'!E15 -> 74 | G40: ='10B Sem 2'!F15 -> 69 | H40: ='10B Sem 2'!G15 -> 69 | I40: ='10B Sem 2'!H15 -> 51 | J40: ='10B Sem 2'!I15 -> 59 | K40: ='10B Sem 2'!J15 -> 78 | L40: ='10B Sem 2'!K15 -> 87 | M40: ='10B Sem 2'!L15 -> 92 | ... W40: ='10B Sem 2'!V15 -> 0
C41: 15 | D41: F | E41: Average | F41: =AVERAGE(F39:F40) -> 77.5 | G41: =AVERAGE(G39:G40) -> 69 | H41: =AVERAGE(H39:H40) -> 73.5 | I41: =AVERAGE(I39:I40) -> 59 | J41: =AVERAGE(J39:J40) -> 60.5 | K41: =AVERAGE(K39:K40) -> 72 | L41: =AVERAGE(L39:L40) -> 81 | M41: =AVERAGE(M39:M40) -> 81.5 | ... T41: =AVERAGE(T39:T40) -> 75.346154 | U41: ='10B Sem avr'!$H$15 -> 30 | V41: =AVERAGE(V39:V40) -> 0 | W41: =AVERAGE(W39:W40) -> 0
A42: 13 | C42: 15 | D42: M | E42: Semister 1 | F42: ='10B Sem 1'!E16 -> 86 | G42: ='10B Sem 1'!F16 -> 69 | H42: ='10B Sem 1'!G16 -> 69 | I42: ='10B Sem 1'!H16 -> 66 | J42: ='10B Sem 1'!I16 -> 45 | K42: ='10B Sem 1'!J16 -> 70 | L42: ='10B Sem 1'!K16 -> 77 | M42: ='10B Sem 1'!L16 -> 70 | ... W42: ='10B Sem 1'!V16 -> 0
C43: 15 | D43: M | E43: Semister 2 | F43: ='10B Sem 2'!E16 -> 82 | G43: ='10B Sem 2'!F16 -> 73 | H43: ='10B Sem 2'!G16 -> 70 | I43: ='10B Sem 2'!H16 -> 70 | J43: ='10B Sem 2'!I16 -> 62 | K43: ='10B Sem 2'!J16 -> 82 | L43: ='10B Sem 2'!K16 -> 86 | M43: ='10B Sem 2'!L16 -> 97 | ... W43: ='10B Sem 2'!V16 -> 0
C44: 15 | D44: M | E44: Average | F44: =AVERAGE(F42:F43) -> 84 | G44: =AVERAGE(G42:G43) -> 71 | H44: =AVERAGE(H42:H43) -> 69.5 | I44: =AVERAGE(I42:I43) -> 68 | J44: =AVERAGE(J42:J43) -> 53.5 | K44: =AVERAGE(K42:K43) -> 76 | L44: =AVERAGE(L42:L43) -> 81.5 | M44: =AVERAGE(M42:M43) -> 83.5 | ... T44: =AVERAGE(T42:T43) -> 76.384615 | U44: ='10B Sem avr'!$H$16 -> 27 | V44: =AVERAGE(V42:V43) -> 0 | W44: =AVERAGE(W42:W43) -> 0
A45: 14 | C45: 16 | D45: M | E45: Semister 1 | F45: ='10B Sem 1'!E17 -> 87 | G45: ='10B Sem 1'!F17 -> 57 | H45: ='10B Sem 1'!G17 -> 60 | I45: ='10B Sem 1'!H17 -> 56 | J45: ='10B Sem 1'!I17 -> 52 | K45: ='10B Sem 1'!J17 -> 68 | L45: ='10B Sem 1'!K17 -> 66 | M45: ='10B Sem 1'!L17 -> 59 | ... W45: ='10B Sem 1'!V17 -> 0
C46: 16 | D46: M | E46: Semister 2 | F46: ='10B Sem 2'!E17 -> 79 | G46: ='10B Sem 2'!F17 -> 61 | H46: ='10B Sem 2'!G17 -> 51 | I46: ='10B Sem 2'!H17 -> 67 | J46: ='10B Sem 2'!I17 -> 62 | K46: ='10B Sem 2'!J17 -> 61 | L46: ='10B Sem 2'!K17 -> 62 | M46: ='10B Sem 2'!L17 -> 79 | ... W46: ='10B Sem 2'!V17 -> 0
C47: 16 | D47: M | E47: Average | F47: =AVERAGE(F45:F46) -> 83 | G47: =AVERAGE(G45:G46) -> 59 | H47: =AVERAGE(H45:H46) -> 55.5 | I47: =AVERAGE(I45:I46) -> 61.5 | J47: =AVERAGE(J45:J46) -> 57 | K47: =AVERAGE(K45:K46) -> 64.5 | L47: =AVERAGE(L45:L46) -> 64 | M47: =AVERAGE(M45:M46) -> 69 | ... T47: =AVERAGE(T45:T46) -> 68.5 | U47: ='10B Sem avr'!$H$17 -> 40 | V47: =AVERAGE(V45:V46) -> 0 | W47: =AVERAGE(W45:W46) -> 0
A48: 15 | C48: 15 | D48: M | E48: Semister 1 | F48: ='10B Sem 1'!E18 -> 86 | G48: ='10B Sem 1'!F18 -> 84 | H48: ='10B Sem 1'!G18 -> 88 | I48: ='10B Sem 1'!H18 -> 70 | J48: ='10B Sem 1'!I18 -> 71 | K48: ='10B Sem 1'!J18 -> 81 | L48: ='10B Sem 1'!K18 -> 74 | M48: ='10B Sem 1'!L18 -> 66 | ... W48: ='10B Sem 1'!V18 -> 0
C49: 15 | D49: M | E49: Semister 2 | F49: ='10B Sem 2'!E18 -> 69 | G49: ='10B Sem 2'!F18 -> 88 | H49: ='10B Sem 2'!G18 -> 87 | I49: ='10B Sem 2'!H18 -> 74 | J49: ='10B Sem 2'!I18 -> 78 | K49: ='10B Sem 2'!J18 -> 94 | L49: ='10B Sem 2'!K18 -> 69 | M49: ='10B Sem 2'!L18 -> 95 | ... W49: ='10B Sem 2'!V18 -> 0
C50: 15 | D50: M | E50: Average | F50: =AVERAGE(F48:F49) -> 77.5 | G50: =AVERAGE(G48:G49) -> 86 | H50: =AVERAGE(H48:H49) -> 87.5 | I50: =AVERAGE(I48:I49) -> 72 | J50: =AVERAGE(J48:J49) -> 74.5 | K50: =AVERAGE(K48:K49) -> 87.5 | L50: =AVERAGE(L48:L49) -> 71.5 | M50: =AVERAGE(M48:M49) -> 80.5 | ... T50: =AVERAGE(T48:T49) -> 80.461538 | U50: ='10B Sem avr'!$H$18 -> 17 | V50: =AVERAGE(V48:V49) -> 0 | W50: =AVERAGE(W48:W49) -> 0
A51: 16 | C51: 16 | D51: F | E51: Semister 1 | F51: ='10B Sem 1'!E19 -> 87 | G51: ='10B Sem 1'!F19 -> 75 | H51: ='10B Sem 1'!G19 -> 85 | I51: ='10B Sem 1'!H19 -> 84 | J51: ='10B Sem 1'!I19 -> 67 | K51: ='10B Sem 1'!J19 -> 78 | L51: ='10B Sem 1'!K19 -> 75 | M51: ='10B Sem 1'!L19 -> 66 | ... W51: ='10B Sem 1'!V19 -> 0
C52: 16 | D52: F | E52: Semister 2 | F52: ='10B Sem 2'!E19 -> 86 | G52: ='10B Sem 2'!F19 -> 75 | H52: ='10B Sem 2'!G19 -> 84 | I52: ='10B Sem 2'!H19 -> 75 | J52: ='10B Sem 2'!I19 -> 72 | K52: ='10B Sem 2'!J19 -> 79 | L52: ='10B Sem 2'!K19 -> 75 | M52: ='10B Sem 2'!L19 -> 94 | ... W52: ='10B Sem 2'!V19 -> 0
C53: 16 | D53: F | E53: Average | F53: =AVERAGE(F51:F52) -> 86.5 | G53: =AVERAGE(G51:G52) -> 75 | H53: =AVERAGE(H51:H52) -> 84.5 | I53: =AVERAGE(I51:I52) -> 79.5 | J53: =AVERAGE(J51:J52) -> 69.5 | K53: =AVERAGE(K51:K52) -> 78.5 | L53: =AVERAGE(L51:L52) -> 75 | M53: =AVERAGE(M51:M52) -> 80 | ... T53: =AVERAGE(T51:T52) -> 80.269231 | U53: ='10B Sem avr'!$H$19 -> 19 | V53: =AVERAGE(V51:V52) -> 0 | W53: =AVERAGE(W51:W52) -> 0
A54: 17 | C54: 16 | D54: F | E54: Semister 1 | F54: ='10B Sem 1'!E20 -> 73 | G54: ='10B Sem 1'!F20 -> 58 | H54: ='10B Sem 1'!G20 -> 62 | I54: ='10B Sem 1'!H20 -> 64 | J54: ='10B Sem 1'!I20 -> 51 | K54: ='10B Sem 1'!J20 -> 54 | L54: ='10B Sem 1'!K20 -> 51 | M54: ='10B Sem 1'!L20 -> 61 | ... W54: ='10B Sem 1'!V20 -> 0
C55: 16 | D55: F | E55: Semister 2 | F55: ='10B Sem 2'!E20 -> 79 | G55: ='10B Sem 2'!F20 -> 70 | H55: ='10B Sem 2'!G20 -> 39 | I55: ='10B Sem 2'!H20 -> 53 | J55: ='10B Sem 2'!I20 -> 57 | K55: ='10B Sem 2'!J20 -> 53 | L55: ='10B Sem 2'!K20 -> 58 | M55: ='10B Sem 2'!L20 -> 66 | ... W55: ='10B Sem 2'!V20 -> 0
C56: 16 | D56: F | E56: Average | F56: =AVERAGE(F54:F55) -> 76 | G56: =AVERAGE(G54:G55) -> 64 | H56: =AVERAGE(H54:H55) -> 50.5 | I56: =AVERAGE(I54:I55) -> 58.5 | J56: =AVERAGE(J54:J55) -> 54 | K56: =AVERAGE(K54:K55) -> 53.5 | L56: =AVERAGE(L54:L55) -> 54.5 | M56: =AVERAGE(M54:M55) -> 63.5 | ... T56: =AVERAGE(T54:T55) -> 65.807692 | U56: ='10B Sem avr'!$H$20 -> 45 | V56: =AVERAGE(V54:V55) -> 0 | W56: =AVERAGE(W54:W55) -> 0
A57: 18 | C57: 16 | D57: F | E57: Semister 1 | F57: ='10B Sem 1'!E21 -> 80 | G57: ='10B Sem 1'!F21 -> 54 | H57: ='10B Sem 1'!G21 -> 70 | I57: ='10B Sem 1'!H21 -> 65 | J57: ='10B Sem 1'!I21 -> 54 | K57: ='10B Sem 1'!J21 -> 52 | L57: ='10B Sem 1'!K21 -> 65 | M57: ='10B Sem 1'!L21 -> 58 | ... W57: ='10B Sem 1'!V21 -> 0
C58: 16 | D58: F | E58: Semister 2 | F58: ='10B Sem 2'!E21 -> 75 | G58: ='10B Sem 2'!F21 -> 64 | H58: ='10B Sem 2'!G21 -> 50 | I58: ='10B Sem 2'!H21 -> 55 | J58: ='10B Sem 2'!I21 -> 54 | K58: ='10B Sem 2'!J21 -> 52 | L58: ='10B Sem 2'!K21 -> 57 | M58: ='10B Sem 2'!L21 -> 72 | ... W58: ='10B Sem 2'!V21 -> 0
C59: 16 | D59: F | E59: Average | F59: =AVERAGE(F57:F58) -> 77.5 | G59: =AVERAGE(G57:G58) -> 59 | H59: =AVERAGE(H57:H58) -> 60 | I59: =AVERAGE(I57:I58) -> 60 | J59: =AVERAGE(J57:J58) -> 54 | K59: =AVERAGE(K57:K58) -> 52 | L59: =AVERAGE(L57:L58) -> 61 | M59: =AVERAGE(M57:M58) -> 65 | ... T59: =AVERAGE(T57:T58) -> 64.923077 | U59: ='10B Sem avr'!$H$21 -> 46 | V59: =AVERAGE(V57:V58) -> 0 | W59: =AVERAGE(W57:W58) -> 0
A60: 19 | C60: 16 | D60: M | E60: Semister 1 | F60: ='10B Sem 1'!E22 -> 81 | G60: ='10B Sem 1'!F22 -> 81 | H60: ='10B Sem 1'!G22 -> 80 | I60: ='10B Sem 1'!H22 -> 68 | J60: ='10B Sem 1'!I22 -> 67 | K60: ='10B Sem 1'!J22 -> 85 | L60: ='10B Sem 1'!K22 -> 72 | M60: ='10B Sem 1'!L22 -> 79 | ... W60: ='10B Sem 1'!V22 -> 0
C61: 16 | D61: M | E61: Semister 2 | F61: ='10B Sem 2'!E22 -> 73 | G61: ='10B Sem 2'!F22 -> 75 | H61: ='10B Sem 2'!G22 -> 87 | I61: ='10B Sem 2'!H22 -> 77 | J61: ='10B Sem 2'!I22 -> 74 | K61: ='10B Sem 2'!J22 -> 85 | L61: ='10B Sem 2'!K22 -> 86 | M61: ='10B Sem 2'!L22 -> 93 | ... W61: ='10B Sem 2'!V22 -> 0
C62: 16 | D62: M | E62: Average | F62: =AVERAGE(F60:F61) -> 77 | G62: =AVERAGE(G60:G61) -> 78 | H62: =AVERAGE(H60:H61) -> 83.5 | I62: =AVERAGE(I60:I61) -> 72.5 | J62: =AVERAGE(J60:J61) -> 70.5 | K62: =AVERAGE(K60:K61) -> 85 | L62: =AVERAGE(L60:L61) -> 79 | M62: =AVERAGE(M60:M61) -> 86 | ... T62: =AVERAGE(T60:T61) -> 82.230769 | U62: ='10B Sem avr'!$H$22 -> 13 | V62: =AVERAGE(V60:V61) -> 0 | W62: =AVERAGE(W60:W61) -> 0
A63: 20 | C63: 16 | D63: F | E63: Semister 1 | F63: ='10B Sem 1'!E23 -> 86 | G63: ='10B Sem 1'!F23 -> 93 | H63: ='10B Sem 1'!G23 -> 95 | I63: ='10B Sem 1'!H23 -> 96 | J63: ='10B Sem 1'!I23 -> 89 | K63: ='10B Sem 1'!J23 -> 91 | L63: ='10B Sem 1'!K23 -> 93 | M63: ='10B Sem 1'!L23 -> 84 | ... W63: ='10B Sem 1'!V23 -> 0
C64: 16 | D64: F | E64: Semister 2 | F64: ='10B Sem 2'!E23 -> 83 | G64: ='10B Sem 2'!F23 -> 92 | H64: ='10B Sem 2'!G23 -> 90 | I64: ='10B Sem 2'!H23 -> 85 | J64: ='10B Sem 2'!I23 -> 88 | K64: ='10B Sem 2'!J23 -> 91 | L64: ='10B Sem 2'!K23 -> 88 | M64: ='10B Sem 2'!L23 -> 99 | ... W64: ='10B Sem 2'!V23 -> 0
C65: 16 | D65: F | E65: Average | F65: =AVERAGE(F63:F64) -> 84.5 | G65: =AVERAGE(G63:G64) -> 92.5 | H65: =AVERAGE(H63:H64) -> 92.5 | I65: =AVERAGE(I63:I64) -> 90.5 | J65: =AVERAGE(J63:J64) -> 88.5 | K65: =AVERAGE(K63:K64) -> 91 | L65: =AVERAGE(L63:L64) -> 90.5 | M65: =AVERAGE(M63:M64) -> 91.5 | ... T65: =AVERAGE(T63:T64) -> 90.576923 | U65: ='10B Sem avr'!$H$23 -> 5 | V65: =AVERAGE(V63:V64) -> 0 | W65: =AVERAGE(W63:W64) -> 0
A66: 21 | C66: 16 | D66: M | E66: Semister 1 | F66: ='10B Sem 1'!E24 -> 86 | G66: ='10B Sem 1'!F24 -> 80 | H66: ='10B Sem 1'!G24 -> 92 | I66: ='10B Sem 1'!H24 -> 92 | J66: ='10B Sem 1'!I24 -> 82 | K66: ='10B Sem 1'!J24 -> 88 | L66: ='10B Sem 1'!K24 -> 81 | M66: ='10B Sem 1'!L24 -> 74 | ... W66: ='10B Sem 1'!V24 -> 0
C67: 16 | D67: M | E67: Semister 2 | F67: ='10B Sem 2'!E24 -> 86 | G67: ='10B Sem 2'!F24 -> 82 | H67: ='10B Sem 2'!G24 -> 83 | I67: ='10B Sem 2'!H24 -> 85 | J67: ='10B Sem 2'!I24 -> 84 | K67: ='10B Sem 2'!J24 -> 91 | L67: ='10B Sem 2'!K24 -> 80 | M67: ='10B Sem 2'!L24 -> 98 | ... W67: ='10B Sem 2'!V24 -> 0
C68: 16 | D68: M | E68: Average | F68: =AVERAGE(F66:F67) -> 86 | G68: =AVERAGE(G66:G67) -> 81 | H68: =AVERAGE(H66:H67) -> 87.5 | I68: =AVERAGE(I66:I67) -> 88.5 | J68: =AVERAGE(J66:J67) -> 83 | K68: =AVERAGE(K66:K67) -> 89.5 | L68: =AVERAGE(L66:L67) -> 80.5 | M68: =AVERAGE(M66:M67) -> 86 | ... T68: =AVERAGE(T66:T67) -> 86.269231 | U68: ='10B Sem avr'!$H$24 -> 9 | V68: =AVERAGE(V66:V67) -> 0 | W68: =AVERAGE(W66:W67) -> 0
A69: 22 | C69: 15 | D69: M | E69: Semister 1 | F69: ='10B Sem 1'!E25 -> 85 | G69: ='10B Sem 1'!F25 -> 79 | H69: ='10B Sem 1'!G25 -> 66 | I69: ='10B Sem 1'!H25 -> 59 | J69: ='10B Sem 1'!I25 -> 61 | K69: ='10B Sem 1'!J25 -> 76 | L69: ='10B Sem 1'!K25 -> 77 | M69: ='10B Sem 1'!L25 -> 69 | ... W69: ='10B Sem 1'!V25 -> 0
C70: 15 | D70: M | E70: Semister 2 | F70: ='10B Sem 2'!E25 -> 80 | G70: ='10B Sem 2'!F25 -> 80 | H70: ='10B Sem 2'!G25 -> 53 | I70: ='10B Sem 2'!H25 -> 63 | J70: ='10B Sem 2'!I25 -> 58 | K70: ='10B Sem 2'!J25 -> 65 | L70: ='10B Sem 2'!K25 -> 80 | M70: ='10B Sem 2'!L25 -> 84 | ... W70: ='10B Sem 2'!V25 -> 0
C71: 15 | D71: M | E71: Average | F71: =AVERAGE(F69:F70) -> 82.5 | G71: =AVERAGE(G69:G70) -> 79.5 | H71: =AVERAGE(H69:H70) -> 59.5 | I71: =AVERAGE(I69:I70) -> 61 | J71: =AVERAGE(J69:J70) -> 59.5 | K71: =AVERAGE(K69:K70) -> 70.5 | L71: =AVERAGE(L69:L70) -> 78.5 | M71: =AVERAGE(M69:M70) -> 76.5 | ... T71: =AVERAGE(T69:T70) -> 74.269231 | U71: ='10B Sem avr'!$H$25 -> 32 | V71: =AVERAGE(V69:V70) -> 0 | W71: =AVERAGE(W69:W70) -> 0
A72: 23 | C72: 16 | D72: F | E72: Semister 1 | F72: ='10B Sem 1'!E26 -> 69 | G72: ='10B Sem 1'!F26 -> 63 | H72: ='10B Sem 1'!G26 -> 69 | I72: ='10B Sem 1'!H26 -> 36 | J72: ='10B Sem 1'!I26 -> 39 | K72: ='10B Sem 1'!J26 -> 59 | L72: ='10B Sem 1'!K26 -> 46 | M72: ='10B Sem 1'!L26 -> 52 | ... W72: ='10B Sem 1'!V26 -> 0
C73: 16 | D73: F | E73: Semister 2 | F73: ='10B Sem 2'!E26 -> 61 | G73: ='10B Sem 2'!F26 -> 46 | H73: ='10B Sem 2'!G26 -> 50 | I73: ='10B Sem 2'!H26 -> 49 | J73: ='10B Sem 2'!I26 -> 39 | K73: ='10B Sem 2'!J26 -> 64 | L73: ='10B Sem 2'!K26 -> 67 | M73: ='10B Sem 2'!L26 -> 73 | ... W73: ='10B Sem 2'!V26 -> 0
C74: 16 | D74: F | E74: Average | F74: =AVERAGE(F72:F73) -> 65 | G74: =AVERAGE(G72:G73) -> 54.5 | H74: =AVERAGE(H72:H73) -> 59.5 | I74: =AVERAGE(I72:I73) -> 42.5 | J74: =AVERAGE(J72:J73) -> 39 | K74: =AVERAGE(K72:K73) -> 61.5 | L74: =AVERAGE(L72:L73) -> 56.5 | M74: =AVERAGE(M72:M73) -> 62.5 | ... T74: =AVERAGE(T72:T73) -> 59.769231 | U74: ='10B Sem avr'!$H$26 -> 52 | V74: =AVERAGE(V72:V73) -> 0 | W74: =AVERAGE(W72:W73) -> 0
A75: 24 | C75: 16 | D75: F | E75: Semister 1 | F75: ='10B Sem 1'!E27 -> 84 | G75: ='10B Sem 1'!F27 -> 60 | H75: ='10B Sem 1'!G27 -> 82 | I75: ='10B Sem 1'!H27 -> 69 | J75: ='10B Sem 1'!I27 -> 61 | K75: ='10B Sem 1'!J27 -> 78 | L75: ='10B Sem 1'!K27 -> 79 | M75: ='10B Sem 1'!L27 -> 83 | ... W75: ='10B Sem 1'!V27 -> 0
C76: 16 | D76: F | E76: Semister 2 | F76: ='10B Sem 2'!E27 -> 80 | G76: ='10B Sem 2'!F27 -> 68 | H76: ='10B Sem 2'!G27 -> 71 | I76: ='10B Sem 2'!H27 -> 71 | J76: ='10B Sem 2'!I27 -> 61 | K76: ='10B Sem 2'!J27 -> 83 | L76: ='10B Sem 2'!K27 -> 86 | M76: ='10B Sem 2'!L27 -> 94 | ... W76: ='10B Sem 2'!V27 -> 0
C77: 16 | D77: F | E77: Average | F77: =AVERAGE(F75:F76) -> 82 | G77: =AVERAGE(G75:G76) -> 64 | H77: =AVERAGE(H75:H76) -> 76.5 | I77: =AVERAGE(I75:I76) -> 70 | J77: =AVERAGE(J75:J76) -> 61 | K77: =AVERAGE(K75:K76) -> 80.5 | L77: =AVERAGE(L75:L76) -> 82.5 | M77: =AVERAGE(M75:M76) -> 88.5 | ... T77: =AVERAGE(T75:T76) -> 78.846154 | U77: ='10B Sem avr'!$H$27 -> 21 | V77: =AVERAGE(V75:V76) -> 0 | W77: =AVERAGE(W75:W76) -> 0
A78: 25 | C78: 16 | D78: F | E78: Semister 1 | F78: ='10B Sem 1'!E28 -> 81 | G78: ='10B Sem 1'!F28 -> 62 | H78: ='10B Sem 1'!G28 -> 65 | I78: ='10B Sem 1'!H28 -> 75 | J78: ='10B Sem 1'!I28 -> 51 | K78: ='10B Sem 1'!J28 -> 65 | L78: ='10B Sem 1'!K28 -> 77 | M78: ='10B Sem 1'!L28 -> 67 | ... W78: ='10B Sem 1'!V28 -> 0
C79: 16 | D79: F | E79: Semister 2 | F79: ='10B Sem 2'!E28 -> 79 | G79: ='10B Sem 2'!F28 -> 46 | H79: ='10B Sem 2'!G28 -> 69 | I79: ='10B Sem 2'!H28 -> 62 | J79: ='10B Sem 2'!I28 -> 65 | K79: ='10B Sem 2'!J28 -> 71 | L79: ='10B Sem 2'!K28 -> 79 | M79: ='10B Sem 2'!L28 -> 87 | ... W79: ='10B Sem 2'!V28 -> 0
C80: 16 | D80: F | E80: Average | F80: =AVERAGE(F78:F79) -> 80 | G80: =AVERAGE(G78:G79) -> 54 | H80: =AVERAGE(H78:H79) -> 67 | I80: =AVERAGE(I78:I79) -> 68.5 | J80: =AVERAGE(J78:J79) -> 58 | K80: =AVERAGE(K78:K79) -> 68 | L80: =AVERAGE(L78:L79) -> 78 | M80: =AVERAGE(M78:M79) -> 77 | ... T80: =AVERAGE(T78:T79) -> 70.884615 | U80: ='10B Sem avr'!$H$28 -> 37 | V80: =AVERAGE(V78:V79) -> 0 | W80: =AVERAGE(W78:W79) -> 0
A81: 26 | C81: 15 | D81: F | E81: Semister 1 | F81: ='10B Sem 1'!E29 -> 79 | G81: ='10B Sem 1'!F29 -> 75 | H81: ='10B Sem 1'!G29 -> 46 | I81: ='10B Sem 1'!H29 -> 62 | J81: ='10B Sem 1'!I29 -> 43 | K81: ='10B Sem 1'!J29 -> 57 | L81: ='10B Sem 1'!K29 -> 67 | M81: ='10B Sem 1'!L29 -> 51 | ... W81: ='10B Sem 1'!V29 -> 0
C82: 15 | D82: F | E82: Semister 2 | F82: ='10B Sem 2'!E29 -> 69 | G82: ='10B Sem 2'!F29 -> 78 | H82: ='10B Sem 2'!G29 -> 36 | I82: ='10B Sem 2'!H29 -> 62 | J82: ='10B Sem 2'!I29 -> 51 | K82: ='10B Sem 2'!J29 -> 63 | L82: ='10B Sem 2'!K29 -> 67 | M82: ='10B Sem 2'!L29 -> 78 | ... W82: ='10B Sem 2'!V29 -> 0
C83: 15 | D83: F | E83: Average | F83: =AVERAGE(F81:F82) -> 74 | G83: =AVERAGE(G81:G82) -> 76.5 | H83: =AVERAGE(H81:H82) -> 41 | I83: =AVERAGE(I81:I82) -> 62 | J83: =AVERAGE(J81:J82) -> 47 | K83: =AVERAGE(K81:K82) -> 60 | L83: =AVERAGE(L81:L82) -> 67 | M83: =AVERAGE(M81:M82) -> 64.5 | ... T83: =AVERAGE(T81:T82) -> 68.423077 | U83: ='10B Sem avr'!$H$29 -> 41 | V83: =AVERAGE(V81:V82) -> 0 | W83: =AVERAGE(W81:W82) -> 0
A84: 27 | C84: 14 | D84: M | E84: Semister 1 | F84: ='10B Sem 1'!E30 -> 79 | G84: ='10B Sem 1'!F30 -> 90 | H84: ='10B Sem 1'!G30 -> 64 | I84: ='10B Sem 1'!H30 -> 64 | J84: ='10B Sem 1'!I30 -> 57 | K84: ='10B Sem 1'!J30 -> 69 | L84: ='10B Sem 1'!K30 -> 79 | M84: ='10B Sem 1'!L30 -> 70 | ... W84: ='10B Sem 1'!V30 -> 0
C85: 14 | D85: M | E85: Semister 2 | F85: ='10B Sem 2'!E30 -> 73 | G85: ='10B Sem 2'!F30 -> 90 | H85: ='10B Sem 2'!G30 -> 55 | I85: ='10B Sem 2'!H30 -> 45 | J85: ='10B Sem 2'!I30 -> 60 | K85: ='10B Sem 2'!J30 -> 64 | L85: ='10B Sem 2'!K30 -> 66 | M85: ='10B Sem 2'!L30 -> 87 | ... W85: ='10B Sem 2'!V30 -> 0
C86: 14 | D86: M | E86: Average | F86: =AVERAGE(F84:F85) -> 76 | G86: =AVERAGE(G84:G85) -> 90 | H86: =AVERAGE(H84:H85) -> 59.5 | I86: =AVERAGE(I84:I85) -> 54.5 | J86: =AVERAGE(J84:J85) -> 58.5 | K86: =AVERAGE(K84:K85) -> 66.5 | L86: =AVERAGE(L84:L85) -> 72.5 | M86: =AVERAGE(M84:M85) -> 78.5 | ... T86: =AVERAGE(T84:T85) -> 73.884615 | U86: ='10B Sem avr'!$H$30 -> 33 | V86: =AVERAGE(V84:V85) -> 0 | W86: =AVERAGE(W84:W85) -> 0
A87: 28 | C87: 15 | D87: F | E87: Semister 1 | F87: ='10B Sem 1'!E31 -> 86 | G87: ='10B Sem 1'!F31 -> 70 | H87: ='10B Sem 1'!G31 -> 91 | I87: ='10B Sem 1'!H31 -> 75 | J87: ='10B Sem 1'!I31 -> 74 | K87: ='10B Sem 1'!J31 -> 90 | L87: ='10B Sem 1'!K31 -> 78 | M87: ='10B Sem 1'!L31 -> 73 | ... W87: ='10B Sem 1'!V31 -> 0
C88: 15 | D88: F | E88: Semister 2 | F88: ='10B Sem 2'!E31 -> 81 | G88: ='10B Sem 2'!F31 -> 76 | H88: ='10B Sem 2'!G31 -> 85 | I88: ='10B Sem 2'!H31 -> 75 | J88: ='10B Sem 2'!I31 -> 83 | K88: ='10B Sem 2'!J31 -> 91 | L88: ='10B Sem 2'!K31 -> 84 | M88: ='10B Sem 2'!L31 -> 91 | ... W88: ='10B Sem 2'!V31 -> 0
C89: 15 | D89: F | E89: Average | F89: =AVERAGE(F87:F88) -> 83.5 | G89: =AVERAGE(G87:G88) -> 73 | H89: =AVERAGE(H87:H88) -> 88 | I89: =AVERAGE(I87:I88) -> 75 | J89: =AVERAGE(J87:J88) -> 78.5 | K89: =AVERAGE(K87:K88) -> 90.5 | L89: =AVERAGE(L87:L88) -> 81 | M89: =AVERAGE(M87:M88) -> 82 | ... T89: =AVERAGE(T87:T88) -> 82.961538 | U89: ='10B Sem avr'!$H$31 -> 11 | V89: =AVERAGE(V87:V88) -> 0 | W89: =AVERAGE(W87:W88) -> 0
A90: 29 | C90: 16 | D90: M | E90: Semister 1 | F90: ='10B Sem 1'!E32 -> 0 | G90: ='10B Sem 1'!F32 -> 0 | H90: ='10B Sem 1'!G32 -> 0 | I90: ='10B Sem 1'!H32 -> 0 | J90: ='10B Sem 1'!I32 -> 0 | K90: ='10B Sem 1'!J32 -> 0 | L90: ='10B Sem 1'!K32 -> 0 | M90: ='10B Sem 1'!L32 -> 0 | ... W90: ='10B Sem 1'!V32 -> 0
C91: 16 | D91: M | E91: Semister 2 | F91: ='10B Sem 2'!E32 -> 0 | G91: ='10B Sem 2'!F32 -> 0 | H91: ='10B Sem 2'!G32 -> 0 | I91: ='10B Sem 2'!H32 -> 0 | J91: ='10B Sem 2'!I32 -> 0 | K91: ='10B Sem 2'!J32 -> 0 | L91: ='10B Sem 2'!K32 -> 0 | M91: ='10B Sem 2'!L32 -> 0 | ... W91: ='10B Sem 2'!V32 -> 0
C92: 16 | D92: M | E92: Average | F92: =AVERAGE(F90:F91) -> 0 | G92: =AVERAGE(G90:G91) -> 0 | H92: =AVERAGE(H90:H91) -> 0 | I92: =AVERAGE(I90:I91) -> 0 | J92: =AVERAGE(J90:J91) -> 0 | K92: =AVERAGE(K90:K91) -> 0 | L92: =AVERAGE(L90:L91) -> 0 | M92: =AVERAGE(M90:M91) -> 0 | ... T92: =AVERAGE(T90:T91) -> 0 | U92: ='10B Sem avr'!$H$32 -> 56 | V92: =AVERAGE(V90:V91) -> 0 | W92: =AVERAGE(W90:W91) -> 0
A93: 30 | C93: 15 | D93: F | E93: Semister 1 | F93: ='10B Sem 1'!E33 -> 74 | G93: ='10B Sem 1'!F33 -> 56 | H93: ='10B Sem 1'!G33 -> 51 | I93: ='10B Sem 1'!H33 -> 42 | J93: ='10B Sem 1'!I33 -> 49 | K93: ='10B Sem 1'!J33 -> 60 | L93: ='10B Sem 1'!K33 -> 64 | M93: ='10B Sem 1'!L33 -> 60 | ... W93: ='10B Sem 1'!V33 -> 0
C94: 15 | D94: F | E94: Semister 2 | F94: ='10B Sem 2'!E33 -> 69 | G94: ='10B Sem 2'!F33 -> 62 | H94: ='10B Sem 2'!G33 -> 42 | I94: ='10B Sem 2'!H33 -> 47 | J94: ='10B Sem 2'!I33 -> 53 | K94: ='10B Sem 2'!J33 -> 58 | L94: ='10B Sem 2'!K33 -> 67 | M94: ='10B Sem 2'!L33 -> 81 | ... W94: ='10B Sem 2'!V33 -> 0
C95: 15 | D95: F | E95: Average | F95: =AVERAGE(F93:F94) -> 71.5 | G95: =AVERAGE(G93:G94) -> 59 | H95: =AVERAGE(H93:H94) -> 46.5 | I95: =AVERAGE(I93:I94) -> 44.5 | J95: =AVERAGE(J93:J94) -> 51 | K95: =AVERAGE(K93:K94) -> 59 | L95: =AVERAGE(L93:L94) -> 65.5 | M95: =AVERAGE(M93:M94) -> 70.5 | ... T95: =AVERAGE(T93:T94) -> 61.923077 | U95: ='10B Sem avr'!$H$33 -> 49 | V95: =AVERAGE(V93:V94) -> 0 | W95: =AVERAGE(W93:W94) -> 0
A96: 31 | C96: 16 | D96: M | E96: Semister 1 | F96: ='10B Sem 1'!E34 -> 88 | G96: ='10B Sem 1'!F34 -> 80 | H96: ='10B Sem 1'!G34 -> 66 | I96: ='10B Sem 1'!H34 -> 60 | J96: ='10B Sem 1'!I34 -> 54 | K96: ='10B Sem 1'!J34 -> 84 | L96: ='10B Sem 1'!K34 -> 64 | M96: ='10B Sem 1'!L34 -> 70 | ... W96: ='10B Sem 1'!V34 -> 0
C97: 16 | D97: M | E97: Semister 2 | F97: ='10B Sem 2'!E34 -> 84 | G97: ='10B Sem 2'!F34 -> 76 | H97: ='10B Sem 2'!G34 -> 66 | I97: ='10B Sem 2'!H34 -> 57 | J97: ='10B Sem 2'!I34 -> 61 | K97: ='10B Sem 2'!J34 -> 70 | L97: ='10B Sem 2'!K34 -> 69 | M97: ='10B Sem 2'!L34 -> 89 | ... W97: ='10B Sem 2'!V34 -> 0
C98: 16 | D98: M | E98: Average | F98: =AVERAGE(F96:F97) -> 86 | G98: =AVERAGE(G96:G97) -> 78 | H98: =AVERAGE(H96:H97) -> 66 | I98: =AVERAGE(I96:I97) -> 58.5 | J98: =AVERAGE(J96:J97) -> 57.5 | K98: =AVERAGE(K96:K97) -> 77 | L98: =AVERAGE(L96:L97) -> 66.5 | M98: =AVERAGE(M96:M97) -> 79.5 | ... T98: =AVERAGE(T96:T97) -> 75.115385 | U98: ='10B Sem avr'!$H$34 -> 31 | V98: =AVERAGE(V96:V97) -> 0 | W98: =AVERAGE(W96:W97) -> 0
A99: 32 | C99: 15 | D99: F | E99: Semister 1 | F99: ='10B Sem 1'!E35 -> 89 | G99: ='10B Sem 1'!F35 -> 84 | H99: ='10B Sem 1'!G35 -> 90 | I99: ='10B Sem 1'!H35 -> 89 | J99: ='10B Sem 1'!I35 -> 80 | K99: ='10B Sem 1'!J35 -> 93 | L99: ='10B Sem 1'!K35 -> 91 | M99: ='10B Sem 1'!L35 -> 95 | ... W99: ='10B Sem 1'!V35 -> 0
C100: 15 | D100: F | E100: Semister 2 | F100: ='10B Sem 2'!E35 -> 88 | G100: ='10B Sem 2'!F35 -> 78 | H100: ='10B Sem 2'!G35 -> 82 | I100: ='10B Sem 2'!H35 -> 81 | J100: ='10B Sem 2'!I35 -> 86 | K100: ='10B Sem 2'!J35 -> 91 | L100: ='10B Sem 2'!K35 -> 92 | M100: ='10B Sem 2'!L35 -> 100 | ... W100: ='10B Sem 2'!V35 -> 0
C101: 15 | D101: F | E101: Average | F101: =AVERAGE(F99:F100) -> 88.5 | G101: =AVERAGE(G99:G100) -> 81 | H101: =AVERAGE(H99:H100) -> 86 | I101: =AVERAGE(I99:I100) -> 85 | J101: =AVERAGE(J99:J100) -> 83 | K101: =AVERAGE(K99:K100) -> 92 | L101: =AVERAGE(L99:L100) -> 91.5 | M101: =AVERAGE(M99:M100) -> 97.5 | ... T101: =AVERAGE(T99:T100) -> 90.576923 | U101: ='10B Sem avr'!$H$35 -> 5 | V101: =AVERAGE(V99:V100) -> 0 | W101: =AVERAGE(W99:W100) -> 0
A102: 33 | C102: 15 | D102: F | E102: Semister 1 | F102: ='10B Sem 1'!E36 -> 90 | G102: ='10B Sem 1'!F36 -> 86 | H102: ='10B Sem 1'!G36 -> 89 | I102: ='10B Sem 1'!H36 -> 87 | J102: ='10B Sem 1'!I36 -> 89 | K102: ='10B Sem 1'!J36 -> 97 | L102: ='10B Sem 1'!K36 -> 93 | M102: ='10B Sem 1'!L36 -> 97 | ... W102: ='10B Sem 1'!V36 -> 0
...

Sheet 10B Sem 1
A1: Maria Rubbato Catholic School 2016 E.C Roster Grade 10B Student's
A2: Home Room Teacher Grade 10B
A3: No | B3: Student Name | C3: Age | D3: Sex | E3: Amharic | F3: English | G3: Maths | H3: physics | I3: chemistry | J3: Biology | K3: History | L3: Geography | M3: Citizenship | N3: ICT | O3: Economics | P3: H.P.E | Q3: Afan Oromo | R3: Total | S3: Average | T3: Rank | U3: Condc. | V3: Abse.
A4: 1 | C4: 16 | D4: M | E4: 76 | F4: 53 | G4: 83 | H4: 48 | I4: 52 | J4: 61 | K4: 72 | L4: 60 | M4: 57 | N4: 77 | O4: 65 | P4: 73 | Q4: 62 | R4: =SUM(E4:Q4) -> 839 | S4: =AVERAGE(E4:Q4) -> 64.538462 | T4: =RANK(S4,$S$4:$S$59) -> 47
A5: 2 | C5: 16 | D5: M | E5: 81 | F5: 73 | G5: 82 | H5: 55 | I5: 68 | J5: 73 | K5: 72 | L5: 69 | M5: 78 | N5: 81 | O5: 74 | P5: 88 | Q5: 79 | R5: =SUM(E5:Q5) -> 973 | S5: =AVERAGE(E5:Q5) -> 74.846154 | T5: =RANK(S5,$S$4:$S$59) -> 28
A6: 3 | C6: 16 | D6: F | E6: 74 | F6: 47 | G6: 47 | H6: 44 | I6: 33 | J6: 41 | K6: 45 | L6: 42 | M6: 53 | N6: 60 | O6: 54 | P6: 79 | Q6: 55 | R6: =SUM(E6:Q6) -> 674 | S6: =AVERAGE(E6:Q6) -> 51.846154 | T6: =RANK(S6,$S$4:$S$59) -> 55
A7: 4 | C7: 16 | D7: F | E7: 84 | F7: 63 | G7: 68 | H7: 51 | I7: 54 | J7: 71 | K7: 69 | L7: 60 | M7: 75 | N7: 74 | O7: 61 | P7: 88 | Q7: 78 | R7: =SUM(E7:Q7) -> 896 | S7: =AVERAGE(E7:Q7) -> 68.923077 | T7: =RANK(S7,$S$4:$S$59) -> 39
A8: 5 | C8: 15 | D8: M | E8: 77 | F8: 71 | G8: 55 | H8: 37 | I8: 48 | J8: 45 | K8: 45 | L8: 53 | M8: 62 | N8: 80 | O8: 56 | P8: 76 | Q8: 70 | R8: =SUM(E8:Q8) -> 775 | S8: =AVERAGE(E8:Q8) -> 59.615385 | T8: =RANK(S8,$S$4:$S$59) -> 50
A9: 6 | C9: 16 | D9: M | E9: 78 | F9: 62 | G9: 89 | H9: 73 | I9: 61 | J9: 79 | K9: 63 | L9: 65 | M9: 68 | N9: 92 | O9: 82 | P9: 87 | Q9: 74 | R9: =SUM(E9:Q9) -> 973 | S9: =AVERAGE(E9:Q9) -> 74.846154 | T9: =RANK(S9,$S$4:$S$59) -> 28
A10: 7 | C10: 14 | D10: F | E10: 82 | F10: 71 | G10: 70 | H10: 40 | I10: 41 | J10: 64 | K10: 66 | L10: 64 | M10: 68 | N10: 78 | O10: 64 | P10: 71 | Q10: 66 | R10: =SUM(E10:Q10) -> 845 | S10: =AVERAGE(E10:Q10) -> 65 | T10: =RANK(S10,$S$4:$S$59) -> 46
A11: 8 | C11: 15 | D11: M | E11: 82 | F11: 63 | G11: 52 | H11: 50 | I11: 63 | J11: 79 | K11: 62 | L11: 65 | M11: 68 | N11: 66 | O11: 72 | P11: 77 | Q11: 66 | R11: =SUM(E11:Q11) -> 865 | S11: =AVERAGE(E11:Q11) -> 66.538462 | T11: =RANK(S11,$S$4:$S$59) -> 42
A12: 9 | C12: 15 | D12: F | E12: 90 | F12: 78 | G12: 91 | H12: 77 | I12: 66 | J12: 82 | K12: 86 | L12: 84 | M12: 81 | N12: 86 | O12: 74 | P12: 99 | Q12: 82 | R12: =SUM(E12:Q12) -> 1076 | S12: =AVERAGE(E12:Q12) -> 82.769231 | T12: =RANK(S12,$S$4:$S$59) -> 12
A13: 10 | C13: 15 | D13: F | E13: 89 | F13: 70 | G13: 88 | H13: 83 | I13: 78 | J13: 80 | K13: 78 | L13: 79 | M13: 87 | N13: 89 | O13: 76 | P13: 87 | Q13: 84 | R13: =SUM(E13:Q13) -> 1068 | S13: =AVERAGE(E13:Q13) -> 82.153846 | T13: =RANK(S13,$S$4:$S$59) -> 13
A14: 11 | C14: 15 | D14: F | E14: 91 | F14: 79 | G14: 76 | H14: 65 | I14: 63 | J14: 79 | K14: 91 | L14: 78 | M14: 86 | N14: 78 | O14: 85 | P14: 82 | Q14: 83 | R14: =SUM(E14:Q14) -> 1036 | S14: =AVERAGE(E14:Q14) -> 79.692308 | T14: =RANK(S14,$S$4:$S$59) -> 19
A15: 12 | C15: 15 | D15: F | E15: 81 | F15: 69 | G15: 78 | H15: 67 | I15: 62 | J15: 66 | K15: 75 | L15: 71 | M15: 69 | N15: 73 | O15: 80 | P15: 91 | Q15: 87 | R15: =SUM(E15:Q15) -> 969 | S15: =AVERAGE(E15:Q15) -> 74.538462 | T15: =RANK(S15,$S$4:$S$59) -> 32
... A31: 28 | C31: 15 | D31: F | E31: 86 | F31: 70 | G31: 91 | H31: 75 | I31: 74 | J31: 90 | K31: 78 | L31: 73 | M31: 82 | N31: 91 | O31: 77 | P31: 91 | Q31: 87 | R31: =SUM(E31:Q31) -> 1065 | S31: =AVERAGE(E31:Q31) -> 81.923077 | T31: =RANK(S31,$S$4:$S$59) -> 14
A32: 29 | C32: 16 | D32: M | R32: =SUM(E32:Q32) -> 0 | S32: 0 | T32: =RANK(S32,$S$4:$S$59) -> 56
A33: 30 | C33: 15 | D33: F | E33: 74 | F33: 56 | G33: 51 | H33: 42 | I33: 49 | J33: 60 | K33: 64 | L33: 60 | M33: 57 | N33: 62 | O33: 58 | P33: 79 | Q33: 59 | R33: =SUM(E33:Q33) -> 771 | S33: =AVERAGE(E33:Q33) -> 59.307692 | T33: =RANK(S33,$S$4:$S$59) -> 51
A34: 31 | C34: 16 | D34: M | E34: 88 | F34: 80 | G34: 66 | H34: 60 | I34: 54 | J34: 84 | K34: 64 | L34: 70 | M34: 85 | N34: 88 | O34: 85 | P34: 92 | Q34: 77 | R34: =SUM(E34:Q34) -> 993 | S34: =AVERAGE(E34:Q34) -> 76.384615 | T34: =RANK(S34,$S$4:$S$59) -> 24
A35: 32 | C35: 15 | D35: F | E35: 89 | F35: 84 | G35: 90 | H35: 89 | I35: 80 | J35: 93 | K35: 91 | L35: 95 | M35: 95 | N35: 98 | O35: 92 | P35: 94 | Q35: 85 | R35: =SUM(E35:Q35) -> 1175 | S35: =AVERAGE(E35:Q35) -> 90.384615 | T35: =RANK(S35,$S$4:$S$59) -> 5
A36: 33 | C36: 15 | D36: F | E36: 90 | F36: 86 | G36: 89 | H36: 87 | I36: 89 | J36: 97 | K36: 93 | L36: 97 | M36: 98 | N36: 96 | O36: 91 | P36: 99 | Q36: 96 | R36: =SUM(E36:Q36) -> 1208 | S36: =AVERAGE(E36:Q36) -> 92.923077 | T36: =RANK(S36,$S$4:$S$59) -> 2
A37: 34 | C37: 15 | D37: M | E37: 82 | F37: 86 | G37: 75 | H37: 70 | I37: 60 | J37: 69 | K37: 74 | L37: 70 | M37: 78 | N37: 82 | O37: 86 | P37: 88 | Q37: 63 | R37: =SUM(E37:Q37) -> 983 | S37: =AVERAGE(E37:Q37) -> 75.615385 | T37: =RANK(S37,$S$4:$S$59) -> 26
A38: 35 | C38: 16 | D38: F | E38: 85 | F38: 59 | G38: 69 | H38: 65 | I38: 54 | J38: 69 | K38: 87 | L38: 68 | M38: 70 | N38: 77 | O38: 79 | P38: 80 | Q38: 89 | R38: =SUM(E38:Q38) -> 951 | S38: =AVERAGE(E38:Q38) -> 73.153846 | T38: =RANK(S38,$S$4:$S$59) -> 35
A39: 36 | C39: 16 | D39: F | E39: 82 | F39: 84 | G39: 76 | H39: 63 | I39: 58 | J39: 88 | K39: 86 | L39: 79 | M39: 91 | N39: 84 | O39: 84 | P39: 90 | Q39: 87 | R39: =SUM(E39:Q39) -> 1052 | S39: =AVERAGE(E39:Q39) -> 80.923077 | T39: =RANK(S39,$S$4:$S$59) -> 16
A40: 37 | C40: 16 | D40: M | E40: 77 | F40: 75 | G40: 76 | H40: 69 | I40: 57 | J40: 78 | K40: 72 | L40: 65 | M40: 77 | N40: 80 | O40: 77 | P40: 81 | Q40: 73 | R40: =SUM(E40:Q40) -> 957 | S40: =AVERAGE(E40:Q40) -> 73.615385 | T40: =RANK(S40,$S$4:$S$59) -> 34
A41: 38 | C41: 16 | D41: M | E41: 69 | F41: 72 | G41: 86 | H41: 87 | I41: 80 | J41: 89 | K41: 90 | L41: 88 | M41: 86 | N41: 89 | O41: 88 | P41: 99 | Q41: 86 | R41: =SUM(E41:Q41) -> 1109 | S41: =AVERAGE(E41:Q41) -> 85.307692 | T41: =RANK(S41,$S$4:$S$59) -> 10
A42: 39 | C42: 16 | D42: M | E42: 82 | F42: 86 | G42: 86 | H42: 83 | I42: 79 | J42: 88 | K42: 81 | L42: 79 | M42: 88 | N42: 88 | O42: 76 | P42: 90 | Q42: 81 | R42: =SUM(E42:Q42) -> 1087 | S42: =AVERAGE(E42:Q42) -> 83.615385 | T42: =RANK(S42,$S$4:$S$59) -> 11
A43: 40 | C43: 15 | D43: M | E43: 79 | F43: 59 | G43: 90 | H43: 84 | I43: 61 | J43: 83 | K43: 59 | L43: 73 | M43: 66 | N43: 83 | O43: 68 | P43: 97 | Q43: 74 | R43: =SUM(E43:Q43) -> 976 | S43: =AVERAGE(E43:Q43) -> 75.076923 | T43: =RANK(S43,$S$4:$S$59) -> 27
A44: 41 | C44: 15 | D44: M | E44: 79 | F44: 62 | G44: 97 | H44: 88 | I44: 69 | J44: 68 | K44: 67 | L44: 66 | M44: 66 | N44: 87 | O44: 61 | P44: 87 | Q44: 70 | R44: =SUM(E44:Q44) -> 967 | S44: =AVERAGE(E44:Q44) -> 74.384615 | T44: =RANK(S44,$S$4:$S$59) -> 33
... A59: 56 | C59: 15 | D59: M | E59: 65 | F59: 75 | G59: 82 | H59: 75 | I59: 64 | J59: 75 | K59: 60 | L59: 59 | M59: 77 | N59: 73 | O59: 67 | P59: 84 | Q59: 60 | R59: =SUM(E59:Q59) -> 916 | S59: =AVERAGE(E59:Q59) -> 70.461538 | T59: =RANK(S59,$S$4:$S$59) -> 37

Sheet 10B Sem 2
A1: Maria Rubbato Catholic School 2016 E.C Roster Grade 10B Student's
A2: Home Room Teacher Grade 10B
A3: No | B3: Student Name | C3: Age | D3: Sex | E3: Amharic | F3: English | G3: Maths | H3: physics | I3: chemistry | J3: Biology | K3: History | L3: Geography | M3: Citizenship | N3: ICT | O3: Economics | P3: H.P.E | Q3: Afan Oromo | R3: Total | S3: Average | T3: Rank | U3: Condc. | V3: Abse.
A4: 1 | C4: 16 | D4: M | E4: 80 | F4: 62 | G4: 69 | H4: 64 | I4: 50 | J4: 58 | K4: 70 | L4: 79 | M4: 75 | N4: 78 | O4: 50 | P4: 89 | Q4: 58 | R4: =SUM(E4:Q4) -> 882 | S4: =AVERAGE(E4:Q4) -> 67.846154 | T4: =RANK(S4,$S$4:$S$59) -> 42
A5: 2 | C5: 16 | D5: M | E5: 71 | F5: 76 | G5: 57 | H5: 57 | I5: 62 | J5: 63 | K5: 58 | L5: 87 | M5: 72 | N5: 94 | O5: 61 | P5: 95 | Q5: 64 | R5: =SUM(E5:Q5) -> 917 | S5: =AVERAGE(E5:Q5) -> 70.538462 | T5: =RANK(S5,$S$4:$S$59) -> 38
A6: 3 | C6: 16 | D6: F | E6: 70 | F6: 63 | G6: 49 | H6: 46 | I6: 31 | J6: 36 | K6: 31 | L6: 63 | M6: 57 | N6: 58 | O6: 40 | P6: 74 | Q6: 51 | R6: =SUM(E6:Q6) -> 669 | S6: =AVERAGE(E6:Q6) -> 51.461538 | T6: =RANK(S6,$S$4:$S$59) -> 55
A7: 4 | C7: 16 | D7: F | E7: 85 | F7: 61 | G7: 49 | H7: 52 | I7: 57 | J7: 61 | K7: 85 | L7: 87 | M7: 78 | N7: 81 | O7: 74 | P7: 89 | Q7: 79 | R7: =SUM(E7:Q7) -> 938 | S7: =AVERAGE(E7:Q7) -> 72.153846 | T7: =RANK(S7,$S$4:$S$59) -> 34
A8: 5 | C8: 15 | D8: M | E8: 82 | F8: 74 | G8: 44 | H8: 48 | I8: 40 | J8: 52 | K8: 39 | L8: 70 | M8: 63 | N8: 83 | O8: 52 | P8: 95 | Q8: 69 | R8: =SUM(E8:Q8) -> 811 | S8: =AVERAGE(E8:Q8) -> 62.384615 | T8: =RANK(S8,$S$4:$S$59) -> 50
A9: 6 | C9: 16 | D9: M | E9: 76 | F9: 67 | G9: 86 | H9: 78 | I9: 71 | J9: 84 | K9: 78 | L9: 89 | M9: 81 | N9: 97 | O9: 90 | P9: 96 | Q9: 69 | R9: =SUM(E9:Q9) -> 1062 | S9: =AVERAGE(E9:Q9) -> 81.692308 | T9: =RANK(S9,$S$4:$S$59) -> 16
A10: 7 | C10: 14 | D10: F | E10: 79 | F10: 65 | G10: 62 | H10: 56 | I10: 52 | J10: 66 | K10: 65 | L10: 84 | M10: 79 | N10: 79 | O10: 59 | P10: 73 | Q10: 62 | R10: =SUM(E10:Q10) -> 881 | S10: =AVERAGE(E10:Q10) -> 67.769231 | T10: =RANK(S10,$S$4:$S$59) -> 43
A11: 8 | C11: 15 | D11: M | E11: 72 | F11: 57 | G11: 50 | H11: 48 | I11: 57 | J11: 68 | K11: 66 | L11: 81 | M11: 69 | N11: 81 | O11: 58 | P11: 87 | Q11: 55 | R11: =SUM(E11:Q11) -> 849 | S11: =AVERAGE(E11:Q11) -> 65.307692 | T11: =RANK(S11,$S$4:$S$59) -> 45
A12: 9 | C12: 15 | D12: F | E12: 84 | F12: 74 | G12: 76 | H12: 77 | I12: 68 | J12: 75 | K12: 69 | L12: 98 | M12: 75 | N12: 77 | O12: 86 | P12: 82 | Q12: 71 | R12: =SUM(E12:Q12) -> 1012 | S12: =AVERAGE(E12:Q12) -> 77.846154 | T12: =RANK(S12,$S$4:$S$59) -> 25
A13: 10 | C13: 15 | D13: F | E13: 86 | F13: 68 | G13: 74 | H13: 71 | I13: 70 | J13: 77 | K13: 80 | L13: 94 | M13: 80 | N13: 85 | O13: 73 | P13: 90 | Q13: 80 | R13: =SUM(E13:Q13) -> 1028 | S13: =AVERAGE(E13:Q13) -> 79.076923 | T13: =RANK(S13,$S$4:$S$59) -> 23
A14: 11 | C14: 15 | D14: F | E14: 84 | F14: 78 | G14: 53 | H14: 51 | I14: 56 | J14: 63 | K14: 86 | L14: 96 | M14: 80 | N14: 87 | O14: 81 | P14: 91 | Q14: 81 | R14: =SUM(E14:Q14) -> 987 | S14: =AVERAGE(E14:Q14) -> 75.923077 | T14: =RANK(S14,$S$4:$S$59) -> 30
A15: 12 | C15: 15 | D15: F | E15: 74 | F15: 69 | G15: 69 | H15: 51 | I15: 59 | J15: 78 | K15: 87 | L15: 92 | M15: 73 | N15: 88 | O15: 77 | P15: 96 | Q15: 77 | R15: =SUM(E15:Q15) -> 990 | S15: =AVERAGE(E15:Q15) -> 76.153846 | T15: =RANK(S15,$S$4:$S$59) -> 29
... A59: 56 | C59: 15 | D59: M | E59: 72 | F59: 72 | G59: 65 | H59: 74 | I59: 70 | J59: 67 | K59: 50 | L59: 84 | M59: 71 | N59: 87 | O59: 51 | P59: 86 | Q59: 52 | R59: =SUM(E59:Q59) -> 901 | S59: =AVERAGE(E59:Q59) -> 69.307692 | T59: =RANK(S59,$S$4:$S$59) -> 40

Sheet 10B Sem avr
A1: Maria Rubbato Catholic School 2016 E.C Roster Grade 10B Student's
A2: Home Room Teacher Grade 10B
A3: No | B3: Student Name | C3: Age | D3: Sex | E3: Semster 1 Average | F3: Semster 2 Average | G3: Average | H3: Rank
A4: 1 | C4: 16 | D4: M | E4: ='10B Sem 1'!S4 -> 64.538462 | F4: ='10B Sem 2'!S4 -> 67.846154 | G4: =AVERAGE(E4:F4) -> 66.192308 | H4: =RANK(G4,$G$4:$G$59) -> 43
A5: 2 | C5: 16 | D5: M | E5: ='10B Sem 1'!S5 -> 74.846154 | F5: ='10B Sem 2'!S5 -> 70.538462 | G5: =AVERAGE(E5:F5) -> 72.692308 | H5: =RANK(G5,$G$4:$G$59) -> 35
A6: 3 | C6: 16 | D6: F | E6: ='10B Sem 1'!S6 -> 51.846154 | F6: ='10B Sem 2'!S6 -> 51.461538 | G6: =AVERAGE(E6:F6) -> 51.653846 | H6: =RANK(G6,$G$4:$G$59) -> 55
A7: 4 | C7: 16 | D7: F | E7: ='10B Sem 1'!S7 -> 68.923077 | F7: ='10B Sem 2'!S7 -> 72.153846 | G7: =AVERAGE(E7:F7) -> 70.538462 | H7: =RANK(G7,$G$4:$G$59) -> 38
A8: 5 | C8: 15 | D8: M | E8: ='10B Sem 1'!S8 -> 59.615385 | F8: ='10B Sem 2'!S8 -> 62.384615 | G8: =AVERAGE(E8:F8) -> 61 | H8: =RANK(G8,$G$4:$G$59) -> 51
A9: 6 | C9: 16 | D9: M | E9: ='10B Sem 1'!S9 -> 74.846154 | F9: ='10B Sem 2'!S9 -> 81.692308 | G9: =AVERAGE(E9:F9) -> 78.269231 | H9: =RANK(G9,$G$4:$G$59) -> 23
A10: 7 | C10: 14 | D10: F | E10: ='10B Sem 1'!S10 -> 65 | F10: ='10B Sem 2'!S10 -> 67.769231 | G10: =AVERAGE(E10:F10) -> 66.384615 | H10: =RANK(G10,$G$4:$G$59) -> 42
A11: 8 | C11: 15 | D11: M | E11: ='10B Sem 1'!S11 -> 66.538462 | F11: ='10B Sem 2'!S11 -> 65.307692 | G11: =AVERAGE(E11:F11) -> 65.923077 | H11: =RANK(G11,$G$4:$G$59) -> 44
A12: 9 | C12: 15 | D12: F | E12: ='10B Sem 1'!S12 -> 82.769231 | F12: ='10B Sem 2'!S12 -> 77.846154 | G12: =AVERAGE(E12:F12) -> 80.307692 | H12: =RANK(G12,$G$4:$G$59) -> 18
A13: 10 | C13: 15 | D13: F | E13: ='10B Sem 1'!S13 -> 82.153846 | F13: ='10B Sem 2'!S13 -> 79.076923 | G13: =AVERAGE(E13:F13) -> 80.615385 | H13: =RANK(G13,$G$4:$G$59) -> 15
A14: 11 | C14: 15 | D14: F | E14: ='10B Sem 1'!S14 -> 79.692308 | F14: ='10B Sem 2'!S14 -> 75.923077 | G14: =AVERAGE(E14:F14) -> 77.807692 | H14: =RANK(G14,$G$4:$G$59) -> 25
A15: 12 | C15: 15 | D15: F | E15: ='10B Sem 1'!S15 -> 74.538462 | F15: ='10B Sem 2'!S15 -> 76.153846 | G15: =AVERAGE(E15:F15) -> 75.346154 | H15: =RANK(G15,$G$4:$G$59) -> 30
... A59: 56 | C59: 15 | D59: M | E59: ='10B Sem 1'!S59 -> 70.461538 | F59: ='10B Sem 2'!S59 -> 69.307692 | G59: =AVERAGE(E59:F59) -> 69.884615 | H59: =RANK(G59,$G$4:$G$59) -> 39

Sheet Roster 11A (NS)
A1: Maria Rubbato Catholic School 2016 E.C Roster Grade 11A (Natural Science) Student's
A2: Home Room Teacher Grade 11A(Natural Science)
A3: No | B3: Student Name | C3: Age | D3: Sex | E3: Semester | F3: English | G3: Maths | H3: physics | I3: chemistry | J3: Biology | K3: IT | L3: Agriculture | M3: Total | N3: Average | O3: Rank | P3: Condc. | Q3: Abse.
A4: 1 | C4: 16 | D4: M | E4: Semister 1 | F4: ='11A (N S) Sem1 '!E4 -> 91 | G4: ='11A (N S) Sem1 '!F4 -> 95 | H4: ='11A (N S) Sem1 '!G4 -> 97 | I4: ='11A (N S) Sem1 '!H4 -> 100 | J4: ='11A (N S) Sem1 '!I4 -> 99 | K4: ='11A (N S) Sem1 '!J4 -> 100 | L4: ='11A (N S) Sem1 '!K4 -> 92 | M4: ='11A (N S) Sem1 '!L4 -> 674 | ... Q4: ='11A (N S) Sem1 '!P4 -> 0
C5: 16 | D5: M | E5: Semister 2 | F5: ='11A (N S) Sem2'!E4 -> 99 | G5: ='11A (N S) Sem2'!F4 -> 93 | H5: ='11A (N S) Sem2'!G4 -> 95 | I5: ='11A (N S) Sem2'!H4 -> 100 | J5: ='11A (N S) Sem2'!I4 -> 100 | K5: ='11A (N S) Sem2'!J4 -> 100 | L5: ='11A (N S) Sem2'!K4 -> 98 | M5: ='11A (N S) Sem2'!L4 -> 685 | ... Q5: ='11A (N S) Sem2'!P4 -> 0
C6: 16 | D6: M | E6: Average | F6: =AVERAGE(F4:F5) -> 95 | G6: =AVERAGE(G4:G5) -> 94 | H6: =AVERAGE(H4:H5) -> 96 | I6: =AVERAGE(I4:I5) -> 100 | J6: =AVERAGE(J4:J5) -> 99.5 | K6: =AVERAGE(K4:K5) -> 100 | L6: =AVERAGE(L4:L5) -> 95 | M6: =AVERAGE(M4:M5) -> 679.5 | N6: =AVERAGE(N4:N5) -> 97.071429 | O6: ='11A (N S) Avr'!$I$4 -> 1 | P6: =AVERAGE(P4:P5) -> 0 | Q6: =AVERAGE(Q4:Q5) -> 0
A7: 2 | C7: 18 | D7: M | E7: Semister 1 | F7: ='11A (N S) Sem1 '!E5 -> 82 | G7: ='11A (N S) Sem1 '!F5 -> 95 | H7: ='11A (N S) Sem1 '!G5 -> 82 | I7: ='11A (N S) Sem1 '!H5 -> 89 | J7: ='11A (N S) Sem1 '!I5 -> 79 | K7: ='11A (N S) Sem1 '!J5 -> 85 | L7: ='11A (N S) Sem1 '!K5 -> 75 | M7: ='11A (N S) Sem1 '!L5 -> 587 | ... Q7: ='11A (N S) Sem1 '!P5 -> 0
C8: 18 | D8: M | E8: Semister 2 | F8: ='11A (N S) Sem2'!E5 -> 91 | G8: ='11A (N S) Sem2'!F5 -> 96 | H8: ='11A (N S) Sem2'!G5 -> 95 | I8: ='11A (N S) Sem2'!H5 -> 85 | J8: ='11A (N S) Sem2'!I5 -> 98 | K8: ='11A (N S) Sem2'!J5 -> 79 | L8: ='11A (N S) Sem2'!K5 -> 88 | M8: ='11A (N S) Sem2'!L5 -> 632 | ... Q8: ='11A (N S) Sem2'!P5 -> 0
C9: 18 | D9: M | E9: Average | F9: =AVERAGE(F7:F8) -> 86.5 | G9: =AVERAGE(G7:G8) -> 95.5 | H9: =AVERAGE(H7:H8) -> 88.5 | I9: =AVERAGE(I7:I8) -> 87 | J9: =AVERAGE(J7:J8) -> 88.5 | K9: =AVERAGE(K7:K8) -> 82 | L9: =AVERAGE(L7:L8) -> 81.5 | M9: =AVERAGE(M7:M8) -> 609.5 | N9: =AVERAGE(N7:N8) -> 87.071429 | O9: ='11A (N S) Avr'!$I$5 -> 17 | P9: =AVERAGE(P7:P8) -> 0 | Q9: =AVERAGE(Q7:Q8) -> 0
A10: 3 | C10: 16 | D10: M | E10: Semister 1 | F10: ='11A (N S) Sem1 '!E6 -> 75 | G10: ='11A (N S) Sem1 '!F6 -> 55 | H10: ='11A (N S) Sem1 '!G6 -> 60 | I10: ='11A (N S) Sem1 '!H6 -> 68 | J10: ='11A (N S) Sem1 '!I6 -> 77 | K10: ='11A (N S) Sem1 '!J6 -> 90 | L10: ='11A (N S) Sem1 '!K6 -> 71 | M10: ='11A (N S) Sem1 '!L6 -> 496 | ... Q10: ='11A (N S) Sem1 '!P6 -> 0
C11: 16 | D11: M | E11: Semister 2 | F11: ='11A (N S) Sem2'!E6 -> 86 | G11: ='11A (N S) Sem2'!F6 -> 59 | H11: ='11A (N S) Sem2'!G6 -> 65 | I11: ='11A (N S) Sem2'!H6 -> 76 | J11: ='11A (N S) Sem2'!I6 -> 89 | K11: ='11A (N S) Sem2'!J6 -> 92 | L11: ='11A (N S) Sem2'!K6 -> 85 | M11: ='11A (N S) Sem2'!L6 -> 552 | ... Q11: ='11A (N S) Sem2'!P6 -> 0
C12: 16 | D12: M | E12: Average | F12: =AVERAGE(F10:F11) -> 80.5 | G12: =AVERAGE(G10:G11) -> 57 | H12: =AVERAGE(H10:H11) -> 62.5 | I12: =AVERAGE(I10:I11) -> 72 | J12: =AVERAGE(J10:J11) -> 83 | K12: =AVERAGE(K10:K11) -> 91 | L12: =AVERAGE(L10:L11) -> 78 | M12: =AVERAGE(M10:M11) -> 524 | N12: =AVERAGE(N10:N11) -> 74.857143 | O12: ='11A (N S) Avr'!$I$6 -> 39 | P12: =AVERAGE(P10:P11) -> 0 | Q12: =AVERAGE(Q10:Q11) -> 0
A13: 4 | C13: 17 | D13: F | E13: Semister 1 | F13: ='11A (N S) Sem1 '!E7 -> 48 | G13: ='11A (N S) Sem1 '!F7 -> 46 | H13: ='11A (N S) Sem1 '!G7 -> 56 | I13: ='11A (N S) Sem1 '!H7 -> 66 | J13: ='11A (N S) Sem1 '!I7 -> 73 | K13: ='11A (N S) Sem1 '!J7 -> 80 | L13: ='11A (N S) Sem1 '!K7 -> 69 | M13: ='11A (N S) Sem1 '!L7 -> 438 | ... Q13: ='11A (N S) Sem1 '!P7 -> 0
C14: 17 | D14: F | E14: Semister 2 | F14: ='11A (N S) Sem2'!E7 -> 55 | G14: ='11A (N S) Sem2'!F7 -> 59 | H14: ='11A (N S) Sem2'!G7 -> 68 | I14: ='11A (N S) Sem2'!H7 -> 71 | J14: ='11A (N S) Sem2'!I7 -> 78 | K14: ='11A (N S) Sem2'!J7 -> 70 | L14: ='11A (N S) Sem2'!K7 -> 83 | M14: ='11A (N S) Sem2'!L7 -> 484 | ... Q14: ='11A (N S) Sem2'!P7 -> 0
C15: 17 | D15: F | E15: Average | F15: =AVERAGE(F13:F14) -> 51.5 | G15: =AVERAGE(G13:G14) -> 52.5 | H15: =AVERAGE(H13:H14) -> 62 | I15: =AVERAGE(I13:I14) -> 68.5 | J15: =AVERAGE(J13:J14) -> 75.5 | K15: =AVERAGE(K13:K14) -> 75 | L15: =AVERAGE(L13:L14) -> 76 | M15: =AVERAGE(M13:M14) -> 461 | N15: =AVERAGE(N13:N14) -> 65.857143 | O15: ='11A (N S) Avr'!$I$7 -> 45 | P15: =AVERAGE(P13:P14) -> 0 | Q15: =AVERAGE(Q13:Q14) -> 0
A16: 5 | C16: 16 | D16: F | E16: Semister 1 | F16: ='11A (N S) Sem1 '!E8 -> 81 | G16: ='11A (N S) Sem1 '!F8 -> 94 | H16: ='11A (N S) Sem1 '!G8 -> 87 | I16: ='11A (N S) Sem1 '!H8 -> 98 | J16: ='11A (N S) Sem1 '!I8 -> 97 | K16: ='11A (N S) Sem1 '!J8 -> 99 | L16: ='11A (N S) Sem1 '!K8 -> 93 | M16: ='11A (N S) Sem1 '!L8 -> 649 | ... Q16: ='11A (N S) Sem1 '!P8 -> 0
C17: 16 | D17: F | E17: Semister 2 | F17: ='11A (N S) Sem2'!E8 -> 87 | G17: ='11A (N S) Sem2'!F8 -> 88 | H17: ='11A (N S) Sem2'!G8 -> 95 | I17: ='11A (N S) Sem2'!H8 -> 100 | J17: ='11A (N S) Sem2'!I8 -> 100 | K17: ='11A (N S) Sem2'!J8 -> 100 | L17: ='11A (N S) Sem2'!K8 -> 98 | M17: ='11A (N S) Sem2'!L8 -> 668 | ... Q17: ='11A (N S) Sem2'!P8 -> 0
C18: 16 | D18: F | E18: Average | F18: =AVERAGE(F16:F17) -> 84 | G18: =AVERAGE(G16:G17) -> 91 | H18: =AVERAGE(H16:H17) -> 91 | I18: =AVERAGE(I16:I17) -> 99 | J18: =AVERAGE(J16:J17) -> 98.5 | K18: =AVERAGE(K16:K17) -> 99.5 | L18: =AVERAGE(L16:L17) -> 95.5 | M18: =AVERAGE(M16:M17) -> 658.5 | N18: =AVERAGE(N16:N17) -> 94.071429 | O18: ='11A (N S) Avr'!$I$8 -> 5 | P18: =AVERAGE(P16:P17) -> 0 | Q18: =AVERAGE(Q16:Q17) -> 0
A19: 6 | C19: 15 | D19: F | E19: Semister 1 | F19: ='11A (N S) Sem1 '!E9 -> 64 | G19: ='11A (N S) Sem1 '!F9 -> 67 | H19: ='11A (N S) Sem1 '!G9 -> 67 | I19: ='11A (N S) Sem1 '!H9 -> 64 | J19: ='11A (N S) Sem1 '!I9 -> 69 | K19: ='11A (N S) Sem1 '!J9 -> 91 | L19: ='11A (N S) Sem1 '!K9 -> 72 | M19: ='11A (N S) Sem1 '!L9 -> 494 | ... Q19: ='11A (N S) Sem1 '!P9 -> 0
C20: 15 | D20: F | E20: Semister 2 | F20: ='11A (N S) Sem2'!E9 -> 68 | G20: ='11A (N S) Sem2'!F9 -> 67 | H20: ='11A (N S) Sem2'!G9 -> 78 | I20: ='11A (N S) Sem2'!H9 -> 95 | J20: ='11A (N S) Sem2'!I9 -> 81 | K20: ='11A (N S) Sem2'!J9 -> 91 | L20: ='11A (N S) Sem2'!K9 -> 86 | M20: ='11A (N S) Sem2'!L9 -> 566 | ... Q20: ='11A (N S) Sem2'!P9 -> 0
C21: 15 | D21: F | E21: Average | F21: =AVERAGE(F19:F20) -> 66 | G21: =AVERAGE(G19:G20) -> 67 | H21: =AVERAGE(H19:H20) -> 72.5 | I21: =AVERAGE(I19:I20) -> 79.5 | J21: =AVERAGE(J19:J20) -> 75 | K21: =AVERAGE(K19:K20) -> 91 | L21: =AVERAGE(L19:L20) -> 79 | M21: =AVERAGE(M19:M20) -> 530 | N21: =AVERAGE(N19:N20) -> 75.714286 | O21: ='11A (N S) Avr'!$I$9 -> 37 | P21: =AVERAGE(P19:P20) -> 0 | Q21: =AVERAGE(Q19:Q20) -> 0
A22: 7 | C22: 16 | D22: F | E22: Semister 1 | F22: ='11A (N S) Sem1 '!E10 -> 70 | G22: ='11A (N S) Sem1 '!F10 -> 73 | H22: ='11A (N S) Sem1 '!G10 -> 81 | I22: ='11A (N S) Sem1 '!H10 -> 92 | J22: ='11A (N S) Sem1 '!I10 -> 92 | K22: ='11A (N S) Sem1 '!J10 -> 94 | L22: ='11A (N S) Sem1 '!K10 -> 94 | M22: ='11A (N S) Sem1 '!L10 -> 596 | ... Q22: ='11A (N S) Sem1 '!P10 -> 0
C23: 16 | D23: F | E23: Semister 2 | F23: ='11A (N S) Sem2'!E10 -> 80 | G23: ='11A (N S) Sem2'!F10 -> 77 | H23: ='11A (N S) Sem2'!G10 -> 84 | I23: ='11A (N S) Sem2'!H10 -> 95 | J23: ='11A (N S) Sem2'!I10 -> 100 | K23: ='11A (N S) Sem2'!J10 -> 95 | L23: ='11A (N S) Sem2'!K10 -> 96 | M23: ='11A (N S) Sem2'!L10 -> 627 | ... Q23: ='11A (N S) Sem2'!P10 -> 0
C24: 16 | D24: F | E24: Average | F24: =AVERAGE(F22:F23) -> 75 | G24: =AVERAGE(G22:G23) -> 75 | H24: =AVERAGE(H22:H23) -> 82.5 | I24: =AVERAGE(I22:I23) -> 93.5 | J24: =AVERAGE(J22:J23) -> 96 | K24: =AVERAGE(K22:K23) -> 94.5 | L24: =AVERAGE(L22:L23) -> 95 | M24: =AVERAGE(M22:M23) -> 611.5 | N24: =AVERAGE(N22:N23) -> 87.357143 | O24: ='11A (N S) Avr'!$I$10 -> 16 | P24: =AVERAGE(P22:P23) -> 0 | Q24: =AVERAGE(Q22:Q23) -> 0
A25: 8 | C25: 16 | D25: F | E25: Semister 1 | F25: ='11A (N S) Sem1 '!E11 -> 56 | G25: ='11A (N S) Sem1 '!F11 -> 92 | H25: ='11A (N S) Sem1 '!G11 -> 87 | I25: ='11A (N S) Sem1 '!H11 -> 91 | J25: ='11A (N S) Sem1 '!I11 -> 93 | K25: ='11A (N S) Sem1 '!J11 -> 91 | L25: ='11A (N S) Sem1 '!K11 -> 94 | M25: ='11A (N S) Sem1 '!L11 -> 604 | ... Q25: ='11A (N S) Sem1 '!P11 -> 0
C26: 16 | D26: F | E26: Semister 2 | F26: ='11A (N S) Sem2'!E11 -> 69 | G26: ='11A (N S) Sem2'!F11 -> 88 | H26: ='11A (N S) Sem2'!G11 -> 80 | I26: ='11A (N S) Sem2'!H11 -> 100 | J26: ='11A (N S) Sem2'!I11 -> 100 | K26: ='11A (N S) Sem2'!J11 -> 95 | L26: ='11A (N S) Sem2'!K11 -> 96 | M26: ='11A (N S) Sem2'!L11 -> 628 | ... Q26: ='11A (N S) Sem2'!P11 -> 0
C27: 16 | D27: F | E27: Average | F27: =AVERAGE(F25:F26) -> 62.5 | G27: =AVERAGE(G25:G26) -> 90 | H27: =AVERAGE(H25:H26) -> 83.5 | I27: =AVERAGE(I25:I26) -> 95.5 | J27: =AVERAGE(J25:J26) -> 96.5 | K27: =AVERAGE(K25:K26) -> 93 | L27: =AVERAGE(L25:L26) -> 95 | M27: =AVERAGE(M25:M26) -> 616 | N27: =AVERAGE(N25:N26) -> 88 | O27: ='11A (N S) Avr'!$I$11 -> 15 | P27: =AVERAGE(P25:P26) -> 0 | Q27: =AVERAGE(Q25:Q26) -> 0
A28: 9 | C28: 17 | D28: M | E28: Semister 1 | F28: ='11A (N S) Sem1 '!E12 -> 61 | G28: ='11A (N S) Sem1 '!F12 -> 50 | H28: ='11A (N S) Sem1 '!G12 -> 65 | I28: ='11A (N S) Sem1 '!H12 -> 66 | J28: ='11A (N S) Sem1 '!I12 -> 65 | K28: ='11A (N S) Sem1 '!J12 -> 74 | L28: ='11A (N S) Sem1 '!K12 -> 68 | M28: ='11A (N S) Sem1 '!L12 -> 449 | ... Q28: ='11A (N S) Sem1 '!P12 -> 0
C29: 17 | D29: M | E29: Semister 2 | F29: ='11A (N S) Sem2'!E12 -> 68 | G29: ='11A (N S) Sem2'!F12 -> 60 | H29: ='11A (N S) Sem2'!G12 -> 78 | I29: ='11A (N S) Sem2'!H12 -> 74 | J29: ='11A (N S) Sem2'!I12 -> 70 | K29: ='11A (N S) Sem2'!J12 -> 70 | L29: ='11A (N S) Sem2'!K12 -> 80 | M29: ='11A (N S) Sem2'!L12 -> 500 | ... Q29: ='11A (N S) Sem2'!P12 -> 0
C30: 17 | D30: M | E30: Average | F30: =AVERAGE(F28:F29) -> 64.5 | G30: =AVERAGE(G28:G29) -> 55 | H30: =AVERAGE(H28:H29) -> 71.5 | I30: =AVERAGE(I28:I29) -> 70 | J30: =AVERAGE(J28:J29) -> 67.5 | K30: =AVERAGE(K28:K29) -> 72 | L30: =AVERAGE(L28:L29) -> 74 | M30: =AVERAGE(M28:M29) -> 474.5 | N30: =AVERAGE(N28:N29) -> 67.785714 | O30: ='11A (N S) Avr'!$I$12 -> 44 | P30: =AVERAGE(P28:P29) -> 0 | Q30: =AVERAGE(Q28:Q29) -> 0
A31: 10 | C31: 16 | D31: M | E31: Semister 1 | F31: ='11A (N S) Sem1 '!E13 -> 70 | G31: ='11A (N S) Sem1 '!F13 -> 81 | H31: ='11A (N S) Sem1 '!G13 -> 69 | I31: ='11A (N S) Sem1 '!H13 -> 84 | J31: ='11A (N S) Sem1 '!I13 -> 88 | K31: ='11A (N S) Sem1 '!J13 -> 85 | L31: ='11A (N S) Sem1 '!K13 -> 78 | M31: ='11A (N S) Sem1 '!L13 -> 555 | ... Q31: ='11A (N S) Sem1 '!P13 -> 0
C32: 16 | D32: M | E32: Semister 2 | F32: ='11A (N S) Sem2'!E13 -> 67 | G32: ='11A (N S) Sem2'!F13 -> 80 | H32: ='11A (N S) Sem2'!G13 -> 74 | I32: ='11A (N S) Sem2'!H13 -> 86 | J32: ='11A (N S) Sem2'!I13 -> 89 | K32: ='11A (N S) Sem2'!J13 -> 86 | L32: ='11A (N S) Sem2'!K13 -> 96 | M32: ='11A (N S) Sem2'!L13 -> 578 | ... Q32: ='11A (N S) Sem2'!P13 -> 0
C33: 16 | D33: M | E33: Average | F33: =AVERAGE(F31:F32) -> 68.5 | G33: =AVERAGE(G31:G32) -> 80.5 | H33: =AVERAGE(H31:H32) -> 71.5 | I33: =AVERAGE(I31:I32) -> 85 | J33: =AVERAGE(J31:J32) -> 88.5 | K33: =AVERAGE(K31:K32) -> 85.5 | L33: =AVERAGE(L31:L32) -> 87 | M33: =AVERAGE(M31:M32) -> 566.5 | N33: =AVERAGE(N31:N32) -> 80.928571 | O33: ='11A (N S) Avr'!$I$13 -> 25 | P33: =AVERAGE(P31:P32) -> 0 | Q33: =AVERAGE(Q31:Q32) -> 0
A34: 11 | C34: 16 | D34: M | E34: Semister 1 | F34: ='11A (N S) Sem1 '!E14 -> 65 | G34: ='11A (N S) Sem1 '!F14 -> 95 | H34: ='11A (N S) Sem1 '!G14 -> 87 | I34: ='11A (N S) Sem1 '!H14 -> 97 | J34: ='11A (N S) Sem1 '!I14 -> 91 | K34: ='11A (N S) Sem1 '!J14 -> 95 | L34: ='11A (N S) Sem1 '!K14 -> 92 | M34: ='11A (N S) Sem1 '!L14 -> 622 | ... Q34: ='11A (N S) Sem1 '!P14 -> 0
C35: 16 | D35: M | E35: Semister 2 | F35: ='11A (N S) Sem2'!E14 -> 80 | G35: ='11A (N S) Sem2'!F14 -> 88 | H35: ='11A (N S) Sem2'!G14 -> 93 | I35: ='11A (N S) Sem2'!H14 -> 97 | J35: ='11A (N S) Sem2'!I14 -> 91 | K35: ='11A (N S) Sem2'!J14 -> 99 | L35: ='11A (N S) Sem2'!K14 -> 90 | M35: ='11A (N S) Sem2'!L14 -> 638 | ... Q35: ='11A (N S) Sem2'!P14 -> 0
C36: 16 | D36: M | E36: Average | F36: =AVERAGE(F34:F35) -> 72.5 | G36: =AVERAGE(G34:G35) -> 91.5 | H36: =AVERAGE(H34:H35) -> 90 | I36: =AVERAGE(I34:I35) -> 97 | J36: =AVERAGE(J34:J35) -> 91 | K36: =AVERAGE(K34:K35) -> 97 | L36: =AVERAGE(L34:L35) -> 91 | M36: =AVERAGE(M34:M35) -> 630 | N36: =AVERAGE(N34:N35) -> 90 | O36: ='11A (N S) Avr'!$I$14 -> 13 | P36: =AVERAGE(P34:P35) -> 0 | Q36: =AVERAGE(Q34:Q35) -> 0
A37: 12 | C37: 15 | D37: F | E37: Semister 1 | F37: ='11A (N S) Sem1 '!E15 -> 68 | G37: ='11A (N S) Sem1 '!F15 -> 68 | H37: ='11A (N S) Sem1 '!G15 -> 64 | I37: ='11A (N S) Sem1 '!H15 -> 58 | J37: ='11A (N S) Sem1 '!I15 -> 76 | K37: ='11A (N S) Sem1 '!J15 -> 83 | L37: ='11A (N S) Sem1 '!K15 -> 81 | M37: ='11A (N S) Sem1 '!L15 -> 498 | ... Q37: ='11A (N S) Sem1 '!P15 -> 0
C38: 15 | D38: F | E38: Semister 2 | F38: ='11A (N S) Sem2'!E15 -> 80 | G38: ='11A (N S) Sem2'!F15 -> 67 | H38: ='11A (N S) Sem2'!G15 -> 63 | I38: ='11A (N S) Sem2'!H15 -> 81 | J38: ='11A (N S) Sem2'!I15 -> 92 | K38: ='11A (N S) Sem2'!J15 -> 86 | L38: ='11A (N S) Sem2'!K15 -> 92 | M38: ='11A (N S) Sem2'!L15 -> 561 | ... Q38: ='11A (N S) Sem2'!P15 -> 0
C39: 15 | D39: F | E39: Average | F39: =AVERAGE(F37:F38) -> 74 | G39: =AVERAGE(G37:G38) -> 67.5 | H39: =AVERAGE(H37:H38) -> 63.5 | I39: =AVERAGE(I37:I38) -> 69.5 | J39: =AVERAGE(J37:J38) -> 84 | K39: =AVERAGE(K37:K38) -> 84.5 | L39: =AVERAGE(L37:L38) -> 86.5 | M39: =AVERAGE(M37:M38) -> 529.5 | N39: =AVERAGE(N37:N38) -> 75.642857 | O39: ='11A (N S) Avr'!$I$15 -> 38 | P39: =AVERAGE(P37:P38) -> 0 | Q39: =AVERAGE(Q37:Q38) -> 0
A40: 13 | C40: 17 | D40: F | E40: Semister 1 | F40: ='11A (N S) Sem1 '!E16 -> 70 | G40: ='11A (N S) Sem1 '!F16 -> 92 | H40: ='11A (N S) Sem1 '!G16 -> 81 | I40: ='11A (N S) Sem1 '!H16 -> 85 | J40: ='11A (N S) Sem1 '!I16 -> 76 | K40: ='11A (N S) Sem1 '!J16 -> 87 | L40: ='11A (N S) Sem1 '!K16 -> 77 | M40: ='11A (N S) Sem1 '!L16 -> 568 | ... Q40: ='11A (N S) Sem1 '!P16 -> 0
C41: 17 | D41: F | E41: Semister 2 | F41: ='11A (N S) Sem2'!E16 -> 80 | G41: ='11A (N S) Sem2'!F16 -> 81 | H41: ='11A (N S) Sem2'!G16 -> 63 | I41: ='11A (N S) Sem2'!H16 -> 88 | J41: ='11A (N S) Sem2'!I16 -> 81 | K41: ='11A (N S) Sem2'!J16 -> 94 | L41: ='11A (N S) Sem2'!K16 -> 89 | M41: ='11A (N S) Sem2'!L16 -> 576 | ... Q41: ='11A (N S) Sem2'!P16 -> 0
C42: 17 | D42: F | E42: Average | F42: =AVERAGE(F40:F41) -> 75 | G42: =AVERAGE(G40:G41) -> 86.5 | H42: =AVERAGE(H40:H41) -> 72 | I42: =AVERAGE(I40:I41) -> 86.5 | J42: =AVERAGE(J40:J41) -> 78.5 | K42: =AVERAGE(K40:K41) -> 90.5 | L42: =AVERAGE(L40:L41) -> 83 | M42: =AVERAGE(M40:M41) -> 572 | N42: =AVERAGE(N40:N41) -> 81.714286 | O42: 22 | P42: =AVERAGE(P40:P41) -> 0 | Q42: =AVERAGE(Q40:Q41) -> 0
A43: 14 | C43: 16 | D43: F | E43: Semister 1 | F43: ='11A (N S) Sem1 '!E17 -> 79 | G43: ='11A (N S) Sem1 '!F17 -> 90 | H43: ='11A (N S) Sem1 '!G17 -> 95 | I43: ='11A (N S) Sem1 '!H17 -> 95 | J43: ='11A (N S) Sem1 '!I17 -> 99 | K43: ='11A (N S) Sem1 '!J17 -> 98 | L43: ='11A (N S) Sem1 '!K17 -> 94 | M43: ='11A (N S) Sem1 '!L17 -> 650 | ... Q43: ='11A (N S) Sem1 '!P17 -> 0
C44: 16 | D44: F | E44: Semister 2 | F44: ='11A (N S) Sem2'!E17 -> 90 | G44: ='11A (N S) Sem2'!F17 -> 88 | H44: ='11A (N S) Sem2'!G17 -> 90 | I44: ='11A (N S) Sem2'!H17 -> 95 | J44: ='11A (N S) Sem2'!I17 -> 97 | K44: ='11A (N S) Sem2'!J17 -> 100 | L44: ='11A (N S) Sem2'!K17 -> 98 | M44: ='11A (N S) Sem2'!L17 -> 658 | ... Q44: ='11A (N S) Sem2'!P17 -> 0
C45: 16 | D45: F | E45: Average | F45: =AVERAGE(F43:F44) -> 84.5 | G45: =AVERAGE(G43:G44) -> 89 | H45: =AVERAGE(H43:H44) -> 92.5 | I45: =AVERAGE(I43:I44) -> 95 | J45: =AVERAGE(J43:J44) -> 98 | K45: =AVERAGE(K43:K44) -> 99 | L45: =AVERAGE(L43:L44) -> 96 | M45: =AVERAGE(M43:M44) -> 654 | N45: =AVERAGE(N43:N44) -> 93.428571 | O45: ='11A (N S) Avr'!$I$17 -> 8 | P45: =AVERAGE(P43:P44) -> 0 | Q45: =AVERAGE(Q43:Q44) -> 0
A46: 15 | C46: 17 | D46: M | E46: Semister 1 | F46: ='11A (N S) Sem1 '!E18 -> 61 | G46: ='11A (N S) Sem1 '!F18 -> 69 | H46: ='11A (N S) Sem1 '!G18 -> 59 | I46: ='11A (N S) Sem1 '!H18 -> 74 | J46: ='11A (N S) Sem1 '!I18 -> 69 | K46: ='11A (N S) Sem1 '!J18 -> 73 | L46: ='11A (N S) Sem1 '!K18 -> 61 | M46: ='11A (N S) Sem1 '!L18 -> 466 | ... Q46: ='11A (N S) Sem1 '!P18 -> 0
C47: 17 | D47: M | E47: Semister 2 | F47: ='11A (N S) Sem2'!E18 -> 54 | G47: ='11A (N S) Sem2'!F18 -> 69 | H47: ='11A (N S) Sem2'!G18 -> 66 | I47: ='11A (N S) Sem2'!H18 -> 77 | J47: ='11A (N S) Sem2'!I18 -> 80 | K47: ='11A (N S) Sem2'!J18 -> 86 | L47: ='11A (N S) Sem2'!K18 -> 80 | M47: ='11A (N S) Sem2'!L18 -> 512 | ... Q47: ='11A (N S) Sem2'!P18 -> 0
C48: 17 | D48: M | E48: Average | F48: =AVERAGE(F46:F47) -> 57.5 | G48: =AVERAGE(G46:G47) -> 69 | H48: =AVERAGE(H46:H47) -> 62.5 | I48: =AVERAGE(I46:I47) -> 75.5 | J48: =AVERAGE(J46:J47) -> 74.5 | K48: =AVERAGE(K46:K47) -> 79.5 | L48: =AVERAGE(L46:L47) -> 70.5 | M48: =AVERAGE(M46:M47) -> 489 | N48: =AVERAGE(N46:N47) -> 69.857143 | O48: ='11A (N S) Avr'!$I$18 -> 41 | P48: =AVERAGE(P46:P47) -> 0 | Q48: =AVERAGE(Q46:Q47) -> 0
A49: 16 | C49: 16 | D49: F | E49: Semister 1 | F49: ='11A (N S) Sem1 '!E19 -> 63 | G49: ='11A (N S) Sem1 '!F19 -> 80 | H49: ='11A (N S) Sem1 '!G19 -> 75 | I49: ='11A (N S) Sem1 '!H19 -> 81 | J49: ='11A (N S) Sem1 '!I19 -> 69 | K49: ='11A (N S) Sem1 '!J19 -> 85 | L49: ='11A (N S) Sem1 '!K19 -> 69 | M49: ='11A (N S) Sem1 '!L19 -> 522 | ... Q49: ='11A (N S) Sem1 '!P19 -> 0
C50: 16 | D50: F | E50: Semister 2 | F50: ='11A (N S) Sem2'!E19 -> 78 | G50: ='11A (N S) Sem2'!F19 -> 76 | H50: ='11A (N S) Sem2'!G19 -> 80 | I50: ='11A (N S) Sem2'!H19 -> 91 | J50: ='11A (N S) Sem2'!I19 -> 89 | K50: ='11A (N S) Sem2'!J19 -> 87 | L50: ='11A (N S) Sem2'!K19 -> 86 | M50: ='11A (N S) Sem2'!L19 -> 587 | ... Q50: ='11A (N S) Sem2'!P19 -> 0
C51: 16 | D51: F | E51: Average | F51: =AVERAGE(F49:F50) -> 70.5 | G51: =AVERAGE(G49:G50) -> 78 | H51: =AVERAGE(H49:H50) -> 77.5 | I51: =AVERAGE(I49:I50) -> 86 | J51: =AVERAGE(J49:J50) -> 79 | K51: =AVERAGE(K49:K50) -> 86 | L51: =AVERAGE(L49:L50) -> 77.5 | M51: =AVERAGE(M49:M50) -> 554.5 | N51: =AVERAGE(N49:N50) -> 79.214286 | O51: ='11A (N S) Avr'!$I$19 -> 29 | P51: =AVERAGE(P49:P50) -> 0 | Q51: =AVERAGE(Q49:Q50) -> 0
A52: 17 | C52: 16 | D52: M | E52: Semister 1 | F52: ='11A (N S) Sem1 '!E20 -> 85 | G52: ='11A (N S) Sem1 '!F20 -> 68 | H52: ='11A (N S) Sem1 '!G20 -> 79 | I52: ='11A (N S) Sem1 '!H20 -> 69 | J52: ='11A (N S) Sem1 '!I20 -> 73 | K52: ='11A (N S) Sem1 '!J20 -> 91 | L52: ='11A (N S) Sem1 '!K20 -> 53 | M52: ='11A (N S) Sem1 '!L20 -> 518 | ... Q52: ='11A (N S) Sem1 '!P20 -> 0
C53: 16 | D53: M | E53: Semister 2 | F53: ='11A (N S) Sem2'!E20 -> 0 | G53: ='11A (N S) Sem2'!F20 -> 0 | H53: ='11A (N S) Sem2'!G20 -> 0 | I53: ='11A (N S) Sem2'!H20 -> 0 | J53: ='11A (N S) Sem2'!I20 -> 0 | K53: ='11A (N S) Sem2'!J20 -> 0 | L53: ='11A (N S) Sem2'!K20 -> 0 | M53: ='11A (N S) Sem2'!L20 -> 0 | ... Q53: ='11A (N S) Sem2'!P20 -> 0
C54: 16 | D54: M | E54: Average | F54: =AVERAGE(F52:F53) -> 42.5 | G54: =AVERAGE(G52:G53) -> 34 | H54: =AVERAGE(H52:H53) -> 39.5 | I54: =AVERAGE(I52:I53) -> 34.5 | J54: =AVERAGE(J52:J53) -> 36.5 | K54: =AVERAGE(K52:K53) -> 45.5 | L54: =AVERAGE(L52:L53) -> 26.5 | M54: =AVERAGE(M52:M53) -> 259 | N54: =AVERAGE(N52:N53) -> 37 | O54: ='11A (N S) Avr'!$I$20 -> 49 | P54: =AVERAGE(P52:P53) -> 0 | Q54: =AVERAGE(Q52:Q53) -> 0
A55: 18 | C55: 17 | D55: M | E55: Semister 1 | F55: ='11A (N S) Sem1 '!E21 -> 77 | G55: ='11A (N S) Sem1 '!F21 -> 79 | H55: ='11A (N S) Sem1 '!G21 -> 66 | I55: ='11A (N S) Sem1 '!H21 -> 81 | J55: ='11A (N S) Sem1 '!I21 -> 75 | K55: ='11A (N S) Sem1 '!J21 -> 88 | L55: ='11A (N S) Sem1 '!K21 -> 74 | M55: ='11A (N S) Sem1 '!L21 -> 540 | ... Q55: ='11A (N S) Sem1 '!P21 -> 0
C56: 17 | D56: M | E56: Semister 2 | F56: ='11A (N S) Sem2'!E21 -> 75 | G56: ='11A (N S) Sem2'!F21 -> 83 | H56: ='11A (N S) Sem2'!G21 -> 73 | I56: ='11A (N S) Sem2'!H21 -> 91 | J56: ='11A (N S) Sem2'!I21 -> 82 | K56: ='11A (N S) Sem2'!J21 -> 97 | L56: ='11A (N S) Sem2'!K21 -> 93 | M56: ='11A (N S) Sem2'!L21 -> 594 | ... Q56: ='11A (N S) Sem2'!P21 -> 0
C57: 17 | D57: M | E57: Average | F57: =AVERAGE(F55:F56) -> 76 | G57: =AVERAGE(G55:G56) -> 81 | H57: =AVERAGE(H55:H56) -> 69.5 | I57: =AVERAGE(I55:I56) -> 86 | J57: =AVERAGE(J55:J56) -> 78.5 | K57: =AVERAGE(K55:K56) -> 92.5 | L57: =AVERAGE(L55:L56) -> 83.5 | M57: =AVERAGE(M55:M56) -> 567 | N57: =AVERAGE(N55:N56) -> 81 | O57: ='11A (N S) Avr'!$I$21 -> 24 | P57: =AVERAGE(P55:P56) -> 0 | Q57: =AVERAGE(Q55:Q56) -> 0
A58: 19 | C58: 16 | D58: F | E58: Semister 1 | F58: ='11A (N S) Sem1 '!E22 -> 75 | G58: ='11A (N S) Sem1 '!F22 -> 73 | H58: ='11A (N S) Sem1 '!G22 -> 67 | I58: ='11A (N S) Sem1 '!H22 -> 77 | J58: ='11A (N S) Sem1 '!I22 -> 76 | K58: ='11A (N S) Sem1 '!J22 -> 85 | L58: ='11A (N S) Sem1 '!K22 -> 78 | M58: ='11A (N S) Sem1 '!L22 -> 531 | ... Q58: ='11A (N S) Sem1 '!P22 -> 0
C59: 16 | D59: F | E59: Semister 2 | F59: ='11A (N S) Sem2'!E22 -> 85 | G59: ='11A (N S) Sem2'!F22 -> 69 | H59: ='11A (N S) Sem2'!G22 -> 78 | I59: ='11A (N S) Sem2'!H22 -> 80 | J59: ='11A (N S) Sem2'!I22 -> 85 | K59: ='11A (N S) Sem2'!J22 -> 89 | L59: ='11A (N S) Sem2'!K22 -> 88 | M59: ='11A (N S) Sem2'!L22 -> 574 | ... Q59: ='11A (N S) Sem2'!P22 -> 0
C60: 16 | D60: F | E60: Average | F60: =AVERAGE(F58:F59) -> 80 | G60: =AVERAGE(G58:G59) -> 71 | H60: =AVERAGE(H58:H59) -> 72.5 | I60: =AVERAGE(I58:I59) -> 78.5 | J60: =AVERAGE(J58:J59) -> 80.5 | K60: =AVERAGE(K58:K59) -> 87 | L60: =AVERAGE(L58:L59) -> 83 | M60: =AVERAGE(M58:M59) -> 552.5 | N60: =AVERAGE(N58:N59) -> 78.928571 | O60: ='11A (N S) Avr'!$I$22 -> 31 | P60: =AVERAGE(P58:P59) -> 0 | Q60: =AVERAGE(Q58:Q59) -> 0
